project_id,llm_primary,llm_secondary,confidence,rule_id,evidence_text,llm_run_at
001516b8-3a51-21c0-90a2-6cb509b6f6db,federal_program,,high,T5_llm,"Notice of Proposed Rulemaking for Energy Conservation Standards for Certain Reflector, Elliptical Reflector, and Bulged Reflector Incandescent Reflector Lamps (RIN: 1904-AC15) [""Proposed Action Description:\nIn this NOPR, DOE proposes to adopt new standards for the large diameter Incandescent Reflec",2026-07-21T02:07:50.558196+00:00
010108c1-19cc-f7f9-e30d-c397beec16b7,unknown,,low,T5_llm,"Novel Temperature Sensors and Wireless Telemetry for Active Condition Monitoring [""Brief Description of Activities: The objective of the PHASE 2 program is to develop and engine test hardware and software technologies that will enable active condition monitoring to be implemented on hot gas path tur",2026-07-21T02:07:52.947165+00:00
02dc149f73635659c010b14d39cca434,federal_funding,,high,T5_llm,"Public Law 111-5, 123 Stat. 115), the U.S. Department of Energy’s (DOE’s or the 
Department’s) National Energy Technology Laboratory (NETL), on behalf of the Office of 
Energy Efficiency and Renewable Energy’s Industrial Technologies Program, is providing up to 
$156 million in federal funding for c",2026-07-21T02:07:55.443983+00:00
0329440d-ef4a-ec11-870a-77f297b921f1,federal_land,federal_permit,high,T5_llm,"Xcel Energy W3477 Electric Line Rebuild [""**Proposal and Need for the Proposal**\nXcel Energy is rebuilding about forty miles of 69 kV transmission line from Prentice to Medford within their existing easement limits on private land and within the Chequamegon-Nicolet National Forest (CNNF). Xcel has ",2026-07-21T02:07:57.897271+00:00
0356ba3719558c4b981910b6ff1b6aaa,federal_direct_action,federal_permit,medium,T5_llm,"rface water regulations, including the Clean Water Act (CWA), Safe Drinking Water Act 
(SDWA), and the Rivers and Harbors Act, focus on rights to water usage and the protection of water 
quality. The CWA protects surface water quality, and Section 402 of the CWA establishes the 
National Pollutant D",2026-07-21T02:08:01.787910+00:00
03636948f5403e1791c6836a9bd81903,federal_property_transaction,federal_land,high,T5_llm,"e Keno 
Transfer is a transfer of title for the Keno Facility from PacifiCorp to the Bureau of 
Reclamation.  This transfer would not result in the generation of new environmental 
justice effects impacts compared with existing facility operations.  Following transfer of 
title, Bureau of Reclamatio",2026-07-21T02:08:04.863135+00:00
038b58fd-5c5d-2a58-00d9-725d4b12fbd0,federal_land,federal_direct_action,high,T5_llm,"SLAC Main Gate – Site Security and Access Improvement (SS-SC-23-01) [""Proposed Action Description:\nRedesign of SLAC's main entrance to enhance safety and meet new security needs, including demolition of existing main gate guardhouse\n(B083), construction of a new 225 sq. ft. steel-frame building on",2026-07-21T02:08:07.003694+00:00
03f75c6948b611ee474defbde4d6e8bd,federal_land,federal_permit,high,T5_llm,"United States Marine Corps Grow the Force at Marine Corps Base Camp Lejeune, Marine Corps Air Station New River and Marine Corps Air Station Cherry Point, North Carolina . Development activities have the potential to directly and/or indirectly affect aquatic habitats, wetlands, water quality associa",2026-07-21T02:08:09.571010+00:00
04617e62e013bf56d25d36e15b34d391,federal_permit,federal_land,high,T5_llm,"Sunrise Wind Project for the Proposed Action In Executive Order 14008, Tackling the Climate Crisis at Home and Abroad, issued January 27, 2021, President Biden stated that it is the policy of the United States “to organize and deploy the full capacity of its agencies to combat the climate crisis to ",2026-07-21T02:08:12.336005+00:00
04d484228acc3cc26324e7e8b45fb57a,unknown,,low,T5_llm,Arkansas River Navigation Study,2026-07-21T02:08:16.026774+00:00
04e48616bb4014bf6fd752128eca6ac8,federal_direct_action,federal_permit,medium,T5_llm,"ic substations, but due to the spacing of electrical equipment, measured 
field strengths are generally low and below recommended standards outside the fence line of the 
substation. Electrical fields near substations are mainly produced by the entering and exiting 
power lines (Western Area Power A",2026-07-21T02:08:18.686952+00:00
0573e1b2-41dd-115e-14e2-86f352ba885b,federal_funding,,high,T5_llm,"Retrofit for Traffic Signals [""Proposed Action or Project Description: The City of Fairmont's strategy focuses on one EECBG project activity: 5) the \""Energy Efficient Retrofits\"" as described by the EECBG Program. The EECBG project activity will support the City's efforts to obtain greater energy e",2026-07-21T02:08:20.702699+00:00
05de6480-3568-656d-d89c-d0c5eda5b05a,federal_funding,,high,T5_llm,"City of Panama City Lighting Replacement Program [""Proposed Action or Project Description: The City has already converted its traffic signals to LEDs. Since then the City has explored various other lighting options to reduce to energy\nconsumption and costs. The City will utilize the EECBG funds to ",2026-07-21T02:08:22.678273+00:00
06ba6f99b486baaf81574849c0524509,federal_direct_action,federal_funding,high,T5_llm,"eet deep 
by 125 feet wide. The GIWW West Matagorda Bay section (channel mile 454 to 473) is proposed to be rerouted 
from its original course to one farther north for safety and maneuverability. Dredging activities for the Matagorda 
Bay reroute have not started and are pending Federal funding (USA",2026-07-21T02:08:25.117751+00:00
07044d23-88d3-aca0-7666-e394b47d787b,federal_program,,high,T5_llm,"Notice of Proposed Rulemaking (NOPR) for Energy Conservation Standards for Commercial Refrigeration Equipment [""Proposed Action Description:\nDOE proposes to adopt amended energy conservation standards for commercial refrigeration equipment. The proposed standards consist of\nmaximum daily energy co",2026-07-21T02:08:27.088775+00:00
07c1c85d-2764-a863-a61f-1dc1a8ca4d85,unknown,,low,T5_llm,"Geological Sequestration Fundamental Research [""Brief Description of Activities: The main research activities included in this project are measurements of visible/infrared/Raman spectra of solid geological materials exposed to various gases/fluids to identify sorption products, manometric quantifica",2026-07-21T02:08:29.101939+00:00
08136f95edbbccf4220578f4e2861a99,unknown,,low,T5_llm,"pment within the corridor, and to serve as a means of obtaining 
necessary funds while producing a coherent vision for the future. 
 
The concept of the corridor is to broaden the economic base of the region by developing a 
diversified development strategy and to integrate past federal facility-rel",2026-07-21T02:08:31.793154+00:00
08cbf879-3e74-32af-964b-5bc0d96e326b,federal_direct_action,,low,T5_llm,"Catalyst Science and Engineering Laboratory (CSEL) [""Brief Description of Activities: The CSEL is a flexible, multi-user facility for developing materials used in catalysis, chemical looping combustion, CO2 adsorbents/absorbents, H2 generation, gas cleanup, and solid oxide fuel cells.""]",2026-07-21T02:08:35.349077+00:00
090f51c6208da9db8f92d57923bcedd2,federal_land,federal_permit,high,T5_llm,"CB-97-432 
1997/664 
Smoky Canyon Panel B Exploration, Caribou 
National Forest. 
Robertson, Mary 
(USFS) 
1997 
CB-97-434 
1997/851 
Simplot Smoky Canyon Phosphate 
Exploration BLM Report. BLM, Idaho Falls 
District. 
Cresswell, Lisa (BLM) 
1997 
ID-030-97-8 
1998/58 
Hartman Land Exchange. BLM, Id",2026-07-21T02:08:38.656615+00:00
0937f67244dd987d646b6998b0458635,unknown,,low,T5_llm,BP Solar Array Project .................................................................................................... 12 4.0,2026-07-21T02:08:40.905003+00:00
095ab6dc0bb2de0eee475fe6be35604e,federal_land,federal_direct_action,medium,T5_llm,"Operation of a Biosafety Level 3 Facility at Los Alamos National Laboratory, Los Alamos, New Mexico . Rating LO.",2026-07-21T02:08:42.880982+00:00
096ef692684b8e9cbf01b629b77f96b6,federal_land,,high,T5_llm,"Hagerman Fossil Beds National Monument, Twin Falls and Gooding Counties, Idaho",2026-07-21T02:08:44.489417+00:00
097c30bab093a156e3865cdae2a6b9ad,federal_land,federal_direct_action,medium,T5_llm,Willamette Valley System Operations and Maintenance,2026-07-21T02:08:46.640263+00:00
09fc641e5ddea57d2d345c5485f8bb70,federal_direct_action,federal_program,high,T5_llm,"quest was modeled; 
• 
Glades and Bear Creek reservoirs were deleted from the model network in response to public 
comments and new information (Bear Creek Reservoir was proposed near the Chattahoochee 
River in south Fulton County downstream from Metro Atlanta with a pending DA permit 
application ",2026-07-21T02:08:49.611206+00:00
0a568aa48b06cfca61780228179551b7,federal_funding,federal_land,medium,T5_llm,"for a utility-scale solar 
project.  The work to be performed by RCI was to be compliant with BIA regulations and the 
terms of the U.S. Department of Energy (DOE) Assessing the Feasibility of Renewable Energy 
Development and Energy Efficiency Deployment on Tribal Lands (AFRED) grant funding 
oppor",2026-07-21T02:08:52.781891+00:00
0ac7f2d7-f666-7578-ebb0-b90bdd992334,federal_funding,federal_permit,high,T5_llm,"proposed action would likely be rione to minimal.
Conclusion:
Based on the above information, consultations with the National Marine Fisheries Service, and the project's direct
connection with the NWEI WEC device testing project (EE0006056), DOE has determined that this project is
consistent with ac",2026-07-21T02:08:55.252763+00:00
0ad5675fc448d7f80a6fad72089f03b7,federal_direct_action,federal_land,medium,T5_llm,"L-Reactor Operation, Savannah River Plant Aiken, South Carolina",2026-07-21T02:08:58.107426+00:00
0bff6aa6097e345867777ae062b3ded7,federal_land,federal_permit,high,T5_llm,"Shu1uuk Wind Project, Campo Indian Reservation, San Diego County, California",2026-07-21T02:09:00.567304+00:00
0c3d63979201d57ca792f2bf380b8538,federal_permit,federal_land,high,T5_llm,"jects-to-create-jobs/. 


 
Introduction 
1-9 
DOI | BOEM 
 
The U.S. Army Corps of Engineers (USACE) Philadelphia District received requests for authorization of 
a permit action to be undertaken through authority delegated to the District Engineer by 33 CFR 325.8, 
pursuant to Section 10 of the Ri",2026-07-21T02:09:03.433715+00:00
0c4ce2c444b0864b4674c527762d6fd3,federal_land,federal_permit,high,T5_llm,"ces of the Outer Continental Shelf; 
(E) coordination with relevant Federal agencies; 
(F) protection of national security interests of the United States; 
(G) protection of correlative rights in the outer Continental Shelf; 
(H) a fair return to the United States for any lease, easement, or right-o",2026-07-21T02:09:06.813282+00:00
0d13e6e2-127f-2bb6-1bc9-33c49742c134,unknown,,low,T5_llm,"Evaluation of High Capacity Cells for EV Applications [""Brief Description of Proposed Action: The objective of the work is to make Li-ion cells and evaluate their performance.""]",2026-07-21T02:09:09.270283+00:00
0d8afe51655930bc8ac03e8f32e4fb62,federal_permit,,high,T5_llm,"Relicensing the York Haven, Muddy Run, and Conowingo Projects, FERC Project Nos. 1888-030, 2355-018, and 405-106",2026-07-21T02:09:12.239744+00:00
0dcff6392f65818866e2cccad4f04007,federal_permit,,high,T5_llm,"Proposed Action and conduct public scoping (79 Federal Register 
50901).  The NOI explained that the DOE would prepare an EIS to assess the potential environmental 
effects of its Proposed Action to grant a Presidential permit to TDI-NE to construct, operate, maintain, 
and connect a new electric tr",2026-07-21T02:09:14.581993+00:00
0f3eb3c6-d9d3-ccf4-8fa1-b9f4a524d019,federal_direct_action,,medium,T5_llm,"Building 922 Ice Melt/Heat Trace Project [""Brief Description of Proposed Action: Installation of heat trace in the east gutters and downspouts of Building 922 to prevent ice and water damage during the winter.""]",2026-07-21T02:09:16.745720+00:00
0f8656da6a74851cab7f38a430379261,federal_permit,federal_property_transaction,medium,T5_llm,"– not applicable. 
•
Sun Metro Transit Asset Management Plan (TAM) FY 2023-2026 - All transit agencies are
required to develop and implement a TAM plan that serves as a guide for operations and maintains
capital assets in its efforts to provide public transportation and received federal financial as",2026-07-21T02:09:20.225640+00:00
0f99ccf3386113d1ce1230d9789f17d8,federal_program,,medium,T5_llm,Energy Efficiency Standards for New Federal Commercial and Multi-Family High-Rise Residential Buildings FOR AGENCY ACTION ................................................... 8 2,2026-07-21T02:09:22.669887+00:00
0fcbcb312531db19c9ddc05b17f2f0e7,federal_funding,federal_permit,high,T5_llm,"Background 
Under the Energy Policy Act (EPAct) of 2005, the U.S. Congress directed the U.S. 
Department of Energy (DOE) to carry out a program to demonstrate the commercial 
application of integrated biorefineries for the production of ethanol from lignocellulosic 
feedstocks. Federal funding for c",2026-07-21T02:09:25.446776+00:00
108bcfb9-01b0-984a-0a41-05dfae4cf753,federal_land,,high,T5_llm,"Nevada Desert Research Center (NV Desert FACE and Mojave Global Change Facilities) [""Proposed Action Description\nThe Desert Research Institute (DRI), University of Nevada, Las Vegas (UNLV), and University of Nevada, Reno (UNR) jointly conduct ecological and climate change research at the Nevada Nat",2026-07-21T02:09:27.805928+00:00
115c30ebb825bebb76c359fd95c535fe,unknown,,low,T5_llm,Kalina Geothermal Demonstration Project,2026-07-21T02:09:30.387986+00:00
11db7405-0f6a-2ee6-ed36-25ca9287c10a,federal_direct_action,federal_program,medium,T5_llm,"Solar Decathlon 2013; NREL Tracking Number 12-016 [""Rational for determination:\nBACKGROUND\nThe U.S. Department of Energy (DOE) 2013 Solar Decathlon (Solar Decathlon) challenges 20 collegiate teams to design, build, and operate solar-powered houses that are cost-effective, energy-efficient, and att",2026-07-21T02:09:32.760216+00:00
122ad6478673dd87a8ce38dd48df2481,federal_program,,high,T5_llm,Energy Efficiency Standards for New Federal Low-Rise Residential Buildings’ Baseline Standards Update ............................................................................................................. 4 1.4 Public Participation and Agency Consultation......................................,2026-07-21T02:09:36.612041+00:00
124b290647fc0cd2afa7a7c1cd851a07,federal_land,federal_property_transaction,high,T5_llm,"e conditions would continue under the No Action 
Alternative. 
2.6.1.4 
OMC 
The facilities, parking, traffic, and security conditions at the OMC under the No Action Alternative 
are described below. 
Facilities 
The OMC consists of lands that were part of the former Fort Ord, a military installatio",2026-07-21T02:09:39.886151+00:00
1526ada507540ce206a9bf39d546ed1c,federal_permit,,high,T5_llm,"in accordance with our authorities and responsibilities 
under the National Environmental Policy Act (NEPA) and Section 309 of the Clean Air Act.  
The draft EIS has been prepared by the Federal Energy Regulatory Commission (FERC) in 
response to an application by PacifiCorp to relicense their exist",2026-07-21T02:09:42.862750+00:00
1581f96cbbb8f56df34484f1ad5029e9,federal_permit,federal_funding,medium,T5_llm,"oute in the Hudson River.  
Therefore, impacts on vessels or vessel anchors from use of concrete mats would be expected to be 
minimal.  In the event that an anchor snag should occur, the vessel crew would notify the USCG and the 


Final Champlain Hudson Power Express EIS 
U.S. Department of Energy",2026-07-21T02:09:45.723763+00:00
15c76d798916d79753b34984e6f19179,federal_direct_action,federal_property_transaction,medium,T5_llm,Future Location of Heat Source/Radioisotope Power System: Assembly and Test Operations Currently Located at the Mound Site,2026-07-21T02:09:48.284934+00:00
161a185f-554d-ac3c-cf2f-cd655b434007,federal_funding,federal_property_transaction,high,T5_llm,"GSA Region 7 Campus Building Microgrid [""Rationale for determination:\nThe U.S. Department of Energy (DOE) is proposing to provide funding to the General Services Administration (GSA) to design, install, and commission microgrid controls and a 250kW battery energy storage system (BESS) at the GSA Re",2026-07-21T02:09:50.474279+00:00
162a7ef9868c583ccb859e1883cb1527,federal_land,federal_permit,high,T5_llm,"on measures included in the 
PA/EIS/EIR.  
CDFW also has the authority to regulate potential impacts to species that are protected under the 
California Endangered Species Act (CESA) (Fish and Game Code §2050, et seq.). If appropriate, 
the Applicant would be required to file an Incidental Take Perm",2026-07-21T02:09:53.319957+00:00
16c7bae9146be1b5b821a192a87a2220,federal_permit,federal_property_transaction,medium,T5_llm,Authorizing the Puerto Rico Electric Power Authority (PREPA) to Allow Public Access to the Boiling Nuclear Superheat (BONUS) Reactor Building for Action 10,2026-07-21T02:09:55.947405+00:00
17d43bcfe062e6828aa07f5f39758034,federal_direct_action,federal_land,high,T5_llm,"Waste Policy Act of 
1982, as amended]. 
Mixed waste. Waste that contains both source, special nuclear, or by-product material subject to the Atomic 
Energy Act of 1954, as amended, and a hazardous component subject to the Resource Conservation and 
Recovery Act. [Adapted from: Federal Facility Comp",2026-07-21T02:09:58.263752+00:00
17f8f470-481e-f68c-2212-7ace92ae8d55,federal_direct_action,federal_permit,medium,T5_llm,"Big Hill Potable Water Service [""Description: The Trinity Bay Conservation District (TBCD), Anahuac, Texas, shall supply the monthly potable water service to the Big Hill Strategic Petroleum Reserve (SPR) site for a period of ten (10) years.\n\nThe TBCD public water system supplying water to the Big",2026-07-21T02:10:01.494957+00:00
182c5b2d-9e4f-ad2d-f826-a44cdbba0cc3,unknown,,low,T5_llm,"Advanced Prelithiation and Lithium Anode Manufacturing Facility [""Description:\nB5.15 Small-scale renewable energy research and development and pilot projects: Small-scale renewable energy research and development projects and small-scale pilot projects, provided that the projects are located within",2026-07-21T02:10:04.365258+00:00
184cf23174a3558a9b47bb29b6adac3d,federal_permit,federal_direct_action,high,T5_llm,"s in Sequim Bay 
and the Strait of Juan de Fuca 
5-3 
• Laura Watson, Washington State Department of Ecology  
• Vince McGowan, Washington State Department of Ecology  
• Fran Sant, Washington State Department of Ecology  
• Joe Thomas, Washington State Department of Ecology  
• SEPA Mailbox, Washin",2026-07-21T02:10:06.923593+00:00
19254ac4b58e4464d99b301a79a275a3,federal_permit,,high,T5_llm,"proposed action by the Department of Energy is 
the granting of a 
Presidential 
Permit for the construction, 
connection, 
operation, 
and maintenance of 69.6 kilometers (44 miles) 
of a +250 to +325 
and -250 to -325 kilovolt (250-325 kV) 
transmission facility from 
the Erie West Substation to 
t",2026-07-21T02:10:09.683529+00:00
196dac2192e3e84d837e902755217a90,unknown,,low,T5_llm,"der, Senior Vice President of Manufacturing 
Bill Mervine, Director of Plant Engineering 
John Gregory, Senior Process Engineer 


KOREPlex Facility Environmental Assessment
References 
Page 41 
6.0 
REFERENCES 
Arizona Department of Transportation. 2021a. Interstate 11 Corridor Tier 1 Environmental",2026-07-21T02:10:12.246116+00:00
1997aece8cad14451dcd3ab19bf56f1d,unknown,,low,T5_llm_error,"tigating the possibility of developing a 6000MW phased wind energy 
project in portions of 
Hyde, Hand, Buffalo, and Jerauld counties. Specific information about this 
possible future project is not yet available. 
4.16.1.2 Proposed NextGen Project 
Basin Electric bas applied to Western for intercon",
199a6995-c825-0868-2f74-04361c2ca27b,federal_funding,,medium,T5_llm,"Internal Short Circuits in Lithium-ion Cells for PHEV [""Brief Description of Proposed Action: Develop model that quantitatively characterizes the threshold parameters for internal short-circuit-induced thermal runaway.""]",2026-07-21T02:10:19.109935+00:00
1a8874d4bcc312110c881253551fe82b,federal_permit,federal_land,high,T5_llm,"this Final EIS and are incorporated in 
their entirety by reference. 
• 
Final Programmatic Environmental Impact Statement for Alternative Energy Development and 
Production and Alternate Use of Facilities on the Outer Continental Shelf, OCS EIS/EA MMS 2007-046 
(MMS 2007)—This programmatic EIS exam",2026-07-21T02:10:21.684548+00:00
1aa31374-1092-70f1-5de2-f830b0f3340d,federal_land,federal_permit,high,T5_llm,"Bicknell Town Culinary Water Upgrade (Amendment and Renewal) [""**Description of Proposed Action:** On July 14, 2021, The Bureau of Land Management (BLM), Richfield Field Office (RFO) received Standard Form 299, Application for Utility Systems on Federal Lands, from Bicknell Town. The application req",2026-07-21T02:10:24.328965+00:00
1acfc0d8-adcc-8183-9d6c-51184333c4a0,federal_funding,,high,T5_llm,"cost share.
Note to Specialist :
None Given.
SIGNATURE OF THIS MEMORANDUM CONSTITUTES A RECORD OF THIS DECISION.
NEPA Compliance Officer Signature:
NEPA Compliance Officer
Date: 8/23/10
FIELD OFFICE MANAGER DETERMINATION
[ ] Field Office Manager revie required
NCO REQUESTS THE FIELD OFFICE MANAGER R",2026-07-21T02:10:27.300146+00:00
1aed71770f3135349f6d6036efdf8cbe,federal_permit,,high,T5_llm,"the 
final Environmental Impact Statement (EIS) for the proposed C.J. Strike Project, 
Idaho (CEQ EIS No. 020448) in accordance with our authorities and responsibilities 
under the National Environmental Policy Act (NEPA) and Section 309 of the Clean 
Air Act.  The EIS has been prepared by the Feder",2026-07-21T02:10:29.552456+00:00
1bfe0bc7-c0c6-eb67-b761-aeb3df6cfeb0,federal_funding,,high,T5_llm,"EE Retrofits [""Proposed Action Description: The city proposes to replace the HVAC unit at city hall with a more efficient one. City Hall is not on the historic register.""]",2026-07-21T02:10:31.757177+00:00
1c2b8cc1484c40f793104e081f0321b2,federal_direct_action,federal_land,high,T5_llm,"onal Forest 
Service. October 30, 1999. 
DOE 2004 
Department of Energy, Recommendations for the Preparation of 
Environmental Assessments and Environmental Impact Statements, 
Second Edison, Office of NEPA Policy and Compliance, December 
2004. 
DOE 2008  
Department of Energy, Site-Wide Environmen",2026-07-21T02:10:34.260327+00:00
1c2d4683f4b2ac4c6ee61a63b8d6873d,unknown,,low,T5_llm,Project Icebreaker ............................................................................................................................. 16 5.2 Foundation Recommendations ......................................................................................................... 16 5.2.1 Transf,2026-07-21T02:10:36.509091+00:00
1c93261a555a4c6d3046f7739cd58279,unknown,,low,T5_llm,Energy Conservation Standards for Manufactured Housing and Request for Information on Impacts to Indoor Air Quality ............................................................................................................. 6 1.4 Public Participation and Agency Consultation........................,2026-07-21T02:10:39.279958+00:00
1d680cd4608ff3e730ec22f9980e31b3,federal_permit,federal_direct_action,high,T5_llm,"proposed 
action and the range of reasonable alternatives, including the No Action alternative. Under the No Action alternative, 
the Presidential permit would not be granted, and the proposed transmission line would not cross the U.S.-Canada 
border.  
 
DOE will use the EIS to ensure that it has t",2026-07-21T02:10:42.549087+00:00
1d9227a8-e114-11e2-b2ca-9931d999521a,federal_funding,,medium,T5_llm,"Energy Retrofits [""Proposed Action Description:\nWest Warwick will install flat solar panels and new hot water tanks in two schools, They will also install solar street lights at the school parking lot.""]",2026-07-21T02:10:45.932023+00:00
1db1f3dafa058761c76e3f3827fe551b,federal_program,federal_funding,medium,T5_llm,"ities . 
Many S tates , however ,  
may be unwi l l ing or unable to find adequate revenues 
for the ir listing and enforcement programs . 
Inadequate 
funding wi l l  aggravate the sa fe ty and e ffec tiveness 
problems aris ing from the improper ins tallation o f  
measures . 
Federal funding woul",2026-07-21T02:10:48.907815+00:00
1deed58918bd8ec3c64e0cac9cce8ac7,federal_direct_action,federal_land,medium,T5_llm,"n Historic Preservation (ACHP) and SHPO pursuant to the regulations (36 CFR
 Pt. 800) implementing Section 106 of the National Preservation Act (16 U.S.C
 470). Consequently, DOE, ACHP, and SHPO negotiated a Programmatic Agreement
 (see Appendix A). The agreement stipulated that DOE would develop an",2026-07-21T02:10:52.904425+00:00
1f05d3f8-a365-a447-9abd-bf04441735f8,federal_land,federal_permit,high,T5_llm,"Xcel Energy Pole Replacement NGLVC [""Proposal\nNorthern States Power Company, dba Xcel Energy, requested to upgrade their transmission line infrastructure within their existing permitted area. The existing single-circuit 34.5kV line was installed in this location in 2013 under Amendment 3 of permit ",2026-07-21T02:10:55.725843+00:00
1f67f033948c2ec7d497561e7bb94e03,federal_funding,,high,T5_llm,"ite preparation and construction could result in stormwater runoff and soil erosion. Runoff 
during construction would be regulated and controlled under a National Pollutant Discharge 
Elimination System stormwater construction permit and a stormwater pollution prevention plan. 
DOE/EA-1752 
51 
 

",2026-07-21T02:10:58.034696+00:00
2063b591-b829-d8c2-c98f-569fa93acd53,federal_land,,high,T5_llm,"Demolition of Building 9201-05 Annex [""Proposed Action Description:\nThe proposed action is to demolish Building 9201-05 annex.\nThe 9201-05 annex was constructed in 1987 and comprises approximately 800 sq. ft. The building has a flat roof, two roll up doors, and a door that connects to an adjacent ",2026-07-21T02:11:00.678159+00:00
20904d73-5e2f-73d3-a8b4-dfc2cb6a8790,unknown,,low,T5_llm,"183-2C Removal of Switchgear Cubicle [""Project Description: The proposed decommissioning end-state for this project is to remove and demolish portions of the switchgear, (cubicles 1&2), from the 183-2C substation and relocate cubicle #3. The breakers from cubicle #3 will be salvaged and turned over ",2026-07-21T02:11:02.582604+00:00
20ed166d-4c61-9a79-9ffe-cb24cad6da73,federal_permit,federal_land,medium,T5_llm,"BC Potable Water Service [""Description: The Iberville Parish Utility Department, Plaquemine, Louisiana shall supply the monthly potable water service to the Bayou Choctaw Strategic Petroleum Reserve (SPR) site for a period not to exceed ten (10) years from January 1, 2021 through December 31, 2031.\",2026-07-21T02:11:05.186439+00:00
21e1c7269bb39b1fc219e06b574f9c2d,federal_land,federal_permit,high,T5_llm,"nd Wildlife Service 
Memorandum of Understanding  
The BLM entered into an MOU with the USFWS dated April 12, 2010, to identify and implement 
strategies that promote conservation of migratory birds and to avoid or minimize adverse impacts on 
migratory birds. Under the MOU, the BLM, in coordination",2026-07-21T02:11:07.481155+00:00
222ec0606ebae226c295bc8b865acfc2,federal_permit,,high,T5_llm,".  “Federal actions to address environmental justice in 
28 
minority populations and low-income populations.”  Federal Register 59(32):7629–7634.  
29 
February 11, 1994.  
30 
82 FR 15643.  U.S. Nuclear Regulatory Commission.  “Non-Power Production or Utilization 
31 
Facility License Renewal.”  F",2026-07-21T02:11:10.176264+00:00
22975476864a6a6aa61129304adfb636,federal_land,federal_program,high,T5_llm,"FR
3100, 3200, and 3500.
Mineral material sales in Classes L, M, and I will be
processed under 43 CFR 23 and 3600. In addition, in
Class L, only existing extraction areas can be used. If a
new extraction area in Class L larger than 5 acres is
required, then it will be handled as programmatic EIS
cov",2026-07-21T02:11:13.071130+00:00
239e2ea13dc1b1784df122a9f2c4bf56,federal_permit,,high,T5_llm,"DRAFT ENVIRONMENTAL IMPACT STATEMENT FOR HYDROPOWER LICENSES 
Wilder Hydroelectric Project; Project No. 1892-030—VT/NH 
Bellows Falls Hydroelectric Project; Project No. 1855-050—VT/NH 
Vernon Hydroelectric Project; Project No. 1904-078—VT/NH 
Federal Energy Regulatory Commission 
Office of Energy Pr",2026-07-21T02:11:16.158983+00:00
242274dc-32a0-13c6-3bb2-68d775b483ed,federal_land,federal_permit,high,T5_llm,"Water & Sewer Utilities Modernization [""Description of Proposed Action\nThis project involves the replacement of underground water mains (canal water and domestic water) between Outer Circle Dr. and Rock Rd. along the entire length of Southwood Dr., and from Water Tower #42 on Eastwood Dr. to the 90",2026-07-21T02:11:18.985194+00:00
243e575a2298850cd81742f97d130680,unknown,,low,T5_llm,Solar Technology Center .................................................................................................................................2 1.3 Scoping......................................................................................................................................,2026-07-21T02:11:21.078202+00:00
24735117ac41fa75e2516f87d5dc2f14,federal_permit,,high,T5_llm,"proposed action of granting a 
Presidential permit to BHE, issued a 
ROD on January 18, 1996 (61 FR 2244), 
and, on January 22, 1996, issued 
Presidential Permit PP–89 to BHE for 
construction of the proposed 
transmission line along a route 
identified as the Stud Mill Road Route 
in the 1995 EIS. ",2026-07-21T02:11:24.436973+00:00
254ad68afda1fc93ba433a441c2351d7,unknown,,low,T5_llm_error,"of the Record of Decision (ROD).  
1.4 Relevant Existing NEPA and Consulting Documents 
BOEM used the following previously prepared NEPA and consulting documents to inform preparation of 
this Draft EIS; these documents are incorporated by reference where appropriate:  
• 
Final Programmatic Environ",
259d10d9-91bf-6867-30b0-a82488eae66a,federal_funding,federal_land,medium,T5_llm,"Retrofit of the Local 150 of International Union of Operating Engineers Headquarters Campus [""Rational for determination:\nIndie Energy Systems Company, LLC have completed all phases of construction and implementation of the Ground Source Heat Pump project. Indie Energy has completed installation of",2026-07-21T02:11:32.218886+00:00
2626c732e2fafc58f02100f338888dff,federal_direct_action,federal_land,medium,T5_llm,Glades Reservoir,2026-07-21T02:11:34.776633+00:00
2679edac-e758-f1d3-8610-0d329694b3bd,federal_direct_action,,low,T5_llm,"Catalyst Science and Engineering Laboratory (CSEL) [""Brief Description of Activities: The CSEL is a flexible, multi-user facility for developing materials used in catalysis, chemical looping combustion, CO2 adsorbents/absorbents, H2 generation, gas cleanup, and solid oxide fuel cells.""]",2026-07-21T02:11:37.445760+00:00
26d0f417-8b47-37de-3273-a22e3d840a28,unknown,,low,T5_llm,"Biomass Feed Preparation Laboratory [""Brief Description of Activities: Metal oxides are reactied with methane, natural gas, and solid fuels at high temperatures.""]",2026-07-21T02:11:40.305174+00:00
2760e3181ca65fa6be328d3f63010922,federal_land,federal_funding,high,T5_llm,"lities and 
infrastructure, reducing the overall footprint on ALE.  
The availability of American Recovery and Reinvestment Act of 2009 funding has provided DOE with an 
opportunity to identify actions that could be accelerated and accomplished earlier than previously 
planned.  DOE proposes to unde",2026-07-21T02:11:42.764376+00:00
279e6131-0ced-b9c9-938a-23cf2a53e04e,federal_funding,,high,T5_llm,"American-Made Upskill Prize [""Rationale for determination: The U.S. Department of Energy (DOE) is proposing to authorize the administration of a single-phase prize competition, known as the \""American-Made Upskill Prize: Solar Manufacturing Workforce Training.\"" The prize would provide financial ass",2026-07-21T02:11:45.542690+00:00
279f34e3cfd220fef2b0328162a784e5,federal_property_transaction,,high,T5_llm,"Environmental Impact Statement for the Conveyance and Transfer of Certain Land Tracts Administered by the United States Department of Energy and Located at Los Alamos and Santa Fe Counties, New Mexico",2026-07-21T02:11:48.807929+00:00
27b09d736af26e2f1ace7569134b6260,federal_funding,,high,T5_llm,"nce of the conclusion of the EA for the Proposed 
Project. Under the Proposed Action, DOE would authorize the University to expend additional ARRA funding to 
design, permit, and construct a wind turbine research facility. Specifically, the University would use a portion of 
the DOE funding in the a",2026-07-21T02:11:51.077596+00:00
2828d5a51d78fd96c02c2f7b3e40b375,federal_funding,federal_permit,medium,T5_llm,"ve American Graves Protection and Repatriation Act, 25 USC § 3001, directs the 
Secretary of the Interior to guide the repatriation of federal archaeological collections and 
collections that are culturally affiliated with Native American Tribes and held by museums that 
receive federal funding.  DO",2026-07-21T02:11:53.820778+00:00
295200a8ce6a5d352fdde0186bdb6cd1,federal_permit,,high,T5_llm,"NEPA Policy and Compliance, GC-54 
U.S. Department of Energy 
1000 Independence Ave SW 
Washington, DC 20585 
askNEPA@hq.doe.gov 
Telephone: (202) 586-4600 or 
Leave a message at (800) 472-2756 
ABSTRACT: Champlain Hudson Power Express, Inc. (CHPEI) has applied to the DOE for a Presidential 
permit ",2026-07-21T02:11:55.770793+00:00
29f7338c22f699c6b23b80d48db907cd,federal_direct_action,federal_funding,high,T5_llm,"Stormwater retention BMPs will be implemented with the new 
projects in order to address runoff concerns, such as from construction-related sediment.  The 
practices to be implemented will be identified in a pending stormwater management study.  Refer 
to Section 4.4.2.2.  The DOE will implement con",2026-07-21T02:11:58.262413+00:00
2a1cd8c8a4c83b6b6250f5475ed49141,federal_land,federal_permit,high,T5_llm,"proposed action and decision to issue the authorization, if 
appropriate. The U.S. Army Corps of Engineers (USACE) similarly intends to adopt the EIS to meet its 
responsibilities under Section 404 of the Clean Water Act (CWA) and Section 10 of the Rivers and 
Harbors Act of 1899 (RHA). 
S.2. Purpos",2026-07-21T02:12:01.499851+00:00
2a888abb417e423077b23c419b1ae763,federal_direct_action,federal_permit,high,T5_llm,"would represent less than one percent of the combined Kern River Valley 
population, and 1.7 percent of the 2010 Lake Isabella population alone.  Given the abundant home sale 
and rental opportunities currently available in the Kern River Valley, the need to project additional 
federal funding into ",2026-07-21T02:12:04.169393+00:00
2bc4c7109f4ca3cc3e210dacad07c80f,federal_permit,federal_land,high,T5_llm,"data for landownership, wilderness study areas, wilderness, and areas of critical 
environmental concern. Bureau of Land Management. Internet website: http://www.blm.gov/ 
ca/st/en/info/maps/gis_links.html. Accessed on July 2011.  
BLM and DOE (Department of Energy). 2010. Draft Programmatic Environ",2026-07-21T02:12:07.136510+00:00
2cb3332293e43ac6622307ad7673f002,federal_funding,,high,T5_llm,"Proposed Action 
The Department of Energy (DOE) is proposing to authorize the expenditure of federal funding by US SFR 
Owner, LLC (USO), a subsidiary of TerraPower, LLC (TerraPower) to conduct preconstruction activities 
for the NatriumTM, 1 Reactor, Kemmerer Power Station Unit 1 (Kemmerer Unit 1).",2026-07-21T02:12:09.391789+00:00
2cc239edf4457779fd35a136f42b2f7a,federal_funding,,high,T5_llm,"proposed action of providing the grant 
funding and the No-Action Alternative. 
In this EA, DOE evaluated potential environmental impacts resulting from the proposed project 
on air quality, geology and soils, biological resources – sensitive species, water resources, 
cultural/historic resources, t",2026-07-21T02:12:11.965893+00:00
2cfb8f22529b3e5581193732ef09ecad,federal_permit,federal_land,high,T5_llm,Final Environmental Impact Statement: Relicensing the Yuba River Development Project,2026-07-21T02:12:15.021039+00:00
2d6d435a10f56df269c38b10d002ce9e,federal_permit,federal_land,medium,T5_llm,"purpose and need for the projects being evaluated in the EIS as required 
by the implementing regulations for the National Environmental Policy Act (NEPA) (see 
40 CFR 1502.13).  While the draft EIS indicates that  “Idaho Power anticipates that 
it will have to acquire additional generating resource",2026-07-21T02:12:19.014146+00:00
2da08576be44a1f4981d48d65f712b13,federal_direct_action,federal_permit,high,T5_llm,"Proposed Action 
include? 
 Hard skills training  
o Driving Tracks 
o Mock urban environment 
o Indoor/outdoor firearms 
training 
o Weapons/explosives training 
o Simulation 
o Classrooms 
o Fitness Center 
 Administrative Offices 
 Emergency Response 
 Federal facility design, construction, 
",2026-07-21T02:12:21.776962+00:00
2e03633d-9075-4606-6df8-7c308f47b498,federal_funding,,high,T5_llm,"Artificial Neural Network for MSW Characterization [""SECTION B. Project Description and Purpose:\nAMP Robotics (AMP) and Idaho National Laboratory (INL) propose to develop a multimodal sensor that can identify, in real time, the organic and plastic constituents of the municipal solid waste (MSW) str",2026-07-21T02:12:24.162495+00:00
2ed8b99fee7953749d1788edd3931ce9,federal_land,federal_permit,high,T5_llm,"o 76.3 feet below ground surface) (Appendix F). Excavation activities, without proper BMP 
controls in place, could contaminate groundwater through erosion, sedimentation, and accidental material 
spills. Construction and decommissioning must comply with the Clean Water Act, the National 
Pollutant ",2026-07-21T02:12:27.412082+00:00
301db8789ec7a90d4011b0244fe8f6e9,federal_permit,federal_direct_action,high,T5_llm,"urces, identifies those areas where the proposed WTGs could be 
visible. There are several key observation points (KOPs) in the area with ranging impacts. There are five 
observation points in identified environmental justice communities. KOP-13 Cape Henry Lighthouse/Fort 
Story Military Base,3 KOP-",2026-07-21T02:12:30.586627+00:00
3139464ebce52a037255f8999947d2f6,federal_land,federal_direct_action,high,T5_llm,"ek trunk sewer is ultimately routed to the Blue Plains Wastewater 
Treatment Plant operated by the D.C. Water and Sewer Authority. The Blue Plains plant treats 
approximately 370 million gallons of wastewater per day. Discharges from the plant to the 
Potomac River must meet the National Pollutant D",2026-07-21T02:12:33.966566+00:00
31fa0ccdcd8330706426ba077d29febd,federal_funding,,high,T5_llm,"Proposed Action, which is to authorize 
the expenditure of Federal funding for Frito-Lay’s proposed boilerhouse.  DOE’s Proposed Action would 
authorize up to $5.5 million in grant expenditures.  The total cost of Frito-Lay’s proposed project would 
be approximately $6 million. 
Frito-Lay would cons",2026-07-21T02:12:36.163024+00:00
3200d058-4462-ae12-f0cd-6137434dedcf,federal_land,federal_direct_action,high,T5_llm,"Transport of Large Equipment [""Proposed Action Description\nThe U.S. Department of Energy proposes to transport large equipment (a transformer and ancillary equipment) from Sandia National Laboratories (SNL) in New Mexico to the Nevada National Security Site (NNSS). A SNL-approved transportation sub",2026-07-21T02:12:38.583118+00:00
321e2d90-a910-8154-78a4-3c1645f37924,federal_land,,high,T5_llm,"proposed action exist that warrant further analysis and documentation in an environmental assessment or
an environmental impact statement. As per 36 CFR §220.6, the mere presences of one or more of these
resource conditions does not preclude use of a categorical exclusion. I have concluded that ther",2026-07-21T02:12:41.745510+00:00
32dd93029be75af95ef7e65d9f8b8fe0,federal_land,federal_program,high,T5_llm,"Reg. 18026 (March 23, 1981), As amended. 
DOE 2004 
Department of Energy, Recommendations for the Preparation of Environmental 
Assessments and Environmental Impact Statements, Second Edison, Office of NEPA 
Policy and Compliance, December 2004. 
DOE 2008  
Department of Energy, Site-Wide Environmen",2026-07-21T02:12:44.312704+00:00
331f1279-a961-07dd-cf6a-965b2f765d88,unknown,,low,T5_llm,"Project Locations [""No project description found.""]",2026-07-21T02:12:46.502873+00:00
33943b27dab7fb951a4d99a7028ed70e,unknown,,low,T5_llm,"nd Alliance 
Solar Reserve 
Sonoran Institute 
Southern Arizona Buffelgrass Coordination Center 
Southern Arizona Leadership Council 
Southwest Environmental Center 
Southwest Natural Resources 
Southwest New Mexico Grazing Association 
Southwest Regional Conservation Committee 
Southwestern Power A",2026-07-21T02:12:49.634839+00:00
341f4ecb5632a3ce499d9ec0a13db3b8,federal_funding,federal_permit,medium,T5_llm,"Minnesota Agri-Power Plant Project The MAPP project would use an ‘‘integrated gasification combined-cycle’’ or IGCC system. The gasifier would be sized to process approximately 1,100 tons of alfalfa stems per day which is approximately",2026-07-21T02:12:52.909515+00:00
34f0baba-1378-a93d-0610-173efa1981b1,federal_land,federal_permit,high,T5_llm,"Geothermal Technologies Program [""Brief project description [include anything that could impact the environment]: The work to be done is the installation of a sump in Little Teapot Creek from which water for the cooling loop at the NWF can be withdrawn. The work will consist of burying a section of ",2026-07-21T02:12:55.263656+00:00
35299c5a-e034-6ec5-2c84-3fb42752150e,federal_permit,,high,T5_llm,"Proposed Action Description:
On October 6, 2014, DOE issued Presidential Permit No. PP-362, authorizing Champlain Hudson Power Express, Inc. (CHPEI) to construct, operate, maintain, and connect electric transmission facilities at the international border of the U.S. and Canada. The facilities would ",2026-07-21T02:12:58.439352+00:00
36b40ba61383703a105c306de74c6262,federal_permit,federal_land,high,T5_llm,"proposed action before the 2020 rule 
went into effect. 
Cooperating agencies may rely on this EIS to support their decision-making. In conjunction with 
submitting its COP, Revolution Wind applied to the National Oceanic and Atmospheric Administration’s 
(NOAA’s) National Marine Fisheries Service (",2026-07-21T02:13:01.098545+00:00
36ebfffa49ce81560b8483d124616e2e,federal_permit,federal_land,high,T5_llm,"Relicensing the Merced River Hydroelectric Project, Federal Energy Regulatory Commission Project No. 2179, and the Merced Falls Hydroelectric Project, Federal Energy Regulatory Commission Project No. 2467",2026-07-21T02:13:03.456656+00:00
3786287201568bcf44fee24166fc0135,federal_direct_action,federal_land,high,T5_llm,"Shutdown of the River Water System at the Savannah River Site, Aiken, South Carolina and Alternatives The Department proposes to shut down the River Water System and to 29745 Federal Register / Vol. 61, No. 114 / Wednesday, June 12, 1996 / Notices place all or part of the system in standby condition",2026-07-21T02:13:05.811670+00:00
380872472e7cebdd023a25a1a8be3981,unknown,,low,T5_llm,"ected Environment 
3.7.1.1 
Definition of the Resource 
Water resources are natural and human-made sources of water available for use by and for the 
benefit of humans and the environment, including surface water or groundwater occurring in 
natural or human-made impoundments or conveyance systems. ",2026-07-21T02:13:08.872514+00:00
38732cba-8304-2a79-6125-849818f93db7,federal_land,federal_permit,high,T5_llm,"CH2MHill Plateau Remediation Company Siting, Construction, and Operation of Support Buildings and Support Structures, October 2012 to October 2013 [""Project Description and Location: CH2MHill Plateau Remediation Company (PRC) will be conducting siting, construction, and operation of support building",2026-07-21T02:13:11.543280+00:00
38b672e6-0a1a-e656-da0d-db1683e9b3be,unknown,,low,T5_llm,"NETL VOIP Deployment [""Brief Description of Activities: GSA has a contract with Iron Bow Technologies to provide and install a Cisco Unified Communication system to replace NETL's telephone systems and contracted local service at Morgantown and Pittsburgh.""]",2026-07-21T02:13:15.334107+00:00
3a90ea91-189e-839f-3eaa-eeb85dab4db7,federal_funding,,medium,T5_llm,"Fronius USA, LLC Solar Inverter Manufacturing Facility Equipment Purchase [""Description:\nB5.1 Actions to conserve energy, demonstrate potential energy conservation, and promote energy-efficiency that do not increase the indoor concentrations of potentially harmful substances. These actions may invo",2026-07-21T02:13:18.098451+00:00
3b7e393de77613cc10641d9a352796ae,federal_permit,,high,T5_llm,"purpose and 
need for the Presidential permit.  
Second, the Court found that DOE must take a “hard look” at potential impacts in Mexico from 
the ESJ transmission line in the U.S., the Mexican portion of the transmission line, and the wind 
farm in Mexico.  
The Court found that these deficiencies ",2026-07-21T02:13:20.770098+00:00
3bd1c8427ee6d28f0ff5e2998eea1c9d,federal_permit,federal_land,high,T5_llm,"Wildlife Service (FWS).  2013.  E-mail from Pete Pattavina, FWS, to James 
Becker, PNNL, dated September 25, 2013, regarding an extant population of Michaux’s sumac 
(Rhus michauxii) in Elbert County, Georgia.  Accession No.  ML13317B647.   
U.S. Forest Service (USFS).  2004a.  Final Environmental I",2026-07-21T02:13:23.936348+00:00
3be63876bc36ecae74e8439800347dbf,federal_funding,,high,T5_llm,"e proposed plant. Appendix A contains copies of the scoping letters, 
Appendix B contains the responses DOE received from the agency scoping letters, and Appendix C 
contains the scoping letter distribution list. 
2.0 
PROPOSED ACTION AND ALTERNATIVES 
Under the Proposed Action, DOE would provide pa",2026-07-21T02:13:26.574240+00:00
3bfa9c9f6d0920744b4f4f58f5a8325c,unknown,federal_permit,low,T5_llm,"adjacent to paragraph 
(a)(2) impoundments or jurisdictional tributaries when the wetlands meet the significant nexus 
standard (jurisdictional adjacent wetlands); and 
5) Impoundments of “waters of the United States” (paragraph (a)(2) impoundments). 
• 
Rivers and Harbors Act. Section 10 of the Riv",2026-07-21T02:13:29.362673+00:00
3cfadf5939532383dc8da1f8faa5bb7e,federal_direct_action,federal_program,medium,T5_llm,"rmwater  
 
Section  438  of  the  Emergency  Independence  and  Security  Act  of  2007  (EISA)  establishes  stormwater 
runoff  requirements  for  federal  development  projects.    EISA  requires  that  “the  sponsor  of  any 
development or redevelopment project involving a Federal facility wit",2026-07-21T02:13:32.125485+00:00
3d2cd358b5fc1976ccdd9637bc119a34,unknown,,low,T5_llm,High-Temperature Solid Oxide Fuel Cell Generator Development Project FOR THE PROPOSED ACTION,2026-07-21T02:13:33.714054+00:00
3d335b3dd65a96e0f5213f9cb1f62ee2,federal_land,federal_permit,high,T5_llm,"ON 
 
Freshwater wetlands in Virginia are regulated by the United States Army Corps of 
Engineers (USACE) subject to Section 401 and 404 of the Clean Water Act and the 
Virginia Department of Environmental Quality. Waters of the U.S. (WOUS) are regulated 
by the USACE subject to Section 10 of the Ri",2026-07-21T02:13:36.531351+00:00
3dad6d4b6e3e35153553d5810c8d6873,federal_direct_action,,low,T5_llm,Electron-Ion Collider ................................................................................................... 8 4.0,2026-07-21T02:13:38.884493+00:00
3e260140-8dca-eabb-1f16-755b442c61e9,federal_funding,,high,T5_llm,"cost share.

Insert the following language in the award:

You are required to:
Submit an Environmental Assessment to the Golden Field Office. A Finding of No Significant Impact (FONSI) is
required before funds will be release for construction of the facility.

Note to Specialist:

According the the ",2026-07-21T02:13:41.217825+00:00
3e4604fded2bb1cac4c02675a20be88e,federal_funding,,high,T5_llm,"covery and Reinvestment Act of 2009 (Recovery Act; Public Law 
111-5, 123 Stat. 115), as amended, the DOE’s National Energy Technology Laboratory, on 
behalf of the Office of Energy Efficiency and Renewable Energy’s Vehicle Technologies 
Program, will provide up to $2 billion in federal funding to c",2026-07-21T02:13:43.306184+00:00
3e69ae3f2be2d11d0c2d7723d1bf65a0,federal_permit,,low,T5_llm,"h 


SCE West of Devers Upgrade Project 
D.2 AGRICULTURE 
July 2016 
D.2-7 
Final EIS 
a specific identifiable activity such as a pipe from an industrial plant) and nonpoint sources (associated 
with general areas or activities such as agriculture or timber harvesting).  See EIS Section 10.14 
(Grou",2026-07-21T02:13:46.257714+00:00
3f4a6e69-c2a5-23d0-581b-8a20fb213854,federal_funding,federal_permit,medium,T5_llm,"Field Validation of MVA Technology for Offshore CCS [""Brief Description of Activities: The main goal of the proposed study is to deploy and validate an ultra-high resolution 3D marine seismic (UHR3D) appropriate for large-demonstration and commercial-scale offshore CCS sites.""]",2026-07-21T02:13:49.021482+00:00
3f611801-ce6b-b17a-7658-6a141b838c78,federal_funding,federal_land,medium,T5_llm,"WA-TEP-YAKAMA NATION [""Proposed Action or Project Description: The Yakama Nation Hydropower proposed project is for purchasing and installing a water turbine for Drop Site #4, located near Harrah, Washington, that would supplement the power generation for the Wapato Irrigation Project (WIP). Upon co",2026-07-21T02:13:51.528384+00:00
3f6f6a981e9cb3834955c8248ffbb455,federal_funding,,high,T5_llm,"PROPOSED ACTION AND ALTERNATIVES 
2.1 DOE’S Proposed Action 
DOE’s Proposed Action is to authorize the expenditure of $1.5 million in federal funding for SNI 
to design, procure, and install an access road, substation equipment, transmission cables, and up 
to a 2.0 megawatt wind turbine on SNI-owne",2026-07-21T02:13:54.657024+00:00
41448ddcf349b69d3b1f4b8546a27b4d,federal_funding,federal_program,high,T5_llm,"to use federal funds for this Proposed Action requires that DOE address 
NEPA requirements and related environmental documentation and permitting requirements. 
1.1 
National Environmental Policy Act and Related Procedures 
The regulatory framework of this Proposed Action, with federal funding, is d",2026-07-21T02:13:56.806516+00:00
41d06136-873a-1274-6337-b0ae4b80a147,federal_funding,,high,T5_llm,"NC-County-Johnston [""Proposed Action or Project Description: American Recovery and Reinvestment Act: [x]\n\nAt the Wastewater Treatment Plant: install dissolved oxygen controls, reprogram wetwell level controls for\nthe tertiary filter pumps, install electric actuators on tertiary filter effluent li",2026-07-21T02:13:58.895005+00:00
423b0bf50ca043b7cd2fc5f21b8689bf,federal_funding,,high,T5_llm,"p.  Information gained through these 
further assessments would be used as a basis for gauging the technical and environmental feasibility, 
costs, and benefits of using switchgrass as a fuel to replace a portion of the coal burned at OGS.  Upon 
approval of the Proposed Action, DOE would provide a ",2026-07-21T02:14:02.745540+00:00
4275f393-85e9-2600-07d2-7fecc558b1e2,federal_direct_action,federal_land,high,T5_llm,"proposed action will occur, project dimension
(e.g., acres displaced/disturbed, excavation length/depth), and area/location/number of buildings. Attach narratives, maps
and drawings of proposed action. Describe existing environmental conditions and potential for environmental impacts from
the propos",2026-07-21T02:14:05.286016+00:00
42c42afbf4463dd98a056af0920ff139,federal_direct_action,federal_land,high,T5_llm,"nmental
Protection Agency
Not started
Equipment and Materials
Handling, including
Materials Disposal
Generating Station
Hawaii Department of
Transportation
Not started
Energy Information
Administration Registration
Generating Station
Energy Information
Administration
Not started
National Pollutant D",2026-07-21T02:14:08.172641+00:00
4328b1900c4f66319eada3dfea962d69,federal_program,,high,T5_llm,10 CFR Part 430 Energy Conservation Standards: Energy Conservation Standards for Fluorescent and Incandescent Lamps,2026-07-21T02:14:09.993668+00:00
43418ef3ed34c2d350f099882823fda1,federal_land,federal_permit,high,T5_llm,"needed to improve the 
educational and economic opportunities of tribal members and to prepare tribal members to meet 
the challenge of the future.  The Tribe operates a Head Start program that needs funding to 
support unfunded federal mandates.  While area schools receive some federal funding to p",2026-07-21T02:14:12.881904+00:00
436d6ff799ca2cd9938ca37688e03918,federal_permit,,high,T5_llm,"they are either being
maintained in spite of the pumping activities or adequa.tely replaced by mitigation.
CollclusjQJJ.
The comments above were provided to assist in preparing revisions to t11e NEP A docUlllents and
to assist the COJ:ps of Engineers j11 their preparation of any Clean Water Act, Sec",2026-07-21T02:14:15.686872+00:00
4389eab4-facb-106b-ef08-ae6f9df9a2a8,federal_land,federal_permit,high,T5_llm,"CURTIS ROAD and FSR 4694 UNDERGROUND POWERLINE PROJECT [""A. Description of Decision\nMy decision is whether or not to authorize Consumers Energy to install an underground electrical line along Curtis Road (Forest Service Road (FSR) 4301), under FSR 4694, private road access leading to private proper",2026-07-21T02:14:17.697634+00:00
43cb557d69e3463352109744c30c6951,federal_funding,,high,T5_llm,"would be fed to the local utility grid through a 
utility approved net metering device. 
1.2 
Purpose and Need 
DOE‘s Proposed Action is to allow expenditure of $4,425,500 in financial assistance to Crowder College 
in support of the construction of Stage I of the MARET Center.  DOE funding for Stag",2026-07-21T02:14:21.382379+00:00
43e9ebbddd9ce4a3f897e16d65e5d361,federal_permit,federal_funding,high,T5_llm,"h NHPA Section 106 consultation 
requirements are on-going.22
Undertaking means a project, activity, or program funded in whole or in part under the direct or 
indirect jurisdiction of a Federal agency, including those carried out on behalf of the agency; 
those carried out with Federal financial as",2026-07-21T02:14:24.556664+00:00
44f4d9a6-2aa4-e434-0022-2cc9cc340e53,federal_funding,,medium,T5_llm,"Fast Responding Voltage Regulator and Dynamic VAR Compensator with Direct Medium Voltage Connection [""Brief Description of Proposed Action:\nNCSU is assisting with the design of the silicon-carbide power electronics devices, and performing prototype testing of the components at an existing test faci",2026-07-21T02:14:26.802116+00:00
4517cac0-02ac-b804-b6b2-87ce8f426cde,federal_funding,federal_permit,high,T5_llm,"Residential and Community Solar PVS Systems with Battery Storage in Puerto Rico [""Proposed Action Description:\nUnder FOA #DE-FOA-0003096, GDO will award solar companies up to $400 million dollars to install commercially available residential PVS systems with Battery Storage for qualified beneficiar",2026-07-21T02:14:29.808546+00:00
45eb7467f4ea38153bfbb80d6630b7cd,federal_funding,federal_direct_action,high,T5_llm,"native is the status quo, where no sufficient domestic commercial supply of HALEU is 
available; DOE would not undertake actions to address Section 2001(a)(2)(D)(v) of the 2020 Energy Act.  
Development of a domestic commercial supply of HALEU would be left to industry. 
Without DOE funding, the dev",2026-07-21T02:14:32.421341+00:00
46253a60-8706-86a4-db4a-0c1cc83ed44d,federal_permit,federal_land,medium,T5_llm,"NREL-23-013 PacWave South Buoys [""Description:\nB3.16 Small-scale, temporary surveying, site characterization, and research activities in aquatic environments,\nResearch limited to: (a) Acquisition of rights-of-way, easements, and temporary use permits; (b) Installation, operation,\nactivities in an",2026-07-21T02:14:34.695190+00:00
465565ca-69a1-e11f-0e7c-10c93eebd9fe,federal_funding,,medium,T5_llm,"Koyukuk Native Village Street Lighting [""Proposed Action or Project Description: The proposed action would involve changing the tribe's street lights from incandescent bulbs to LED lighting fixtures. The City of Fairbanks would provide research it developed for retrofitting the city's street lights.",2026-07-21T02:14:37.049799+00:00
46ac917c-c915-b920-a614-c1c73004a80b,federal_direct_action,,medium,T5_llm,"Kesselring Site Head Tanks Corrosion Protection Project [""PROJECT SCOPE DISCUSSION: The Kesselring Site Head Tanks Corrosion Protection Project includes work to Head Tanks (27A and 27B) for repairs to the interior iron oxide urethane coating and aliphatic urethane exterior coating systems, replaceme",2026-07-21T02:14:39.349210+00:00
470d9dcb2f6135b15f3dd877926d57b4,federal_direct_action,federal_funding,high,T5_llm,"Magpie Creek Congress directed the Corps to investigate the feasibility of reducing flood risk to the city of Sacramento and surrounding areas. The Corps completed feasibility studies in 1991 and 1996, recommending a concrete gravity flood detention dam on the north fork of the American River at the",2026-07-21T02:14:41.859901+00:00
475d08cfd56f834ea93f8a8859815dfc,federal_land,federal_program,medium,T5_llm,"ssed January 6, 2017. 
———. 2008a. Environmental Assessment, Milford Wind Corridor Project, Millard and Beaver 
Counties, Utah. Environmental Assessment UT-040-07-20. Cedar City, Utah: BLM Cedar City 
Field Office and Fillmore, Utah: BLM Fillmore Field Office. 
———. 2008b. Final programmatic environ",2026-07-21T02:14:45.139284+00:00
479b0c064e0e21cd36dca766692003cb,federal_land,federal_permit,high,T5_llm,"of the outer Continental Shelf; 
(E) 
coordination with relevant Federal agencies; 
(F) 
protection of national security interests of the United States; 
(G) 
protection of correlative rights in the outer Continental Shelf; 
(H) 
a fair return to the United States for any lease, easement, or right-o",2026-07-21T02:14:48.416787+00:00
47d29972541cb0990909ba06e918abb1,federal_direct_action,federal_land,medium,T5_llm,Consolidation and Expansion of Idaho National Laboratory Research and Development at a Science and Technology Campus FOR AGENCY ACTION ...................................................................... 1 1.1 Proposed Action: .......................................................................,2026-07-21T02:14:52.008722+00:00
485c297cc7a3f284d60ea48cfba7293e,unknown,,low,T5_llm,"rthquake Intensity 
with Acceleration 
Major Geologic Units in the Hanford Region and Their 
Water-Bearing Properties 
A-3 
A-10 
A-25 
Average Field Hydraulic Conductivity (Ft/Day) Measurements 
A-25 
Atmosphere Dilution Factors for HFNS 
A-38 
xiv 


a-f 
ALE 
ANSI 
BEIR 
BNL 
BPA 
BRP 
CAM 
DHX 
",2026-07-21T02:14:55.208438+00:00
485fb4ea7346f02675be81c09e056a86,federal_direct_action,federal_land,high,T5_llm,"tion 1.3 of the EA). Test assemblies will be radiographed before 
and after testing to confirm the condition of the test specimens and the 
integrity of the assembly prior to shipment. Assembly and disassembly 
of test assemblies will be performed in hot cells in accordance with DOE 
safeguards and ",2026-07-21T02:14:57.833445+00:00
49cdaa3ff2e6c505c6822e8e9803eb9b,federal_permit,federal_program,high,T5_llm,"tion of BOEM’s consultation efforts 
during development of the Draft EIS. 
1.4 Relevant Existing NEPA and Consulting Documents 
The following NEPA documents were utilized to inform the preparation of this Draft EIS and are 
incorporated in their entirety by reference.  
• 
Final Programmatic Environ",2026-07-21T02:15:01.022293+00:00
49da13653a7a5b11d9217a21367a7f47,federal_direct_action,federal_land|federal_permit,high,T5_llm,"round water in conjunction with the cumulative actions is strong.  
2010 ROD-Related Actions and non-DoD projects involving construction in Apra Harbor would have the 
potential for cumulative effects to nearshore waters. However, these projects would require 
Section 404(b) and Section 10 of the Ri",2026-07-21T02:15:04.366321+00:00
49f6591fd3fba14eb7ee0b4bd415862b,federal_land,federal_direct_action,high,T5_llm,"as the result of historic development practices. 
Point Source Pollution Control 
The point source program is administered by the State 
Water Control Board pursuant to Virginia Code §62.1-
44.15. Point source pollution control is accomplished 
through the implementation of the National Pollutant 
D",2026-07-21T02:15:08.766019+00:00
4aae2e20-7f53-f247-194f-8ac8f57bfce3,federal_direct_action,,medium,T5_llm,"Deep/Shallow Well Laboratory [""Brief Description of Proposed Action: Evaluation of structural, chemical and physical properties of host rock samples and sealant materials (cements, slurries) under high pressure carbon dioxide sequestration conditions.""]",2026-07-21T02:15:11.559301+00:00
4b5f3363c76f853b020897a435202ce9,unknown,,low,T5_llm,"ace called 
for in the LBNL's Long Range Development Plan (LBL 1987). 
4.8 
Utilities 
LBNLs onsite utility systems have sufficient capacity to meet present and future requirements 
for electrical power, natural gas, water, cooling, and waste management. 
4.8.1 Electrical Power 
Western Area Power A",2026-07-21T02:15:14.833548+00:00
4b987aff-3ef7-a6a7-e68f-5ffc3e6f882e,federal_funding,,high,T5_llm,"Nano-Engineered Catalyst Supported on Ceramic Hollow Fibers for Dry Reforming.. [""Brief Description of Activities: This project uses nano-engineered catalyst for the utilization of CO2 in dry reforming of methane to produce synthesis gas.""]",2026-07-21T02:15:16.780657+00:00
4bbdfd47b0743fbeaee4de3a552dfb58,unknown,,low,T5_llm_error,"St.te Planning Division 
741-1878 
Local Planning Dlvl,lon 
741-2211 
RE : 
CHHN020282-0 19 Draft E. I . S . - L i q u i d  Metal 
Fast B reeder Reactor 
Program 
Dea r 
Mr . Vaughn : 
In a ccordance wi th OMB Ci rcul a r  A-95 and as the des i gnated State Cleari nghouse 
for 
federal grant p rogra",
4bfee7eb9e1eef2f5470a61c38bbc912,federal_direct_action,federal_permit,high,T5_llm,"d to as paragraph (a)(4) waters); and
5.
Intrastate lakes and ponds not identified in paragraphs (a)(1) through (4) that meet the
relatively permanent standard and have a continuous surface connection to waters
identified in paragraph (a)(1) or (a)(3).
•
Rivers and Harbors Act – Section 10 of the Ri",2026-07-21T02:15:23.434750+00:00
4e5d34c3a41397035758ece7e592bcfc,federal_permit,,high,T5_llm,"purpose and 
need for the Presidential permit.  
Second, the Court found that DOE must take a “hard look” at potential impacts in Mexico from 
the ESJ transmission line in the U.S., the Mexican portion of the transmission line, and the wind 
farm in Mexico.  
The Court found that these deficiencies ",2026-07-21T02:15:26.507767+00:00
4ed0f6ff-f642-662e-06cc-911944a9cca6,federal_land,federal_permit,high,T5_llm,"Electric Vehicle Charging Station Installation at CFA [""SECTION B. Project Description and Purpose:\nIdaho National Laboratory is required under the Energy Policy Act of 2005 (EPACT 2005) and Energy Independence and Security Act of 2017 (EISA\n2007) to reduce petroleum consumption as well as Greenho",2026-07-21T02:15:29.666580+00:00
4f32b4e0-f551-010e-c1d2-25cd10612df8,federal_land,federal_permit,high,T5_llm,"Solar Photovoltaic Expansion Project [""Proposed Action Description:\nThe Mercury Solar Expansion Project would install a solar photovoltaic (PV) array on the south side of Mercury Fire Station No. 1 in Area 23 (Mercury) at the Nevada National Security Site (NNSS). Renewable energy generation at the ",2026-07-21T02:15:31.829814+00:00
4f35c7d290531d9f4b82089825db5f4b,unknown,,low,T5_llm_error,"Proposed Action and 
decision to issue the authorization, if appropriate. The United States Army Corps of Engineers (USACE) 
intends to adopt BOEM’s EIS to support its decision on any permits requested under Section 404 of the 
Clean Water Act and Section 10 of the Rivers and Harbors Act of 1899. Su",
4f4f11c9b2b50d2d496e5efb30102fa3,federal_permit,federal_funding,high,T5_llm,"Proposed Renewal of Source Material License SUB-526 Metropolis Works Uranium Conversion Facility In 2019, the President established the Nuclear Fuel Working Group (NFWG) to perform “a fuller analysis of national security considerations with respect to the entire nuclear fuel supply chain”. One of th",2026-07-21T02:15:37.975502+00:00
4fdb1198-e26c-f401-2665-7740f5060b68,federal_land,federal_permit,high,T5_llm,"Tarpon Towers LLC Road Access [""PROPOSAL\nTarpon Towers II, LLC, seeks approval to use portion of Forest Service Road #143(Randy Sapp RD) which is located In Franklin County, FL, off of State Road 65 for access to a new wireless telecommunication facility that will be situated on adjacent private pr",2026-07-21T02:15:39.843302+00:00
505c34c7-b402-5fd9-c6d3-54a4b7058ba6,federal_direct_action,federal_funding,medium,T5_llm,"SOFC Prototype System Test [""Brief Description of Activities: Construction and operation of a 400 kW SOFC system.""]",2026-07-21T02:15:41.990252+00:00
50debc35d921e3eb185ae28f064a5363,federal_funding,,high,T5_llm,"ses
to build one to two megawatt scale wind turbines on the college campus to provide
electricity for the college.
Conditional upon the completion of the Final EA and issuance of a Finding of No
Significant  Impact  (FONSI),  DOE  proposes  to  provide  Congressionally  Directed
Federal funding to t",2026-07-21T02:15:44.833509+00:00
513843e8b9551e1281e4a19b17f79bba,federal_funding,federal_permit,high,T5_llm,"involvement in the planning for monitoring and biological assessment activities; and 
 
Dock Builders Union dated November 1, 2010 which provided support for the Proposed Project. 
All comments received from the USACE PN were considered by the USACE in their evaluation of the 
Individual Permit app",2026-07-21T02:15:47.418109+00:00
5176eccf47d4246c00cb2adc251663f9,federal_land,federal_permit,high,T5_llm,"agement. BLM Manual MS-8400. U.S. 
Department of the Interior. November 16. Accessed at: 
https://www.blm.gov/sites/blm.gov/files/program_recreation_visual%20resource%20management_quick%
20link_BLM%20Manual%20Section%208400%20-%20Visual%20Resource%20Management.pdf. 
_____. 2007. Programmatic EIS for",2026-07-21T02:15:49.611390+00:00
53dbf073-d312-896f-add7-2a334756f35c,federal_land,,high,T5_llm,"Magpie Well Project [""Decision: I have decided to install livestock well, two pipelines and one stock tank in the Magpie Allotment (North end of the Big Belts). The well will be approximately 150 feet deep with a solar pump that will feed water to pipelines that will supply water to a stock tanks. T",2026-07-21T02:15:51.904854+00:00
5513cfc15b82a4d37a4ddea34528a920,federal_funding,,high,T5_llm,"proposed federal action before committing to that action. The proposal to provide federal financial 
assistance is considered a federal action subject to the procedural requirements of NEPA and the NEPA 
implementing regulations of CEQ and DOE. To comply with these requirements, DOE has determined 
",2026-07-21T02:15:54.510038+00:00
552dc869-d30e-3b58-db11-60a9d0a2fddf,federal_direct_action,,medium,T5_llm,"Big Hill Potable Water Service [""Description: The Trinity Bay Conservation District (TBCD), Anahuac, Texas, shall supply the monthly\npotable water service to the Big Hill Strategic Petroleum Reserve (SPR) site for a period of ten (10) years.\n\nThe TBCD public water system supplying water to the Bi",2026-07-21T02:15:57.005012+00:00
55504f88-0996-4022-c1ff-a2d7008fd0d2,unknown,,low,T5_llm,"Cyber Attack Detection and Accommodation Technology Demonstration [""Brief Description of Activities: Cybersecurity software will be configured and deployed at multiple sites for demonstration. This CX applies to Tasks 1 and 2 (documentation and software configuration) only.""]",2026-07-21T02:15:59.787901+00:00
55a7e60972620b73818d0a4f5e80c10e,federal_land,federal_direct_action,high,T5_llm,", wildlife, and botanical 
29 
resources. The Surface Water and Groundwater section requires projects to analyze watershed 
30 
impacts and mitigate for construction-related impacts. The Circulation Element requires that the 
31 
County prevent encroachment on public airport and military base operat",2026-07-21T02:16:04.226975+00:00
5605fd7861c0a3ef0f5fd33ea6482133,federal_permit,,high,T5_llm,", increasing the site's process wastewater volume by around 7 percent. Liquid 
radioactive waste will be pretreated before transfer to the existing wastewater treatment facility. 
Stormwater runoff would collect in a detention basin before discharge, and would be regulated by 
a National Pollutant D",2026-07-21T02:16:06.337890+00:00
56224f61975b41603c8743beb35db5af,federal_funding,,high,T5_llm,"A: 
SCOPING DOCUMENTS 


 
 
 
 
 
 
June 4, 2008 
 
TO:    
Distribution List 
 
SUBJECT: 
Notice of Scoping – Oregon Institute of Technology’s Deep Geothermal Well and 
Power Plan Project 
  
The U.S. Department of Energy (DOE) is proposing to provide Congressionally Directed Federal 
Funding to t",2026-07-21T02:16:09.924199+00:00
567fa20d8602ba0b6c8dfcf3ad121c96,unknown,,low,T5_llm,,2026-07-21T02:16:11.664330+00:00
5692f46efd35abadb438f05f0753b573,federal_property_transaction,federal_permit,high,T5_llm,"uction. Watering during grading 
activities would mitigate the effect of wind erosion to the underlying soils. In addition, in accordance with 
the federal Clean Water Act (CWA), any construction of roadway improvements over one acre in area 
would be required to comply with the National Pollutant D",2026-07-21T02:16:14.227176+00:00
581a7a6a-79e5-e29f-45eb-742d98745b83,unknown,,low,T5_llm,"Biomass Feed Preparation Laboratory [""Brief Description of Activities: Metal oxides are reactied with methane, natural gas, and solid fuels at high temperatures.""]",2026-07-21T02:16:16.146342+00:00
58816067-1bf4-6b15-3c4f-e3ebd68a0978,federal_program,federal_permit,medium,T5_llm,"Open Water Demonstration [""**Description:**\nB5.25 Small-scale renewable energy research and development and pilot projects in aquatic environments\nSmall-scale renewable energy research and development projects and small-scale pilot projects located in aquatic environments. Activities would be in a",2026-07-21T02:16:18.850260+00:00
597232e6-ab29-9f9a-83c5-22474b983584,federal_funding,,high,T5_llm,"Professional Design Services for Oak Park Village Hall Lighting Improvements [""Proposed Action or Project Description: American Recovery and Reinvestment Act: [x]\n\nThis funding will be used to fund Professional Design Services for Oak Park Village Hall Lighting Improvements engineering documents f",2026-07-21T02:16:21.094012+00:00
5a06d8bb-ec8a-abec-b734-d8c01f2ac1a9,federal_funding,,high,T5_llm,"proposed action fits within the specified class of actions, other applicable
regulatory requirements are met, and the proposed action is hereby categorically excluded from further
NEPA review.

2PB 3/31/10
NEPA Compliance Officer
Date

NEPA clause prepared by OCC [Melissa Rossiter 3/26/10]

You are ",2026-07-21T02:16:23.542310+00:00
5a110dca5e98ef3b7a74bfb6544f95d0,federal_funding,federal_land|federal_permit,high,T5_llm,"sources 
SCDOT 
South Carolina Department of Transportation  
SDEIS 
supplemental draft environmental impact statement 
SGCN 
species of greatest conservation need 
SHPO 
South Carolina State Historic Preservation Office 
SMS 
Scenery Management System 
SO2 
sulfur dioxide 
SUP 
special use permit 
",2026-07-21T02:16:26.819695+00:00
5b2ed8c3-dda0-3910-c31a-4ded2351d2fc,federal_land,federal_permit,high,T5_llm,"Solar Photovoltaic Expansion Project [""Proposed Action Description:\nThe Mercury Solar Expansion Project would install a solar photovoltaic (PV) array on the south side of Mercury Fire Station\nNo. 1 in Area 23 (Mercury) at the Nevada National Security Site (NNSS). Renewable energy generation at the",2026-07-21T02:16:28.765267+00:00
5b63b4f2-6a8c-73e6-250b-3f7a69b3f19e,federal_funding,,high,T5_llm,"Lease Agreement for 314 Mill Street, Lead, SD 57754 [""Proposed Action Description:\nLandlord leases to tenant and tenant leases from landlord the entire premises located at 314 Mill Street, Lead, SD 57754. The purpose of this lease is to house scientific and technical staff from the Sanford Undergro",2026-07-21T02:16:30.774453+00:00
5c42e268d873c614e12ce9939c91bce3,federal_permit,,high,T5_llm,"proposed action is the is s uance of a Presidential Permit to the 
Vermont El ectric Power Company (VELCO) to construct , connect , operate , and 
maintain the U . S .  portion of a high-vol tage , direct-current (DC )  e l ectric 
transmis sion circuit extending from the Comerford Substation in Mon",2026-07-21T02:16:33.784441+00:00
5c474029b9c7336f52013f839684b3fa,unknown,,low,T5_llm,Adopted Energy Conservation Standards for Distribution Transformers . The Navy is initiating the scoping process to identify community concerns and local issues to be addressed in this EIS. Navy representatives will be available at the public open-house scoping meeting to receive comments from the p,2026-07-21T02:16:36.132331+00:00
5c491ef0aacc56aada8d3c9bf5c7685f,federal_permit,,high,T5_llm,"ined by VELCO for itself and pursuant to agreements with the Vermont 
electric utilities that own a portion of the facilities. The two interconnections would be used to 
transmit electric energy between Hydro-Québec in Canada and VELCO in the United States. 
 
Upon issuance of a Presidential permit,",2026-07-21T02:16:38.493278+00:00
5cc3c4a8c31029ede3e94c3d418efe20,federal_land,federal_permit,high,T5_llm,"Proposed Action and 
decision to issue the authorization, if appropriate. The United States Army Corps of Engineers (USACE) 
intends to adopt BOEM’s EIS to support its decision on any permits requested under Section 404 of the 
Clean Water Act and Section 10 of the Rivers and Harbors Act of 1899. Su",2026-07-21T02:16:41.769899+00:00
5cd41c9d4a41bcd2117f73995e1401ac,federal_funding,federal_permit,high,T5_llm,"Historic Preservation Officer/Archaeologist 
Confederated Tribes of the Warm Springs Reservation of Oregon 
 
Robert Brunoe 
 
Sally Bird 
Tribal Historic Preservation Officer 
Cultural Resources Manager 
Coquille Indian Tribe 
 
Ed Metcalf 
Tribal Chairman 
Federal Agencies 
Federal Energy Regul",2026-07-21T02:16:43.921161+00:00
5e71827a-a3e8-00e5-4ea4-14bfb7348e2e,federal_land,federal_permit,high,T5_llm,"Cotter Corporation Exploratory Drill Hole on Lease Tract C-SR-13A [""A. Brief Project/Activity Description\n\nCotter Corporation proposes to conduct exploratory drilling on Lease Tract C-SR-13A, located in western San Miguel County, CO. The exploratory drilling would consist of boring one 5- to 6-inc",2026-07-21T02:16:46.030207+00:00
5e796c5edc2b0032d27f60bb5945054e,federal_land,federal_permit,high,T5_llm,"Mississippi River Headwaters Reservoir Operating Plan Evaluation; Cass, Winnibigoshish, Leech, Pokegema, Sandy Whitefish and Gull Lakes in Minnesota The DEIS does not contain an explicit, clear Purpose and Need statement. The document should provide a Purpose and Need statement describing the specif",2026-07-21T02:16:48.729345+00:00
5ee5d495ff2cad40d2213b2b9c8f85e5,federal_land,federal_permit,high,T5_llm,"his work. Switchgear, transformers, 
termination cabinets, pad-mounted switches, cabling (including aerial, above ground, and below ground), 
cable tray, conductors, emergency generators, heat trace cabling, and all other appurtenances also are 
included. Utilities and requisite conveyance would inc",2026-07-21T02:16:50.926255+00:00
5fc25842489e37d330f95056dd55ff82,federal_land,federal_permit,high,T5_llm,"a and the permit 
area. 
Project Design Criteria (PDC): Specific measures designed to minimize or avoid impacts anticipated to 
occur as a result of implementation of the action alternatives. PDC are incorporated within the proposal of 
specified action alternatives. 
Reciprocal easement: Per 36 CFR",2026-07-21T02:16:53.956383+00:00
5ff871d131ffc7ec0e87f28209096f9d,federal_permit,,high,T5_llm,"Final Environmental Impact Statement for Hydropower Relicensing of the Santee Cooper Hydroelectric Project, Federal Energy Regulatory Commission Project No. P-199-205 in Berkeley, Calhoun, Clarendon, Orangeburg, and Sumter Counties, South Carolina",2026-07-21T02:16:56.925944+00:00
6008b660-e473-bea9-c18e-29420892669a,federal_land,federal_permit,high,T5_llm,"Proposed Action

On May 17, 2019, the Federal Energy Regulatory Commission (FERC) issued a new license to the
Eugene Water & Electric Board (EWEB) for the Carmen-Smith Hydroelectric Project, Project No. 2242.
License Article 3 requires Eugene Water & Electric Board (EWEB) to implement the instream f",2026-07-21T02:16:59.894608+00:00
602a221cc45c13b2062ad9987fe9e124,federal_permit,federal_direct_action,high,T5_llm,"ed to be in attainment).  
The CAA requires each state to develop a State Implementation Plan (SIP) describing how the state 
                                                   
31 A unit of length equal to one millionth of a meter 


Final New England Clean Power Link EIS 
U.S. Department of Energy",2026-07-21T02:17:02.456134+00:00
60f5593c6d32e7b575204128d9dd306d,federal_permit,federal_land,high,T5_llm,"MEPA and its implementing 
regulations. The Certificate authorized MassDOT to proceed with planning for the South Coast Rail 
project as an extension of the existing Stoughton Line. However, further planning was delayed until 
2007. 
Section 404 of the Clean Water Act requires a Department of the Ar",2026-07-21T02:17:05.732195+00:00
61677567d59791d0830d92ac3cb1001a,federal_permit,federal_direct_action,medium,T5_llm,"tion of the Term “Mitigation”
The term “mitigation” is used in various ways in 
various contexts, and is often used as a general 
term for any method to avoid, minimize, or 
compensate for potential negative impacts. See, 
for example, the executive summary in Minnesota 
Power’s Presidential permit ",2026-07-21T02:17:08.189788+00:00
61c5342c56f9084051429a8fa5e23bd0,federal_direct_action,federal_permit|federal_funding,high,T5_llm,"'s transportation system; and sustain a vital economy. 
 
As the designated lead coastal agency for the state, FDEP communicates the agencies’ 
comments and the state’s final consistency decision to federal agencies and applicants for all 
actions other than permits issued under Clean Water Act Sect",2026-07-21T02:17:11.364437+00:00
626d2180515cb5a6eabbbcbfac8621d9,federal_direct_action,federal_land,high,T5_llm,"r hazardous 
wastes, addressing generation, transportation, storage, 
treatment, and disposal; allows, per Section 3006 of RCRA 
(42 USC 6926), States to establish and administer permit 
programs with EPA approval; allows EPA to delegate primary 
enforcement authority to Idaho. 
Federal Facility Com",2026-07-21T02:17:14.335060+00:00
6288903f9d9b2d02a67641d42008a416,federal_permit,,high,T5_llm,"proposed action and alternatives. Alternatives include the 
construction and operation of two new reactors at the VCSNS site or at alternative sites, the no- 
action alternative, energy source alternatives, system design alternatives, and onsite alternatives to 
reduce impacts on natural and cultura",2026-07-21T02:17:17.098587+00:00
6307e2f5-c0c3-89cf-bdbe-8beaecb9f687,federal_property_transaction,,high,T5_llm,"Project Close-out: Transfer of real estate interests to DOE [""Brief Description of Activities: During this project, the Alliance acquired certain real estate interests. The interests were trans- -ferred to DOE when the Alliance terminated the project. DOE has no plans to use these properties.""]",2026-07-21T02:17:19.574782+00:00
63749cea158cbf4a536928c563e2b312,unknown,,low,T5_llm,Montana Alberta Tie Ltd. 230-kilovolt International Transmission Line,2026-07-21T02:17:21.284619+00:00
63dcef6a-c667-8341-4ea4-a543cb01835a,federal_land,federal_permit,high,T5_llm,"Red Tailed Hawk Nest Relocation (Emergency Action) [""Proposed Action Description\nA Red Tailed Hawk nest is currently located on pole DAH1 along the UAE power line in Area 1 of the Nevada National Security Site (NNSS). This condition is identified as an emergency that requires the relocation of migr",2026-07-21T02:17:23.709619+00:00
64035215-7f4d-6cc7-bdf0-af6680fbfaa4,federal_funding,,high,T5_llm,"Assessments and Retrofits [""Proposed Action or Project Description: Initial comprehensive energy audits funded through the New Jersey Local Government Energy Audit Program. Retrofits implemented resulting from the assessment is through the Direct Install Program and may include upgrades such as HVAC",2026-07-21T02:17:25.412975+00:00
643745e3-fc74-3e1e-7d27-71c6201ea411,federal_land,federal_permit,high,T5_llm,"KASIDAYA LANDING VAULT RECONSTRUCTION [""BACKGROUND\nAlaska Power and Telephone (AP&T) manages Kasidaya Hydropower plant in Taiya Inlet south of Skagway. Kasidaya Hydropower was completed in 2008 and connects to the greater Goat Lake Hydropower (GLH) submarine power distribution cable system via a co",2026-07-21T02:17:28.053225+00:00
643b9191-01b2-b756-951c-682eb9c061fc,federal_funding,,medium,T5_llm,"An Intensified Electro-Catalytic Process for Production of Formic Acid [""Brief Description of Activities: The goal of the proposed project is to develop and test a novel electro-catalytic method to produce formic acid.""]",2026-07-21T02:17:30.307039+00:00
647cf2a0-4dae-f216-b42f-c03544333c52,federal_land,federal_permit,high,T5_llm,"Herbicide Application to DOE 115-kV and 230-kV Electricity Transmission Line Rights-of-way on the Savannah River Site [""Proposed Action or Project Description:\nRev. 3: A Dominion Energy subcontractor, Marshfield Forest Service, will be conducting herbicide applications to the 115-kV and 230-kV\nele",2026-07-21T02:17:32.872019+00:00
653ad17afdcac898ffba2bf98333d144,federal_direct_action,federal_land,high,T5_llm,"Fermi Lab Fixed Target Experiment: Kaons at the Tevatron The proposed action consists of modifying the existing Neutrino Area Muon beamline by upgrading the NM2 target hall, changing the beamline to accommodate a new decay enclosure, and constructing a new experimental hall ,ncluding a control room ",2026-07-21T02:17:35.439554+00:00
65a433197c250d8ada3f5faff9e3acbb,federal_permit,federal_land,high,T5_llm,"proposed action and 
decision to issue the authorization, if appropriate. The U.S. Army Corps of Engineers (USACE) similarly 
intends to adopt the Final EIS to meet its responsibilities under Section 404 of the Clean Water Act (CWA) 
and Section 10 of the Rivers and Harbors Act of 1899 (RHA). 
ES.2 ",2026-07-21T02:17:37.884388+00:00
663191e8-e20a-2d68-ddbc-c95206e571d7,federal_land,federal_direct_action,high,T5_llm,"Power Management Transmission and Distribution Line Maintenance [""SECTION B. Project Description and Purpose:\nThe Power Management organization at Idaho National Laboratory (INL) needs to test and possibly treat power poles and structures, replace poles and\nstructures in poor condition, and inspec",2026-07-21T02:17:40.398719+00:00
664484c74b04199bcd9c6d5e25bbd246,federal_funding,,high,T5_llm,"DOE NEPA implementing procedures (10 CFR Part 1021). 
DOE is considering providing CCET with financial assistance under Funding Opportunity 
Announcement DE-FOA-0000036, Recovery Act – Smart Grid Demonstrations, to facilitate its 
proposed demonstration project.  CCET would use DOE funding to facili",2026-07-21T02:17:43.004654+00:00
66f427f81b0c453ecf005b75bd4fb335,unknown,,low,T5_llm,Tehachapi Renewable Transmission Project MODIFICATIONS AND COMPARISON TO APPROVED PROJECT Tehachapi Renewable Transmission Project Final Supplemental EIR/EIS 2-1 October 2013 2.0,2026-07-21T02:17:45.462597+00:00
6709b0e1fd4abf99f8c96acc2ea45112,federal_direct_action,federal_permit,medium,T5_llm,"pacts on the City’s water supply system. More details concerning the 
analysis of this resource category are provided in Appendix N, Section N.3.1.8.  
20.3.1.9.2 
Wastewater 
The Preferred Alternative would not result in an indirect adverse impact to the City’s sanitary 
sewage conveyance and treat",2026-07-21T02:17:48.636773+00:00
68d7b83a6fc86d5a2e69d8b0cbc6ff50,unknown,,low,T5_llm_error,"ve American Graves Protection and Repatriation Act, 25 USC § 3001, directs the 
Secretary of the Interior to guide the repatriation of federal archaeological collections and 
collections that are culturally affiliated with Native American tribes and held by museums that 
receive federal funding.  DO",
694cfe79-510e-3693-bd9d-5a62133fcecd,federal_funding,,medium,T5_llm,"Solar PV Program - Windham Water Works [""Brief Description of Proposed Action: Installation of 80.08 kW (AC) solar PV system at the existing Windham Water Works location. The ground mounted system will provide power for use on site.""]",2026-07-21T02:17:54.986217+00:00
69b57667d61b2ec19982cad4fd07b5a5,federal_funding,,high,T5_llm,"(EA), 
please contact: 
Melissa Rossiter 
NEPA Document Manager 
Golden Field Office 
U.S. Department of Energy 
1617 Cole Blvd 
Golden, CO 80401-3305 
Office: 720-356-1566 
Cell: 720-291-1602 
melissa.rossiter@go.doe.gov 
 
Abstract: The U.S. Department of Energy (DOE) provided Federal funding to t",2026-07-21T02:17:57.041927+00:00
6a0ae7ef7fb5969b9ff9cef8911ddb63,federal_property_transaction,federal_land,high,T5_llm,"storm drain system would be required to convey the on-site runoff from the developed areas of the site to the proposed 
on-site basin for storage and percolation. Parking lots would have a series of drain inlets and vegetated bioswales that 
would be connected to the storm drain conveyance system. R",2026-07-21T02:17:59.694111+00:00
6a2156fa14087bb58bd61ed1c11c717d,federal_funding,federal_permit,high,T5_llm,"es to minimize or avoid environmental impacts.     
 
2.2.5.1 Cultural Resources  
• 
White Earth Nation will have its staff archaeologist onsite during all excavation activities.  This is 
standard practice for the White Earth Nation during excavations for projects that receive federal 
funding. 
•",2026-07-21T02:18:02.360301+00:00
6a71b9d6-e826-156a-ea85-e4f4dab72977,federal_direct_action,federal_permit,medium,T5_llm,"Support of U.S. Department of Defense Strategic Capabilities Office Project Pele [""SECTION B. Project Description and Purpose:\nThe purpose of this revision is to revise project scope.\nProject Pele is a mobile microreactor program using a two-phased approach to mitigate project and technical risk. ",2026-07-21T02:18:04.610050+00:00
6a8401ea7ad231a0d39b9dacc78e2d76,federal_funding,,high,T5_llm,"Energy is a participating Federal Agency for this EA.  
 
XV. 
REACTION TO THE PROPOSAL  
In accordance with RBS’s regulations public involvement and public opinion must be considered 
to the maximum extent practicable.  A public notice regarding this project in pursuit of RBS 
grant funding was pub",2026-07-21T02:18:06.469378+00:00
6ae75c19cb43f5dc28cad7613520e80d,federal_funding,federal_land,medium,T5_llm,"Nome, Alaska, Wind Turbine Demonstration Project to build and operate up to two wind turbines on Anvil Mountain, Nome, Alaska. The proposed action does not constitute a major Federal action significantly affecting the quality of the human or physical environment within the meaning ofthe National Env",2026-07-21T02:18:08.781608+00:00
6b1e97e7-ab3f-55c3-be95-856a6790e118,federal_land,federal_permit,high,T5_llm,"Penelec-First Energy Special Use Renewal [""1. BACKGROUND\nThe Allegheny National Forest (ANF) is working to bring expired special use permits up-to-date. As part of that process, Penelec-FirstEnergy asked the ANF to renew several permits for electric transmission and distribution lines in Warren, El",2026-07-21T02:18:11.060411+00:00
6c01652c3afe39e04e44af8da6c50fd3,federal_permit,federal_land,high,T5_llm,"t Statement (EIS) for the proposed Martin Creek  Hydroelectric Project 
(CEQ EIS No. 020374) in accordance with our authorities and responsibilities under the 
National Environmental Policy Act (NEPA) and Section 309 of the Clean Air Act.  The draft 
EIS has been prepared by the Federal Energy Regul",2026-07-21T02:18:16.494651+00:00
6d0c361a07cc196cf3da96cd8f58f3c4,federal_permit,federal_funding,medium,T5_llm,"coastal zone
must be in agreement with Hawai‘i’s CZM Program objectives and policies.  Federal agencies cannot
act without regard for, or in conflict with, State policies and related resource management programs
that have been officially incorporated into the State CZM program.
DOE funding for the e",2026-07-21T02:18:19.355578+00:00
6e3b2306-996e-d0d0-243d-03384a1e2de6,unknown,,low,T5_llm,"Matrix Study of Aged SOFC Performance and Materials Degradation [""Brief Description of Activities: Laboratory scale analysis and R&D of SOFC cells and stacks.""]",2026-07-21T02:18:22.122180+00:00
6e77dd02-df43-c012-ccd4-cd13e080a15f,unknown,,low,T5_llm,"Thompson Machinery [""Brief Description of Proposed Action: TM will supply and install a producer gas cleaning skid, install all electrical and mechanical interconnections for all equipment, install an electronic generating set, and provide maintenance supp.""]",2026-07-21T02:18:24.681877+00:00
6e7ff3201b7f2c37cefeb6b6d860dd05,federal_land,federal_permit,high,T5_llm,"Permit (USACE) 
N/A 
Right-of-way Grant (BLM) 
N/A 
Section 7 Consultation (USFWS) 
N/A 
NPDES 402 Construction Stormwater 
Permit (NDEP) 
N/A 
401 Water Quality Certification (NDEP)* 
N/A 
Section 106 Consultation (SHPO) 
N/A 
Clark County Dust Control Permit 
N/A 
Clark County Special Use Permit 
",2026-07-21T02:18:27.651733+00:00
6f735661ee24a0d5d1ce25635557aff0,federal_permit,federal_land,medium,T5_llm,"au of 
Reclamation; 
operated by 
Central Arizona 
Water 
Conservation 
District
Operational 
since 1993
N/A
CAP is a concrete-
lined, 336-mile long 
canal system that 
delivers Colorado 
River water from 
near Lake Havasu to 
central and southern 
Arizona
4
Communications 
Site Federal 
Facility
0.",2026-07-21T02:18:31.654915+00:00
7065363036db0326074237f3c085c5be,federal_permit,federal_land,medium,T5_llm,"Anadromous Fish Agreements and Habitat Conservation Plans for the Wells, Rocky Reach, and Rock Island Hydroelectric Projects",2026-07-21T02:18:34.533756+00:00
70712ea5-dacd-53fe-e20c-382cc65250f2,federal_land,federal_permit,high,T5_llm,"Herbicide Application to DOE 115-kV and 230-kV Electricity Transmission Line Rights-of-way on the Savannah River Site [""Proposed Action or Project Description: Rev. 3: A Dominion Energy subcontractor, Marshfield Forest Service, will be conducting herbicide applications to the 115-kV and 230-kV elect",2026-07-21T02:18:37.525334+00:00
7075bccbb3a14ddb8264cf8547b3c3a3,federal_funding,,high,T5_llm,"y Efficiency and Renewable Energy 
U.S. Department of Energy 
1000 Independence Avenue, SW 
Washington, DC 20585 
Desk Phone:  202-287-5380 
Mobile:  202-340-7304 
Fax:  202-586-9260 
Email:  caroline.mann@ee.doe.gov 
 
ABSTRACT:  The U.S. Department of Energy (DOE) has provided Federal funding to t",2026-07-21T02:18:40.758442+00:00
710c485f-9c82-db57-cd0f-86de9b20b5f8,federal_funding,,high,T5_llm,"Department of Energy Grant for the City of Carlsbad Improvement of the Double Eagle Well Field [""Proposed Action Description:\nThe City of Carlsbad owns and operates two separate ground water well fields that serve a broad range of users including residential, industrial,\ncommercial, and agricultur",2026-07-21T02:18:43.011631+00:00
716775fbda88575a449aa6670830d261,federal_permit,federal_funding,high,T5_llm,"d Endangered and State Endangered species with a migratory corridor in the Hudson River. 
United States Army Corp of Engineers (USACE) Section 404 Request – On March 23, 2016, the FTA 
submitted a request for concurrence from the USACE for the proposed milestone schedule for the Clean 
Water Act Sec",2026-07-21T02:18:45.279625+00:00
71912838-97ab-3d2d-0a38-d80ce811d385,unknown,,low,T5_llm,"Synchrophasor Based Tracking Three Phase State Estimator and Applic. [""Brief Description of Proposed Action: PMU installations at each site.""]",2026-07-21T02:18:48.316819+00:00
737d157861e5b8b64585ccf2309a64cd,federal_funding,,high,T5_llm,"covery and Reinvestment Act of 2009 (Recovery Act; Public Law 
111-5, 123 Stat. 115), as amended, the DOE’s National Energy Technology Laboratory, on 
behalf of the Office of Energy Efficiency and Renewable Energy’s Vehicle Technologies 
Program, will provide up to $2 billion in federal funding to c",2026-07-21T02:18:50.535267+00:00
73fb55e0c2b805fed978a5d0154fa7ea,federal_direct_action,federal_land,high,T5_llm,"containers. The total quantity of plutonium and neptunium stored in 
this manner is controlled for criticality safety (Du Pont, 1986). 
4.2 STAGE II FACILITY AND PROCESS 
A comprehensive description of facilities at the Los Alamos National Laboratory (LANL) is 
presented in the site-wide Environment",2026-07-21T02:18:53.011585+00:00
740b69d7-0e37-7336-faed-5354d98f4686,federal_land,,high,T5_llm,"Elkhorn Well Project [""Decision\nI have decided to install livestock well, a short pipeline and two stock tank in the Dahlman Allotment (South end of the Elkhorns). The well will be approximately 125 feet deep with a solar pump that will feed water to pipelines that will supply water to a stock tank",2026-07-21T02:18:55.430588+00:00
74ae141d-37da-fc39-6888-a768584bbb29,federal_funding,federal_permit,medium,T5_llm,"NREL-23-017 HERO WEC Deployment - Nags Head, NC [""Description: B3.16 Research activities in aquatic environments Small-scale, temporary surveying, site characterization, and research activities in aquatic environments, limited to: (a) Acquisition of rights-of-way, easements, and temporary use permit",2026-07-21T02:18:58.268718+00:00
75ce0e44109ddd7b3842ef206eddc3b3,federal_land,federal_permit,high,T5_llm,"requirements and mitigation measures that might be identified as part of this EIS, 
construction of the action alternatives would require the following permits or authorizations: 
 
Endangered Species Act (ESA) Section 7 consultation and subsequent incidental take statement 
 
Special Use Permit/L",2026-07-21T02:19:01.133741+00:00
77c70e7c0a5624c44530cc5ee279eeeb,federal_permit,federal_land,high,T5_llm,"ation of this FEIS and which have been incorporated by reference where appropriate. Additional, non-NEPA 
documents related to environmental studies performed in Massachusetts to support decisions concerning offshore 
wind energy development are available on BOEM’s website.8 
• 
Programmatic Environ",2026-07-21T02:19:04.105847+00:00
781f60f77dfe9572e89d601f9eea5967,federal_direct_action,federal_land,medium,T5_llm,Biomass Cogeneration and Heating Facilities at the Savannah River Site ........................................................................................4 2.0,2026-07-21T02:19:06.194834+00:00
784db0a2-cb12-e4fc-b21f-51e70e92171c,federal_direct_action,federal_property_transaction,medium,T5_llm,"Electrical Capacity & Distribution Capability (ECDC) Project [""Description of Proposed Action: Argonne's scientific advancements require a strong foundation that supports reliable, redundant, maintainable, and flexible utility systems. A key component of ANL's utility system portfolio is the high vo",2026-07-21T02:19:09.327186+00:00
788d891cea07a28e3cfe187b344df870,unknown,,low,T5_llm,"Laser Interferometer Gravitational-Wave Observatory STEM Exploration Center Southeastern and central Washington is a region with few hands-on science-education facilities. Since LIGO announced its first detection of gravitational waves in February 2016, the number of school teachers and students vis",2026-07-21T02:19:11.627958+00:00
78aa20427ac86059f2113a9667bca92d,federal_direct_action,federal_land,high,T5_llm,"tes Code 
USDOE 
US Department of Energy 
USEPA 
US Environmental Protection Agency 
USFF 
US Fleet Forces Command 
USFWS 
US Fish and Wildlife Service 
USGS 
US Geological Survey 
USMC 
US Marine Corps 
VFR 
Visual Flight Rules 
VOC 
volatile organic compound 
W- 
Warning Area 
WAPA 
Western Area P",2026-07-21T02:19:14.243780+00:00
78c9f36ecf3ce716919dc416b968416c,federal_land,federal_permit,high,T5_llm,Greenlink North Project ). The 525 kV transmission line would generally parallel portions of United States (US) Highway 50 and an existing 230 kV transmission line for most of its length. The GLNP electric transmission facilities would be predominantly on lands administered by the US Department of t,2026-07-21T02:19:16.640581+00:00
790cb78b-5221-efcb-79f0-41e721767c6f,federal_land,federal_direct_action,high,T5_llm,"Fiscal Year (FY)-14 Wireless Test Bed Fiber Optic Cable to Gate 1 and Experimental Breeder Reactor-I (EBR-I) Cell Sites [""SECTION B. Project Description:\nThe purpose of this work is to install new fiber optic cable to support new wireless technology (4G) which will not work as well on\nexisting mic",2026-07-21T02:19:22.292876+00:00
791fc21936b5881919cc38de8dac6bf4,federal_direct_action,federal_permit,medium,T5_llm,"o
f
 Radioactive Material by Air and Other Modes. NUREG-0170, U.S. Nuclear Regulatory 
Commission, Washington, D.C. 
U.S. Nuclear Regulatory Commission (NRC). 1984. Environmental Impact Appraisal. Union Carbide 
Corporation Medical Products Division, Tuxedo, New York. Related to License Renewal o
f
",2026-07-21T02:19:24.995813+00:00
79a67d2caf38cc9f71b4c5d10ef5c72b,federal_land,federal_permit,high,T5_llm,"iated agency actions. 
 
In addition to the federal agency jurisdictions identified in Table 2-1, the approximately 5.3-mile portion 
of the gen-tie crossing BLM lands outside of the Reservation and private lands would be subject to Clark 
County jurisdiction and would require a Special Use Permit (",2026-07-21T02:19:27.511280+00:00
7a5d326c5742295d7809d757902d9075,federal_direct_action,federal_property_transaction,high,T5_llm,"....... 288 
6.2.2.1 Scoping Notice, Media Release, VA Website, and Direct Mail Notification ................... 288 
6.2.2.2 EIS Scoping Summary ...................................................................................................... 289 
6.2.2.3 Comments on Draft Programmatic EA ....",2026-07-21T02:19:30.216779+00:00
7ae220aad0b3e1ca9882ac6b511ee511,federal_direct_action,federal_land,medium,T5_llm,"Wind Turbine Generator System, Block Island, Rhode Island An experimen tal wind turbine generator (WTG) , de si gnated MOD-OA , w i l l be installed on a knoll in New Meadow H i l l Swamp , electri ca l ly",2026-07-21T02:19:33.082589+00:00
7b48cb59-c2f3-4dcb-9f12-9ecd19ed164a,federal_land,federal_permit,high,T5_llm,"Crescent Lake Boat Launch and Infrastructure Project [""Decision: I have decided to implement the Crescent Lake Boat Launch and Infrastructure Project. The Deschutes National Forest, Crescent Ranger District is planning a project to improve infrastructure and safety in the vicinity of the Crescent Bo",2026-07-21T02:19:35.566682+00:00
7bbd169a662be92df72df563a3acd951,federal_permit,,high,T5_llm,"licy Act (NEPA) and Section 309 of 
the Clean Air Act.  The construction and operation of these projects would result in 
the combined total generation capacity of 9.7 megawatts of hydroelectric power from Warm 
and Clearwater Creeks in Whatcom County, Washington. The final EIS, prepared by the Fede",2026-07-21T02:19:37.497813+00:00
7bfac516c12531d561477a879ca02dc7,unknown,,low,T5_llm,"onomic development has occurred.  Electric power is purchased by residences, tribal 
facilities, and businesses from outside suppliers such as Otter Tail Power Company or Wild Rice 
Electric Cooperative and is derived from coal burning or hydropower plants in North Dakota.  
The Western Area Power A",2026-07-21T02:19:39.944775+00:00
7cbe179db23532cfca54c7d7714f0220,unknown,,low,T5_llm,High Temperature Test Facility ..................................................................................................................... 1 2.,2026-07-21T02:19:41.990145+00:00
7dabc8ed-b1ab-edde-f652-2d406b6917a6,federal_land,federal_permit,high,T5_llm,"NOAA Climate Monitoring Station Grant Issuance [""**Description of Proposed Action:** On February 3, 2014, the Department of Commerce/National Oceanic and Atmospheric Administration's U.S. Climate Reference Network (USCRN) filed an application for a grant in support of NOAA's U.S. Climate Reference N",2026-07-21T02:19:44.368606+00:00
7e651c0c8257aedc3e349d8e075ecf7e,federal_direct_action,federal_property_transaction,medium,T5_llm,Paducah Depleted Uranium Hexafluoride Conversion ..................................................................................... S-10 S.1.3,2026-07-21T02:19:47.419859+00:00
7f908c0a50f10984e444056574e3785d,federal_land,federal_direct_action,high,T5_llm,"my Environmental Command in February,
2008.

The Environmental Assessment for Construction of Four Projects to Support the Army
Growth Stationing Action at Schofield Barracks Military Reservation, Oahu, Hawaii,
prepared for the U.S. Army Garrison, Hawaii in January, 2010.

The Programmatic Environ",2026-07-21T02:19:51.572124+00:00
80203ef8e983ce0f94be227d78c2cccb,federal_direct_action,federal_permit|federal_funding,high,T5_llm,"esented to Congress will reflect careful consideration of each estimate 
and its basis. Congress will then have to factor the cost of the SSC into its budget 
process. The decision to proceed with the SSC, or with any other federal program ,  
ultimately rests with Congress. The DOE, on its part, wi",2026-07-21T02:19:55.305407+00:00
807c0a8722c64415ca1e0910b312b62c,federal_land,federal_permit,high,T5_llm,"proposed action and 
decision to issue the authorization, if appropriate. The U.S. Army Corps of Engineers (USACE) similarly 
intends to adopt the Final EIS to meet its responsibilities under Section 404 of the Clean Water Act 
(CWA) and Section 10 of the Rivers and Harbors Act of 1899 (RHA). 
ES.2 ",2026-07-21T02:19:57.864731+00:00
81fc8ede-439d-f682-01ec-d19049c6562a,federal_funding,,high,T5_llm,"ollege Northeast Photovoltaic Regional Training Provider project. The original NEPA review (GFO-10-
237) applied to Phase 1 of this project. This additional location is part of Phase 1.

Hudson Valley Community College's sub-recipient Greenfield Community College proposes to use federal funding to
i",2026-07-21T02:19:59.750096+00:00
82188cb2c3e95e41e80f7312754d7968,federal_permit,,high,T5_llm,"DRAFT Environmental Impact Statement for Hydropower Licenses: Northfield Mountain Pumped Storage Project, Federal Energy Regulatory Commission Project No. 2485-071 and the Turners Falls Hydroelectric Project, Federal Energy Regulatory Commission Project No. 1889-085",2026-07-21T02:20:02.386266+00:00
82dd092f-413e-2f39-3b9f-70c2812e567f,federal_funding,,high,T5_llm,"cost share.

Insert the following language in the award:

You are required to:
Submit an Environmental Assessment to the Golden Field Office. A Finding of No Significant Impact (FONSI) is
required before funds will be release for construction of the facility.

Note to Specialist:

According the the ",2026-07-21T02:20:04.989355+00:00
834ce25e-687d-0c32-70b3-1ec3d837caf8,unknown,,low,T5_llm,"Operation of 3 MeV electron Van de Graaff Accelerator [""Description of Proposed Action: This review covers the operation and maintenance of 3- MeV Van De Graaf electron accelerator as needed to meet program needs. The accelerator will be operated and maintained within approved and authorized limits.",2026-07-21T02:20:07.770195+00:00
853b96cb-56c6-3b91-7320-224dcc4e45cf,federal_land,federal_permit,high,T5_llm,"Mill Creek Canyon Electric Transmission Line Relocation and Reconstruction [""1.0 DECISION AND RATIONALE: This document details my decision to authorize the proposal to relocate, bury and reconstruct the electric transmission line in Mill Creek Canyon, to mitigate wildfire hazards posed by the aging ",2026-07-21T02:20:10.152432+00:00
859ffc1ed95b442aa109c404498efa8d,federal_permit,federal_land,high,T5_llm,"Draft Environmental Impact Statement for the Proposed Relicensing of Hells Canyon Hydroelectric Project located on the Snake River in Washington and Adams Counties, Idaho, and Wallowa and Baker Counties, Oregon",2026-07-21T02:20:13.429150+00:00
87f3e0e1-d9a6-867a-2887-2fd6247c632c,federal_land,federal_permit,medium,T5_llm,"Site Ops - Abatement Services Bldg 16/370,371, 269, 189, 190, 384; NREL Tracking No. 10-036 [""Description:\nB1.16 Removal of asbestos-containing materials from buildings in accordance with 40 CFR part 61 (National Emission Standards for Hazardous Air Pollutants), subpart M (National Emission Standar",2026-07-21T02:20:16.501233+00:00
881a2355-cbde-c32a-a4ed-7138377eaf84,federal_land,,high,T5_llm,"NV Energy Resilience Corridors Project [""DECISION\nI have decided to implement the proposed action, which includes treatment and maintenance of vegetation adjacent to NV Energy electrical infrastructure and power line corridors (see project overview map). These treatments will create safe clearance ",2026-07-21T02:20:19.524958+00:00
88308f0edb70c0baa1ceba0a6690b331,unknown,,low,T5_llm,100 Megawatt Proposed Biomass Power Plant warrant special attention; or 3. The potential environmental impacts resulting from the proposed action are of national importance because of the threat to national environmental resources or to environmental policies.,2026-07-21T02:20:22.014008+00:00
88391cf353ad13cc5f60c982cf90513b,unknown,,low,T5_llm,"Energy Gateway South Transmission Project . 7. Determine Remaining Available Resource. The spatial extent of the remaining available resource (e.g., habitat) in the CIAA was determined by assessing the area outside of the estimated total cumulative development area. Chapter 4 – Cumulative Effects Fi",2026-07-21T02:20:24.322241+00:00
88fee41f0982e8dd966c30ef2f7c62b4,pma,federal_land,high,T5_llm,"y 2, south of Highway 44, south of the Teton River in the 
Diamond Valley area (see Appendix A in the March 2007 document for a description of 
other potential alignments in the Diamond Valley area), and north of the Great Falls 
230-kV switch yard.  Alternative 4 would parallel WAPA’s 230-kV single",2026-07-21T02:20:26.741562+00:00
8b635116b3235c991c71d0d81be39584,federal_funding,,high,T5_llm,"President Obama Announces $3.4 Billion 
Investment to Spur Transition to Smart Energy Grid,” Washington, D.C., October 27, accessed 
June 1, 2010.  http://www.energy.gov/news2009/8216.htm 
DOE (U.S. Department of Energy), 2009b, Environmental Assessment for Department of Energy 
Loan Guarantee for B",2026-07-21T02:20:29.111238+00:00
8c9790f957a75d046c7434d01b63334e,unknown,,low,T5_llm,Small-Scale Power Plant and Direct-Use Geothermal Application,2026-07-21T02:20:31.658734+00:00
8cd32d00-b845-8f80-301c-1b07cb435adc,unknown,,low,T5_llm,"Standby Backup Generator, Old Brookville Village Hall Expansion [""Brief Description of Activities: Work required to install a 38kW backup generator and 1,000 gallon underground fuel tank along with the necessary electrical wiring and equipment to the Village hall and to police HQ building.""]",2026-07-21T02:20:34.011202+00:00
8cf1495f-8075-6c44-27dd-d824623266ce,federal_direct_action,,medium,T5_llm,"Kesselring Site Electrical Upgrades Project [""PROJECT SCOPE DISCUSSION\nThe scope of the Kesselring Site Electrical Upgrades Project includes the replacement and upgrade of the 4160 switchgear in Building 17 with new modern equipment, installation of a remote operating station in Building 15, and re",2026-07-21T02:20:36.039828+00:00
8d2b6ff2-ab75-e430-47d0-e73fd94d8d04,federal_funding,,high,T5_llm,"Forest County Potawatomi Community Material Conservation Program [""Proposed Action or Project Description: The proposed action would involve establishing an energy efficiency program for tribal members. Under this activity, the tribe would develop a plan for implementing energy efficiency strategies",2026-07-21T02:20:39.128358+00:00
8df99c128aac5de7446580c6bfac0fa6,federal_funding,federal_permit,high,T5_llm,"sion, DOE has 
provided financial assistance in support of the preliminary engineering and design phase 
of ORPC Maine’s Cobscook Bay Project and is now considering authorizing the 
expenditure of additional federal funds in support of the project.  Specifically, the 
additional DOE funding would be",2026-07-21T02:20:43.329671+00:00
8e06ffaae78cb45ae7a16075f1b13db7,federal_land,federal_permit,high,T5_llm,"Compliance with Clean Water Act Section 404 
In our scoping comments (July 30, 2009), the U.S. Environmental Protection Agency 
(EPA) noted that the project applicant should coordinate with the U.S. Army Corps of Engineers 
(Corps) to determine if the proposed project requires a Section 404 permit u",2026-07-21T02:20:46.708719+00:00
8e1ac57a-3b8a-b16f-16b6-0c872daaff42,federal_land,federal_permit,high,T5_llm,"Electric Vehicle Charging Station Installations [""Description of Proposed Action and Need:\nPurpose and Need:\nTo comply with DOE Executive Order (EO) 14057 Section 102 (ii), the Fermilab Sustainability Department within the Infrastructure Services Division (ISD) is planning for and facilitating the",2026-07-21T02:20:48.756835+00:00
8e3b484a7d99a27e976ef6d53d85392b,federal_funding,,high,T5_llm,"es of the cellulosic ethanol plant. Section 2.2 discusses the No Action Alternative and 
Section 2.3 provides information on two alternatives that were considered as options but 
were eliminated from detailed analysis by Range Fuels. 
2.1 Proposed Action (Preferred Alternative) 
DOE would provide fu",2026-07-21T02:20:52.029448+00:00
8e75871c1aa6eb68d1b477b86b6645ff,federal_funding,,high,T5_llm,"el and an adjacent 73-acre parcel, acquired 
by Redwood Materials in March 2021 and July 2022, respectively. Portions of the 100-acre parcel 
(approximately 73 acres) were cleared and rough-graded prior to initiation of the LPO’s federal 
action (i.e., consideration of providing federal financial as",2026-07-21T02:20:57.618286+00:00
8f2f7b3b66f9b6a7957c60bcc8da9e2f,federal_program,,high,T5_llm,"DS 
ozone depleting substance 
ODY 
Mars Odyssey 
OFW 
Outstanding Florida 
Waters 
OPlan 
Operation Plan 
OSHA 
Occupational Safety & 
Health Administration 
oz 
ounce 
 
P 
PAFB 
Patrick Air Force Base 
PAH 
polychlorinated aromatic 
hydrocarbon 
PCB 
polychlorinated biphenol 
PEIS 
Programmatic 
",2026-07-21T02:21:00.357622+00:00
8f9f55f5bd75cec4f6fc7c967a701eff,federal_permit,,high,T5_llm,"federal action subject to 
NEPA’s environmental impact statement requirements and to make its comments public. 
 
The Federal Energy Regulatory Commission (FERC) is considering an application from the South Feather 
Water and Power Agency (South Feather) to relicense the existing 117.3-megawatt Sout",2026-07-21T02:21:03.298206+00:00
8fa2e4a0ce54588261fa6730fcf58c03,federal_permit,federal_land,high,T5_llm,"Coastal Virginia Offshore Wind Commercial Project . The ROD should clearly identify the selected mitigation measures, how these measures will avoid sensitive resources during construction and operation, ensure adverse impacts are minimal where possible, and indicate any additional measures or change",2026-07-21T02:21:06.266975+00:00
8fbfdf1a-bfaf-4b91-c137-f9d3459be73a,federal_funding,,high,T5_llm,"U.S. FUELS ACROSS AMERICA'S HIGHWAYS - MICHIGAN TO MONTANT (M2M) [""Rationale for determination: This project number and recipient have previously received a CX on previous work. This new CX has been signed due to the recipient adding additional project locations. The control number reflects the prim",2026-07-21T02:21:08.919940+00:00
9008f2ce3db9f2b42e989536b630d425,federal_direct_action,federal_funding,high,T5_llm,"uction and operation of a Large 
Blade Test Facility, called the Wind Technology Testing Center (WTTC), in the Charlestown 
neighborhood of Boston, Massachusetts. 
DOE determined the need to prepare an Environmental Assessment (EA) to evaluate the impacts that 
could result from DOE’s Proposed Actio",2026-07-21T02:21:11.502717+00:00
9025a669-307f-f590-72fa-d47be5b8bf91,unknown,,low,T5_llm,"BOILER BLOWDOWN TANK PROJECT [""PROJECT SCOPE DISCUSSION\n\nThe scope of the Kesselring Site Boiler Blowdown Tank Project consists of: (1) Excavation\nand removal of an existing 60 year-old 450 gallon Blowdown Tank; (2) Construction of an\napproximately 275 square foot building at the location of the",2026-07-21T02:21:14.664424+00:00
904407ecaf279d75944842ed6fa7cccb,federal_land,federal_permit,medium,T5_llm,"Proposed K Road Moapa Solar Facility, Clark County, Nevada",2026-07-21T02:21:17.018482+00:00
907f0208d95c7f5fd343186d03caa085,unknown,,low,T5_llm,North Plains Connector Project Map North Plains Connector Project Date: (10/24/2024) Source: Z:\Clients\E_H\GRID\North_Plains\Permitting\Federal\NEPA\Resource_Reports\Rev4\RR1\Figures\GRID_NPC_NEPA_RR1_Modified_Overview\GRID_NPC_NEPA_Figure_1.1-1.aprx 4 For Environmental Review Purposes Only Major T,2026-07-21T02:21:19.646831+00:00
9097e1126671463920cbf1a128628c5a,federal_funding,,high,T5_llm,"purpose and need for agency action is to comply with the DOE mandate under the Energy 
Independence and Security Act and the American Recovery and Reinvestment Act by selecting 
eligible projects that meet the stated objectives of the acts.   
A123 has applied for a loan pursuant to the DOE Advanced",2026-07-21T02:21:22.241073+00:00
915417d1-8585-f72f-e804-75161d50dc05,federal_funding,federal_land,medium,T5_llm,"Wireless Microsensors System for Monitoring Deep Subsurface Operations [""Brief Description of Activities: Test wells for Task 3 work have been identified; Task 3 was not covered under original CX. Activities: plug back existing wells, install sensors, cement well casing, test sensors, site restorati",2026-07-21T02:21:25.113214+00:00
933136b3-de59-a6d2-a3c8-7cb4158d2820,federal_funding,,high,T5_llm,"ociated wiring, and appurtenances at
approximately 15 fueling sites would not have a significant individual or cumulative impact to human health and/or the
environment.

Any changes to the project activities are subject to additional NEPA review by DOE and are not authorized for Federal
funding unle",2026-07-21T02:21:27.667233+00:00
942df59cd67dc08a35bcc2733bf27286,federal_direct_action,federal_permit,medium,T5_llm,"components necessary 
to ensure compliance with the packaging requirements of this subpart. It may 
consist of one or more receptacles, absorbent materials, spacing structures, 
thermal insulation, radiation shielding, and devices for cooling or absorbing 
mechanical shocks. The conveyance, 
tie-dow",2026-07-21T02:21:30.535377+00:00
94616a6449e1376e2a1d2fc242543027,federal_land,federal_permit,high,T5_llm,"EEDSPORT-FAIRVIEW LINE










































































5HHGVSRUW)DLUYLHZ($

Reinforcement Project (described in Section 1.4.1).  If the Dixonville Route is chosen, it
is likely that the line would parallel the Proposed Action.  Also, BPA and other utilit",2026-07-21T02:21:33.198163+00:00
95fcc58ff97f8534ef900c7e85325978,unknown,,low,T5_llm,Bear River Hydroelectric Projects,2026-07-21T02:21:36.067104+00:00
984b6f5b22b44ada3f2d7236289091f3,federal_program,federal_permit,medium,T5_llm,"f 
P. H. Glatfelter Company's treatment/disposal facility would not change if the 
proposed project would be approved). 
Please see also response to Comment J-60/6. 
Res
ponse: Please see the responses to Comments D-82/ 1 , J 
-60/6, and J 
-62/3. The 
P. H. Glatfelter Company's National Pollutant D",2026-07-21T02:21:38.268957+00:00
986c3c830089ba5ef1e61d7f30e0497f,federal_program,,high,T5_llm,"Proposed Energy Conservation Standards for Three Types of Consumer Products: Dishwashers, Clothes Washers and Clothes Dryers",2026-07-21T02:21:39.952943+00:00
98f3a094-19f8-12e1-278d-317eb98d46af,unknown,,low,T5_llm,"nvironmental
regulations. Based on a review of the Prize Official Rules and a description of anticipated Phase 3 activities, DOE has
determined that no adverse impacts to resources of concern are expected as a result of Phase 3 activities.

Any work proposed to be conducted at a federal facility may",2026-07-21T02:21:42.718214+00:00
99277374-7c94-f86f-7e10-6b4f5583fb61,federal_funding,,high,T5_llm,"Energy Reduction Measures At City Buildings [""Proposed Action or Project Description: An Energy Audit was conducted in 3 bldgs - City Hall, Police Station, and Singleton Community Center, with the intent to ensure those buildings more than cover the available funds in the grant. This objective was m",2026-07-21T02:21:44.667512+00:00
99a13b59e21a78945467cb855bc2d256,federal_permit,,high,T5_llm,"Draft Environmental Impact Statement for Hydropower Licenses for the Yadkin Hydroelectric Project (Federal Energy Regulatory Commission Project No. P-2197-073); and the Yadkin-Pee Dee River Hydroelectric Project (Federal Energy Regulatory Commission Project No. P-2206-030) in Anson, Davidson, Davie,",2026-07-21T02:21:47.531029+00:00
99e527b16638fe2dfeaf47b936c0e96d,federal_land,federal_direct_action,high,T5_llm,"purpose and need for undertaking the actions. 
Table ES-1. Purpose and Need for each Supplemental Environmental Impact Statement Proposed Action 
Proposed Action  
Purpose of the Action 
Need for the Action 
Provide Additional 
Stormwater Runoff 
Control 
The purpose is to provide additional 
surfac",2026-07-21T02:21:50.259245+00:00
9a6f1656-2445-202a-dc44-c6f156f98522,federal_funding,,high,T5_llm,"Robust highly durable solid oxide fuel cell cathodes [""Brief Description of Activities: The objective of this program is to evaluate impurity scavenging by added reactive elements that are intentionally exsolved from the SOFC cathode electrode during operation.""]",2026-07-21T02:21:52.383980+00:00
9ac9a394-f5c8-51f5-3fe8-824cb3af1340,federal_property_transaction,,high,T5_llm,"GE Property Acquisition [""PROJECT SCOPE DISCUSSION\nThe Department of Energy (DOE), Knolls Atomic Power Laboratory (KAPL) proposes to acquire approximately 50 acres of vacant land containing no active developments, buildings, or structures located along the western boundary of the KAPL facility (her",2026-07-21T02:21:54.124529+00:00
9ad2e834-b4ce-2775-74d6-e2449e8eb352,federal_land,federal_permit,high,T5_llm,"NAVAL REACTORS FACILITY (NRF) FIRE WATER UPGRADE PROJECT [""PROJECT SCOPE DISCUSSION\nThe purpose of the NRF Fire Water Upgrade (FWU) project is to construct a new fire water\nstorage tank and associated pump house that will support future projects and meet the\nrequirements of the International Fire",2026-07-21T02:21:56.748941+00:00
9afef369-708e-c23d-7565-11ff44194784,federal_funding,,high,T5_llm,"proposed action, as NEPA Compliance Officer (authorized under DOE
Order 451.1A), I have made the following determination:

CX, EA, EIS APPENDIX AND NUMBER:
Description:
A11 Technical
advice and
assistance to Technical advice and planning assistance to international, national, state, and local organi",2026-07-21T02:21:59.410802+00:00
9b5745a4-4461-8638-25f9-97b13df2ae44,federal_program,federal_funding,medium,T5_llm,"Electrochemically Mediated Air Separation Modules [""Brief Description of Activities: Develop a novel electrochemically activated oxygen sorbent and electrochemical reactor combination through modeling and experimental means.""]",2026-07-21T02:22:01.723748+00:00
9be803b62ace0bc91616bbcbbf6a9be5,federal_land,federal_permit,medium,T5_llm,Expanding Capabilities at the Power Grid Test Bed at Idaho National Laboratory for Action ................................................................................................... 4 2.,2026-07-21T02:22:04.531873+00:00
9c8d33a9f99cf860972049e3872997d9,federal_program,,high,T5_llm,Energy Efficiency Standards for New Federal Commercial and High-Rise Multi-Family Residential Buildings and New Federal Residential Low-Rise Residential Buildings FOR AGENCY ACTION ............................................. 12 2,2026-07-21T02:22:06.372958+00:00
9e171b08ba50d2fd2394efde31aaa510,federal_direct_action,federal_funding,medium,T5_llm,"The National Spherical Tokamak Experiment at the Princeton Plasma Physics Laboratory FOR THE PROPOSED ACTION If the United States is to meet the energy needs of the future, it is essential that new technologies emerge to compensate for dwindling supplies of fossil fuels and the eventual depletion of",2026-07-21T02:22:09.242951+00:00
9e53c9e3-9348-7433-7534-bc1994df9cd2,federal_land,federal_direct_action,high,T5_llm,"Generic Categorical Exclusion for Siting, Constructing, Modifying, and Operating Small-Scale Structures, Pacific Northwest National Laboratory, Richland, Washington [""Description of the Proposed Action:\nDOE proposes to site, construct, modify, and/or operate small-scale support structures. Siting a",2026-07-21T02:22:12.108806+00:00
9eab5b500127f26c504a182eeccf659b,unknown,,low,T5_llm,"anagement upon completion of outages.  Forced outages are also reported with an estimated 
return time, if possible.  Any forced or scheduled outages causing the project to miss scheduled 
water release targets must be immediately reported to the Water Management Section and to 
SEPA.  In such cases",2026-07-21T02:22:14.159302+00:00
a00604ad-53b3-9284-4dc1-008c501d63e0,federal_funding,,high,T5_llm,"Design, Fabricate and Characterize High Temp and Pressure Microchannel HX for SCO2 Power Cycles [""Brief Description of Proposed Action: CMU will explore the manufacturing process for the additive manufactured heat exchanger designed by OSU. The end result will be a final fabricated heat exchanger to",2026-07-21T02:22:15.795651+00:00
a02260cf9fab70047e434141a09ee8a5,federal_land,federal_permit,high,T5_llm,"g would remove the Project 
and components from the site, permanent alterations, specifically roads, would remain. 
Considering the scope of the Project’s permanent impacts on jurisdictional waters, it is anticipated that 
the Project would qualify for an authorization under the Clean Water Act Sect",2026-07-21T02:22:17.738635+00:00
a0948da3-f061-7995-ee5b-60eb929145b4,unknown,,low,T5_llm,"Glencliff Wood Chip Project [""Brief Description of Proposed Action: Installation of wood chip boiler w/cogen and support structure to replace existing boiler.""]",2026-07-21T02:22:20.195987+00:00
a0d163abe057224d82500138bcac5865,federal_funding,,high,T5_llm,"ANK 
 
 
 
 
 
 
 
 


ALGENOL INTEGRATED BIOREFINERY FOR PRODUCING ETHANOL FROM HYBRID ALGAE 
FINAL EA 
 
DOE/EA-1786 
1 
 
1.0 
INTRODUCTION AND PURPOSE AND NEED 
The U.S. Department of Energy (DOE) is proposing to authorize the expenditure of up to $18 
million in cost-shared federal funding to s",2026-07-21T02:22:23.365047+00:00
a0f5c617-ac38-2795-54e8-ba3320c24cd8,federal_land,,high,T5_llm,"Establish Laydown Yard Northeast of MOX Services Concrete Batch Plant [""Proposed Action or Project Description:\nMOX Services proposes to establish a laydown yard approximately 150 feet east of 902-3F. The 0.26-acre site is sparsely covered with grasses\nand herbaceous vegetation and also is partial",2026-07-21T02:22:26.349238+00:00
a1706090e803fe3e9a96e5430784fa2b,federal_permit,,high,T5_llm,Final Environmental Impact Statement for the Relicensing of the Niagara Project,2026-07-21T02:22:28.494109+00:00
a192ca86-69a2-caa4-6892-261f7a36cc9d,federal_land,,high,T5_llm,"Construction of Indoor Firing Range [""Proposed Action Description\nThis project would provide the Nevada National Security Site (NNSS) Protective Force Contractor, with a fully operational, climate-controlled indoor firing range. The firing range would be in Area 23, south of Building 23-1101 and we",2026-07-21T02:22:30.885863+00:00
a2ca44e41fa1b042d8e12d41b85c461e,unknown,,low,T5_llm,Clackamas River Hydroelectric Project,2026-07-21T02:22:33.592840+00:00
a37f9ad2ecc4181f8c51a5d7b4a8dbc7,federal_permit,federal_land,high,T5_llm,"proposed action before the 2020 rule 
went into effect. 
Cooperating agencies may rely on this EIS to support their decision-making. Revolution Wind has 
applied to the National Marine Fisheries Service (NMFS) for an incidental take authorization in the form 
of a Letter of Authorization for Inciden",2026-07-21T02:22:36.600076+00:00
a41f1e4522d4fb2c848fd03bf109292e,federal_funding,,high,T5_llm,"Proposed Action would authorize $1 million in grant expenditures.  The total cost of the 
Laboratory’s proposed project would be about $4.4 million. 
The Laboratory would construct and operate a new Energy Center to house a wood pellet biomass boiler 
and purchase wood pellets from regional supplier",2026-07-21T02:22:38.805366+00:00
a4224fc9d5d30aa0d411951740a33f0d,federal_direct_action,federal_land,high,T5_llm,"legal requirements. 
Section 2 of the E.O. directs Federal agencies to implement sustainable practices for: 
 
• Energy efficiency and reductions in greenhouse gas emissions. 
• Use of renewable energy. 
• Reduction in water consumption intensity. 
• Acquisition of green products and services. 
• Po",2026-07-21T02:22:41.740531+00:00
a495c9c9452d87f33717bcb54aa3e17b,federal_permit,,high,T5_llm,"proposed action is NRC issuance of COLs 
for two new nuclear power reactor units (Units 3 and 4) at the VEGP site near Waynesboro, 
Georgia. 
EPA previously reviewed and submitted written comments regarding the Draft and Final 
Environmental Impact Statements (EISs) for the Early Site Permit (ESP) f",2026-07-21T02:22:44.692378+00:00
a4b1a869-5618-78ba-54e1-e5aafa2141f9,federal_direct_action,,high,T5_llm,"Categorical Exclusion for Domestic Atmospheric Radiation Measurement Campaigns (ARM) [""Proposed Action Description: The U.S. Department of Energy (DOE), Office of Science, in conjunction with Los Alamos National Laboratory (LANL) proposes to conduct atmospheric and environmental monitoring activitie",2026-07-21T02:22:46.485330+00:00
a52ab66e22857b9e4e6ef168540dd7b7,pma,federal_land|federal_permit,high,T5_llm,"I 
I 
I 
I 
I 
I 
I 
Director ' s  Office 
U . S .  Geological Survey 
Denver Federal Center, Bldg . 25 
Denver ,  Co lorado 
80225 
Bureau of Rec l amat ion 
Grand Junc t ion Project Of fice 
Att n :  
Mr . Ken Ouelette 
764 Horizon Drive 
Grand Junc tion , Co lorado 
8 150 1 
Western Area Power Ad",2026-07-21T02:22:49.734002+00:00
a75aa646e22d44562226d23a2f012fa7,federal_permit,,high,T5_llm,"proposed Federal action in the final EIS is the granting of a Presidential permit to Energia Sierra 
Juarez U.S. Transmission, LLC (ESJ), for the construction, operation, maintenance, and connection of either 
a 230-kilovolt (kV) or a 500-kV electric transmission line that would cross the U.S.-Mexic",2026-07-21T02:22:51.745376+00:00
a780c10f56237f20168249cc3e0aa5b7,federal_land,federal_permit,high,T5_llm,"ffice-Snake River Mollusks: Idaho 
springsnail (Pyrgulopsis idahoensis), Utah valvata snail (Valvata utahensis), Snake River 
physa snail (Physa natricina), Bliss Rapids snail (Taylorconcha serpenticola), and 
Banbury Springs lanx (Lanx spp.). 
. 2004. Biological Opinion for the Federal Energy Regul",2026-07-21T02:22:54.749558+00:00
a833b870-816c-fb19-63e6-b7d157f2c768,federal_direct_action,,high,T5_llm,"High Performance Computing Upgrades [""SECTION B. Project Description:\nIdaho National Laboratory (INL) has a High-performance Computing (HPC) Data Center located in the Engineering Research Office\nBuilding (EROB). The HPC capabilities are essential to conducting research at INL and directly support",2026-07-21T02:22:56.698657+00:00
a8bec5847bb05c9927cbba7c11c37d03,federal_permit,federal_funding,high,T5_llm,"ssection occurred prior to complete differentiation. 
Undertaking – A project, activity, or program funded in whole or in part under the direct or 
indirect jurisdiction of a federal agency, including those carried out by or on behalf of a federal 
agency; those carried out with Federal financial as",2026-07-21T02:22:59.514248+00:00
a8e6ae84-93ae-ec66-20cc-a8aae7601a7b,federal_land,federal_permit,high,T5_llm,"AVISTA New Powerline Project [""Background: AVISTA currently provides service to property owners adjacent to Highway 14. Their proposal is to provide service to a private landowner who currently does not have it by developing two new Rights-Of-Way (ROW), one for an overhead powerline and a ROW for bu",2026-07-21T02:23:01.552886+00:00
a8e73970a72216c6b1fd69156cdc0f48,unknown,,low,T5_llm,Imperial-Mexicali Transmission Lines Project ........................................................................... S-2 S.1.3 Overview of Transmission Line Projects ...................................... S-6 S.1.3.1 Intergen Transmission Line Project .............................. S-6 S.1.3.2 S,2026-07-21T02:23:03.614536+00:00
a93896d44a26f09dffc6bda944d8a11e,federal_permit,federal_land,high,T5_llm,"as Vegas 
8 
and Pahrump Field Offices.  Las Vegas, Nevada:  Southern Nevada District Office. 
9 
https://eplanning.blm.gov/epl-front-
10 
office/projects/lup/2900/49585/53975/Draft_RMP_EIS_September_2014_Version_5.pdf 
11 
(Accessed July 28, 2015) 
12 
BLM.  July 2012a.  “Final Programmatic Environ",2026-07-21T02:23:06.864619+00:00
a938cd5654dea218d861c09633cc35d7,federal_land,federal_funding,high,T5_llm,"S 
National Pollution Discharge Elimination System 
NRHP 
National Register of Historic Places 
NSC 
National Safety Council 
 
O3 
ozone 
OSEAR 
Office of Safety, Environmental Affairs, and Radiation Safety 
OSHA 
Occupational Safety and Health Administration 
 
Pb 
lead 
PEIS 
programmatic environ",2026-07-21T02:23:09.103207+00:00
a93ede23-b00b-8c0a-6bbd-b6a02fb3f8ec,federal_land,federal_permit,high,T5_llm,"Consumer's Energy Amendment #8 (MIO69) [""A. Description of Decision: My decision is whether or not to authorize Consumer's Energy to install an underground electric line, junction box and pole utilizing an existing private road right-of-way 20' in width and 1,330' in length, containing approximately",2026-07-21T02:23:11.062373+00:00
aaa8c92ec3866e7ad70976dc2a2b783d,federal_program,federal_funding,high,T5_llm,"l ation of resi dent i al 
energy conservat i on and renewabl e  resou rce measures through ut i l i ty­
provi ded energy audi ts and other servi ces i n  accordance wi th state pl ans 
or a federal standby pl an admi ni stered by DOE . 
The RCS Program al l ows 
states and the TVA to submi t pl ans",2026-07-21T02:23:13.619459+00:00
ab21ed0b-d85f-f374-64de-874db9aa3621,federal_funding,,high,T5_llm,"FY 22 E&I Recipients Not Requiring NEPA Log [""Rationale for determination:\nThe U.S. Department of Energy's (DOE) Weatherization Assistance Program (WAP) is authorized per Title IV of the Energy Independence and Security Act of 2007. The goal of WAP is to increase the energy efficiency of dwellings ",2026-07-21T02:23:15.489699+00:00
ab8a9c656bc97da0dc3337ac3a23d0ea,federal_permit,federal_land,high,T5_llm,"proposed Federal action. The 
information in this Final EA will inform DOE’s decision regarding whether or not granting a 
Presidential permit is in the public interest, and if so, it will also help to inform DOE’s decision 
regarding potential conditions of the permit. Copies of the Final EA are av",2026-07-21T02:23:17.819584+00:00
abf1c096-7b40-aafb-fa73-98bd183bd4c7,federal_property_transaction,,high,T5_llm,"Project Close-out: Transfer of real estate interests to DOE [""Brief Description of Activities:\nDuring this project, the Alliance acquired certain real estate interests. The interests were trans-\n-ferred to DOE when the Alliance terminated the project. DOE has no plans to use these properties.""]",2026-07-21T02:23:20.072911+00:00
abf78dee-cf78-5c2e-1515-52a00b96f6b4,federal_permit,federal_land,medium,T5_llm,"NREL-23-013 PacWave South Buoys [""Description:\nB3.16 Research activities in aquatic environments Small-scale, temporary surveying, site characterization, and research activities in aquatic environments, limited to: (a) Acquisition of rights-of-way, easements, and temporary use permits; (b) Installa",2026-07-21T02:23:22.641958+00:00
ac4d83f7efb84cb315dd9ebc32cb49f4,federal_land,federal_permit,high,T5_llm,"ated into the project design. The site plan identifies
a nondisturbance zone that corresponds with the location of the intermittent creek. It is not clear
if this area is intended to manage and treat stormwater flows. If fill will be deposited in the
drainage, it could require a Clean Water Act Sect",2026-07-21T02:23:24.681698+00:00
aca915cdc0223c720acffcb04acb5279,federal_funding,,high,T5_llm,"ility’s overall capacity.  The facility 
expansion would enable PDSWM to manage the growing demands for regional solid 
waste processing of five counties and would enable the facility to provide an increased 
amount of renewable energy in the form of steam to local customers. 
 
DOE’s Proposed Actio",2026-07-21T02:23:26.830136+00:00
ad3b6ef30105200b7e1987c29025d6ff,federal_permit,federal_land,high,T5_llm,"nagement 
Easement on federal land crossed by 
the project. 
Federal Land Policy 
Management Act 
Subchapter V 
LOCAL/COUNTY/OTHER 
Noxious Weed 
Management Plan 
County Weed 
Control Districts 
Provides containment, suppression, 
and eradication of noxious weeds. 
Title 7, MCA 
Easement Grants 
and",2026-07-21T02:23:30.737760+00:00
ad4a228aa0a5c5a0e4d10250c1e30157,pma,federal_land,high,T5_llm,"nal Ice Har bor 
transmissio n  support a nd e l i
minate the waste o f  hydroe nerg y. 
Several 
alter nate plans for accomplishing this have bee n cons idered . 
THE PROPOSED PLA
N OF SERVICE 
Al ter nat ive P lan B has bee n selec ted as the Proposed Pla n  of Service . 
The BPA Lower Mo nume nta",2026-07-21T02:23:33.932345+00:00
aef862bd-acfa-4c82-7dee-fdf1fc0e4120,federal_funding,,medium,T5_llm,"cost share.

Note to Specialist :

None Given.

SIGNATURE OF THIS MEMORANDUM CONSTITUTES A RECORD OF THIS DECISION.

NEPA Compliance Officer Signature:
NEPA Compliance Officer
Date: 3/30/10

FIELD OFFICE MANAGER DETERMINATION

[ ] Field Office Manager review required

NCO REQUESTS THE FIELD OFFICE M",2026-07-21T02:23:36.558929+00:00
af2ffd1c84572cd208091292b7dfd2bf,federal_direct_action,federal_property_transaction,medium,T5_llm,"International Falls Land Port of Entry, International Falls, Koochiching County, Minnesota",2026-07-21T02:23:39.018837+00:00
af949be81c2c3d1539216fed281f94f3,pma,federal_land,medium,T5_llm,"Project 
 
FINAL ENVIRONMENTAL ASSESSMENT 
 
 
 
 
 
 
 
 
 
 
 
 
January 2015 
 
 


Joint Lead Agencies: 
U.S. Department of the Interior, Central Utah Project Completion Act Office 
Central Utah Water Conservancy District 
 
Cooperating Agencies: 
U.S. Bureau of Reclamation 
Western Area Power A",2026-07-21T02:23:41.473785+00:00
aff0ca63fc6c2187edcd1e1f155e40e2,federal_funding,federal_permit,high,T5_llm,"not authorize, fund, or carry out 
actions that are likely to cause or 
promote the introduction or spread of 
invasive species in the United States 
- Implement all feasible and prudent 
measures to minimize risk of harm from 
introduction or spread of invasive 
species 
USACE 
Clean Water Act, Sec",2026-07-21T02:23:44.363967+00:00
b02a16f95acce73c963a52aaaf66e447,federal_land,federal_permit,high,T5_llm,"Photovoltaic Solar Project at the Durango, Colorado, Disposal Site for Action ........................................................................................3 1.4 Relationship to Existing Regulatory and Policy Requirements ....................................5 2.0 Public and Agency Involvem",2026-07-21T02:23:46.764109+00:00
b07b0675e3dd2fc8874979efc0fa891e,federal_direct_action,federal_land,high,T5_llm,"he MCRE project would require approximately 22 workers who could receive a total 
effective dose of approximately 30.4 mrem per year each (INL 2022). All potential doses are well within 
the administrative control level for INL workers (700 mrem per year). During all operations, DOE would 
implement",2026-07-21T02:23:49.229522+00:00
b09cf40a073ce1abfa2bde015db8467d,federal_permit,federal_land,high,T5_llm,"ral attenuation (DOE 2021-TN7913).  EPA and 
TDEC requested that DOE continue to provide sampling data for continued trend analysis 


 
3-24 
before determining whether monitored natural attenuation is appropriate, and DOE responded 
by developing a plan for continued sampling (DOE 2022-TN7897).   ",2026-07-21T02:23:51.801072+00:00
b1177fff-6539-7014-8e3b-a75cf45f3eeb,federal_funding,,high,T5_llm,"Competitive Renewable Grants Program - SC Public Service District Grand Strand Solar Station [""Brief Description of Proposed Action: Install 58.75 kW ground mounted solar array on brownfield (formerly wwtp site) which is previously disturbed also install 201.16 kW roof mounted solar array on adjacen",2026-07-21T02:23:53.755412+00:00
b1511baef17a3758dc51127c83823a42,federal_land,federal_permit,high,T5_llm,"private lands, and other modes of renewable 
energy generation. The FEIS should further explain how the Project meets those needs in 
the context of the many renewable energy project applications in the Desert Southwest 
and California. 
Describe BLM's options for acting upon an application for a ri",2026-07-21T02:23:56.891537+00:00
b43b50226bdd87504068c276cfb3f5aa,federal_land,federal_permit,high,T5_llm,"005.  
State of California. 2009. Renewables Portfolio Standard Program Overview. Available online: 
http://www.cpuc.ca.gov/PUC/energy/Renewables/overview.htm. 
U.S. Department of Energy (DOE). 2012. Final Solar Energy Development Programmatic 
Environmental Impact Statement for Solar Energy Develop",2026-07-21T02:23:59.389132+00:00
b4f99b12-a000-daa9-238d-622d654f5ed1,federal_funding,,high,T5_llm,"proposed action, as NEPA Compliance Officer (authorized under DOE
Order 451.1A), I have made the following determination:

CX, EA, EIS APPENDIX AND NUMBER:
Description:
B3.6 Siting, construction (or modification), operation, and decommissioning of facilities for indoor bench-scale research
projects ",2026-07-21T02:24:01.951041+00:00
b70cad6d40cb8759fc4f9ef2de769bbd,federal_funding,,high,T5_llm,"ment 
 
Dear Chief Ben, 
 
The U.S. Department of Energy (DOE), Loan Programs Office (LPO) prepared an Environmental 
Assessment (EA) pursuant to the National Environmental Policy Act (NEPA) to consider the 
environmental impacts of its decision whether or not to provide Federal loan guarantee to Sy",2026-07-21T02:24:03.631972+00:00
b80fc9a6-c5b7-e4b5-01ad-abc81a2d7f4d,federal_land,federal_permit,high,T5_llm,"Herbicide Application to DOE 115-kV Electricity Transmission Line Rights-of-way on the Savannah River Site [""Proposed Action or Project Description: \""DOE-SR owns a 115-kV electricity transmission grid that provides electrical power to facilities sitewide. The infrastructure and vegetation on the\n1",2026-07-21T02:24:06.253709+00:00
b8dbf48325b74bca43976283460ba1ef,federal_funding,,high,T5_llm,"Proposed Action would authorize a total of $400,000 in grant expenditures by the Town of 
Hempstead.  The total cost of the Town’s proposed project would be approximately $600,000.  DOE has 
authorized the Town to use a percentage of the Federal funding for preliminary activities, which includes 
pr",2026-07-21T02:24:08.711524+00:00
b9a756d100bac0aed9024f63d598dc6b,federal_direct_action,,medium,T5_llm,Proposed Consolidation of Nuclear Operations Related to Production of Radioisotope Power Systems,2026-07-21T02:24:10.907435+00:00
b9d9e5960eb885ee3432b7a1e8ddd94f,federal_permit,federal_land,high,T5_llm,Idaho Spent Fuel Facility at the Idaho National Engineering and Environmental Laboratory,2026-07-21T02:24:14.345846+00:00
bad8580e8ed02d3ae08b09434e928ee3,federal_funding,,high,T5_llm,"Purpose and Need 
 
The DOE Office of Energy Efficiency and Renewable Energy’s Wind and Water Power Program 
supports the development and deployment of advanced wind and water power devices, including 
the advancement of offshore wind technologies and floating offshore wind turbine platforms. 
One g",2026-07-21T02:24:16.690042+00:00
bb1cc069-c856-65b4-e0e4-3a4a11c56510,federal_funding,,high,T5_llm,"Electrochemically Mediated Air Separation Modules [""Brief Description of Activities: Develop a novel electrochemically activated oxygen sorbent and electrochemical reactor combination through modeling and experimental means.""]",2026-07-21T02:24:18.232343+00:00
bb70f0e4-8a81-3f52-eb8d-d1071fc2386b,federal_funding,,high,T5_llm,"Nuclear Engineering Teaching and Research Facilities Upgrade at the University of Illinois at Urbana Champaign [""SECTION B. Project Description\nThe scope of the project includes purchasing equipment that the University of Illinois will use to construct a high pressure materials analysis facility. T",2026-07-21T02:24:19.927684+00:00
bbdd65267cec32bd0012309195616047,federal_land,federal_permit,high,T5_llm,"ion 
–  Migratory Bird Treaty Act (MBTA) coordination 
U.S. Army Corps of Engineers (USACE) 
–  Clean Water Act (CWA) Section 404 Permit 
Maryland Department of the Environment 
(MDE), Water Management Administration 
–  CWA Section 401 State Water Quality Certification  
–  CWA National Pollutant D",2026-07-21T02:24:22.433750+00:00
bc90b8f2bee0295021a788eb4e507a5b,federal_property_transaction,federal_land,high,T5_llm,"ic), Building 53 (former post theater), and Building 54 
(The Armed Forces Institute of Pathology Building and former Military Medical Museum) for 
the purpose of permitting the recipient to use the parcel for the protection of public health, 
including research; and 
 
WHEREAS, conveyance of the af",2026-07-21T02:24:24.685967+00:00
bcbb86822312817d6dfd24cb3a2ab636,federal_funding,,high,T5_llm,"use of Representative, District 75
District 75
Wachtmann
Lynn R.
77 South High Street
10th Floor
Columbus
OH
43215-6111
National Audubon Society
Vice President
Wallis
Phil
225 Varick Street
7th floor
New York
NY
10014
867-3474
Ohio Environmental Protection Agency
Chief
Office of Federal Facility Ove",2026-07-21T02:24:27.246767+00:00
be371c5d-39d2-10e2-30ab-c92bf23a191f,unknown,,low,T5_llm,"Novel Temperature Sensors and Wireless Telemetry for Active Condition Monitoring [""Brief Description of Activities: The objective of the program is to develop and engine test hardware and software technologies that will enable active condition monitoring to be implemented on hot gas path turbine bla",2026-07-21T02:24:29.562927+00:00
c0435e6c-b1f5-f5f1-8021-aa3cc3c9b4e9,unknown,,low,T5_llm,"Role of Fluid and Temperature in Fracture Mechanics and Coupled THMC Processes. [""Brief Description of Activities: Develop an integrated approach to enhance heat recovery by characterizing and monitoring the impact of fluid and temperature on fracture slip mechanisms and associated changes in permea",2026-07-21T02:24:32.056906+00:00
c17d8c19-b87f-1ab9-d6d7-da53130bdcad,federal_land,federal_permit,high,T5_llm,"SD-TEP-ROSEBUD SIOUX TRIBE [""Proposed Action or Project Description\nThe Rosebud Sioux Tribe (RST) and Citizens Wind propose to complete the required pre-construction activities necessary to secure funding for the proposed 190 MW North Antelope Highlands wind farm, including identification of power ",2026-07-21T02:24:34.113721+00:00
c2df9af69865ab70ed8da4ee63d4045e,federal_funding,federal_program,high,T5_llm,"d power in an effort to stimulate rural economic development, displace harmful emissions created by 
traditional fuels, diversify the Nation’s options for low-cost electricity generation, and increase energy 
and national security. The Proposed Action and the decision to provide federal funding for ",2026-07-21T02:24:36.745880+00:00
c2e684b9b29d36e45c8c05fb542310e3,federal_permit,federal_land,high,T5_llm,"Jurisdiction
Construction 
and water 
quality
Section 10 Permit
U.S. Army Corps of Engineers (USACE)
Section 404 Permit
USACE 
Section 402 National Pollutant Discharge Elimination 
System (NPDES) Permit (assigned to state of 
Minnesota) 
EPA/MPCA
Land use 
and natural 
resources
Special Use Permit
R",2026-07-21T02:24:40.458135+00:00
c37bc213-10d4-4619-471a-38b82e4ba87f,unknown,,low,T5_llm,"Xcel Energy W3477 Electric Line Rebuild [""Activity: Replace Poles and Lines""]",2026-07-21T02:24:42.915066+00:00
c3b100873fcb9223813d5d5d5f6d1eec,federal_permit,federal_land,high,T5_llm,"long with your consultation letter, you also provided 
the following document: 
 
 Addendum Cultural Resources Inventory and Evaluation Report for the Mather Specific 
Plan Project (Preserve Area), Sacramento County, California (IFC International, March 
2014)  
 
The COE would issue a permit for t",2026-07-21T02:24:45.353787+00:00
c3e4b5878609d9770765c665e776c82b,unknown,,low,T5_llm,Klamath Hydroelectric Project,2026-07-21T02:24:47.632834+00:00
c4031199375b01f1a96f7330a77d34f8,federal_permit,,high,T5_llm,"nership, wilderness study areas, wilderness, and areas of critical 
141 
environmental concern. Bureau of Land Management. Internet website: http://www.blm.gov/ 
142 
ca/st/en/info/maps/gis_links.html. Accessed on July 2011.  
143 
BLM and DOE (Department of Energy). 2010. Draft Programmatic Environ",2026-07-21T02:24:49.874321+00:00
c40d11cfde622d590cb7084f82a93cdf,federal_permit,,high,T5_llm,"proposed Federal action (Preferred Alternative).  If the 
DOE determines that granting a Presidential permit is in the public interest, the information contained 
in this Final EA will help to inform the DOE’s decision regarding potential mitigation measures and 
other conditions of the permit.  Cop",2026-07-21T02:24:52.508061+00:00
c510ec4f1317fadeedd76e7627bc16c3,federal_direct_action,federal_land|federal_permit,high,T5_llm,"d with 
military codes.  Coordinate with CUC to ensure sizing is sufficient for all water needs.   
 
Wastewater Treatment 
The DEIS accurately describes the conditions of the existing wastewater and sewer systems on Saipan, 
noting that they are not in compliance with their EPA National Pollutant D",2026-07-21T02:24:54.699577+00:00
c5310bcce988ec1c0164ec3d98aa611d,unknown,,low,T5_llm,Visual Impact Assessment of a Turbine Project,2026-07-21T02:24:56.849401+00:00
c588c7d4-c6bf-d2a5-89a9-623f2b079a1d,federal_direct_action,federal_land,medium,T5_llm,"C-Area Characterization [""Project Description: This is a revision (Rev. No. 1) to EEC document no. ARRA-C-2010-043 previously approved under the recently retired permitting database. Environmental impacts, waste generation, methodology, and other categories evaluated in Rev. No. 0 of the EEC remain ",2026-07-21T02:24:59.196427+00:00
c5f77e6d-d699-92c5-eeb5-fdd5061a3b5d,federal_funding,,medium,T5_llm,"Lighting Fixture Replacement [""Proposed Action or Project Description:\nOnce funding is obtained to replace the old lighting fixtures, a bid for service would announced (60 days).\nOnce bid is accepted, a contract would be awarded (30-60 days).\nContractual work no more than 120 days.\n\nLyon County",2026-07-21T02:25:01.562692+00:00
c73b124a0a1e57d145349f5c6fb2ebc6,federal_funding,,high,T5_llm,"ration market, an area that has seen little adoption of heat recovery 
in the U.S., and would further DOE’s goal of increasing energy efficiency projects.  The 
proposed project would have a minimum 30 year operating life and would be considered a 
permanent installation. 
 
The DOE’s Office of Ener",2026-07-21T02:25:03.600648+00:00
c7ae21cea4a60637bb52f732ce98d7fc,federal_direct_action,,low,T5_llm,Radiological Response Training Range ..................................................................................................................... 1 2.0,2026-07-21T02:25:05.454328+00:00
c848cf3221d2267af6c8b0186a7e44c0,unknown,,low,T5_llm,Fort George G. Meade Utilities Upgrade Project,2026-07-21T02:25:07.796956+00:00
c94fac963102d136fc98f53df03cae81,federal_funding,,high,T5_llm,"her minimize 
environmental impacts are identified in the EA. 
While it is possible, though unlikely, that the Auburn Energy Project could be implemented 
without DOE financial assistance, that scenario would not provide for a meaningful No Action 
Alternative analysis (i.e., no DOE funding), as it ",2026-07-21T02:25:10.376181+00:00
c9b2b45f-f981-9b73-a6dd-4e30f6dd0e0c,unknown,,low,T5_llm,"Automated Logging of Analog Control Rooms [""SECTION B. Project Description and Purpose:\nTCF funding (under TCF award number TCF-20-21458) was recently awarded to Idaho National Laboratory (INL) with WSC, Inc. (WSC) as collaborative\npartners, to develop automated logging of analog control rooms.\nI",2026-07-21T02:25:13.155313+00:00
ca42ec242ce76b958348f90de0dc86df,federal_permit,,high,T5_llm,"Proposed Action). The Project, as proposed, is 
16 
comprised of a 7.93-mile 500 kilovolt (kV, which equals 1,000 volts) overhead transmission line 
17 
from the Surry nuclear power plant switchyard to the proposed Skiffes Creek 500 kV – 230 kV – 
18 
115 kV switching station, on 51 acres of private",2026-07-21T02:25:16.405107+00:00
cbacc914-5873-9e18-183e-3ff688fb3cb3,federal_land,federal_permit,high,T5_llm,"Monroe County 911 Waucheesi Repeater [""Background: Monroe County 911 has requested to add a repeater with rack, antenna, transmission lines and backup at the existing U.S. Forest Service Communication Site building and tower on Waucheesi Mountain on the Tellico Ranger District, Cherokee National For",2026-07-21T02:25:18.751843+00:00
cbf3d2b2d512347de1d6de3550eb47b6,federal_permit,,high,T5_llm,"Proposed Action represents a Federal action because it would require one or more of the following Federal 
permits and authorizations: 
► 
Department of the Army permit under Section 404 of the CWA for discharges of dredge or fill material into 
waters of the U.S., and 
► 
ESA Section 7 consultation",2026-07-21T02:25:21.576787+00:00
ccab5fa7c3a3d1b2d14abd7f48e1b3c2,federal_funding,,high,T5_llm,"Purpose and Need 
DOE/EA 1787 
2 
December 2010 
Standard that requires the production of 36 billion gallons (136 billion liters) per year of biofuels by 2022, 
and including specific provisions for advanced biofuels, such as cellulosic ethanol and biomass-based 
diesel fuels. 
With funding provided",2026-07-21T02:25:24.411963+00:00
cfc3291eccdb2adccd4f4065f91bf648,federal_permit,,medium,T5_llm,"purpose and need for the project being evaluated in the EIS 
as required by the implementing regulations for the National Environmental 
Policy Act (NEPA) (see 40 CFR 1502.13).  While the draft EIS indicates that  
“Idaho Power anticipates that it will have to acquire additional generating 
resource",2026-07-21T02:25:27.412882+00:00
d0111b9e9e816d2eac1c572db09b9c21,unknown,,low,T5_llm,Pelton Round Butte Hydroelectric Project,2026-07-21T02:25:29.863735+00:00
d02189dd-5f74-4b89-2d91-3a01faaff01b,federal_land,federal_permit,high,T5_llm,"NREL-23-010 UAS Flights Mt. Elbert Hydropower - Twin Lakes, Colorado [""Description:\nB3.2 Aviation activities\nAviation activities for survey, monitoring, or security purposes that comply with Federal Aviation Administration regulations.\n\nRationale for determination:\nThe U.S. Department of Energy",2026-07-21T02:25:32.321358+00:00
d02a21886587a6e8ec2d915362c11489,federal_direct_action,,medium,T5_llm,"tions.  The natural uranium proposed
for sale would require enrichment prior to fabrication.  All of these activities would continue to be
conducted as they are today by USEC and commercial entities.  The only change would be that the
natural uranium and LEU proposed for sale by DOE would replace an",2026-07-21T02:25:35.540819+00:00
d09d81cc-1cdc-d08d-3734-ee3f691af1bb,unknown,,low,T5_llm,"B2, B3, B17 & B36 Utility Meter Install [""Brief Description of Proposed Action: Install building level utility meters for city water, natural gas, electricity, and steam where available.""]",2026-07-21T02:25:37.915405+00:00
d177794eaeaa95955b1a57818c89993d,federal_permit,federal_land,high,T5_llm,Empire Offshore Wind Project Differences Among Action Alternatives,2026-07-21T02:25:44.375805+00:00
d1f1f8143b7b322cbc9a883fb443c278,federal_permit,,high,T5_llm,"proposed 
Federal action in this EIS was to grant 
PNM a Presidential permit for the 
construction, operation, maintenance, 
and connection of two 345,000-volt 
electric transmission lines originating at 
the switchyard of the Palo Verde 
Nuclear Generating Station (PVNGS) 
near Phoenix, Arizona, an",2026-07-21T02:25:46.120219+00:00
d25f82d21e1326bcbd89a85d95d80e6a,unknown,,low,T5_llm,"cation No. 99-4493, Research 
Triangle Park, N.C.  
 
NPS (National Park Service). 2004. National Register Information System: Index by State 
and County. Accessed at http://www.nr.nps.gov. 
 
NRC (Nuclear Regulatory Commission). 1996. Generic Environmental Impact Statement 
for License Renewal of N",2026-07-21T02:25:48.346236+00:00
d2fcfab8690100409f922545824a49fb,federal_permit,,high,T5_llm,"nvironmental Impact Statement (EIS) for the proposed 
Rocky Creek Hydroelectric Project (CEQ EIS No. 020158) in accordance with our 
authorities and responsibilities under the National Environmental Policy Act 
(NEPA) and Section 309 of the Clean Air Act.  The draft EIS has been prepared 
by the Fed",2026-07-21T02:25:50.442521+00:00
d315bc3c15df18136b1e62c9c14ca8d8,federal_permit,federal_land,high,T5_llm,"this Final EIS and are incorporated in 
their entirety by reference. 
• 
Final Programmatic Environmental Impact Statement for Alternative Energy Development and 
Production and Alternate Use of Facilities on the Outer Continental Shelf, OCS EIS/EA MMS 2007-046 
(MMS 2007)—This programmatic EIS exam",2026-07-21T02:25:59.895684+00:00
d330659822d0a3dbc74e28baae328ff3,federal_funding,,high,T5_llm,"111-5, 123 Stat. 115), as amended, the U.S. Department of Energy’s (DOE’s or the 
Department’s) National Energy Technology Laboratory (NETL), on behalf of the Office of 
Energy Efficiency and Renewable Energy’s Industrial Technologies Program, is providing up to 
$156 million in federal funding for ",2026-07-21T02:26:03.897328+00:00
d34cb8df-e527-a06d-f3b7-e33c602296e6,federal_funding,,medium,T5_llm,"Hybrid Vehicle Purchase Project [""Proposed Action or Project Description: The City of Moline has a practice of reassigning retired Police Cruisers to other non-pursuit assignments. These assignments can vary from administrative to transportation for inspectors. These units are exposed to constant st",2026-07-21T02:26:06.347600+00:00
d36fbe8d63619004187bd114f2880d7b,federal_land,federal_permit|federal_funding,high,T5_llm,"roval. The MTSA requires the Coast Guard to 
conduct antiterrorism assessments of certain foreign ports. The USCG issued final rules 
implementing MTSA on October 22, 2003 (68 Fed. Reg. 60448).  
As of September 2006, the SCSPA has received over $20 Million from federal security grant 
funding. Acco",2026-07-21T02:26:09.135880+00:00
d3afceaa6a8bd95d76bca83b8b53e592,federal_program,,high,T5_llm,Energy Conservation Program: Energy Conservation Standards for Residential Furnaces and Residential Central Air Conditioners and Heat Pumps,2026-07-21T02:26:10.875038+00:00
d4b94725ea721d88482954721e6812e4,unknown,,low,T5_llm,Strategic Community Fuelbreak Improvement Project,2026-07-21T02:26:13.664178+00:00
d6800d2815a49cc895ebec6c0198b8a6,federal_property_transaction,,high,T5_llm,"SODI has been the central agent within the region of 
influence and the surrounding 4 county area for the past 
20 years, regarding numerous economic development programs 
and projects.  SODI is engaged in existing discussions and has 
partnering arrangements as well as current grant funding to help",2026-07-21T02:26:16.583904+00:00
d7e30296a1710cdcd1ff3939037f5ac4,federal_program,,high,T5_llm,Amendments to 10 CFR Part 835 for Agency Action 5 3.A Proposed Actions 6 . . . . . . . . . . . . . . . 7,2026-07-21T02:26:18.241988+00:00
d7e5a3a0570331b77746723479215345,federal_direct_action,federal_land,medium,T5_llm,Lower Snake River Juvenile Salmon Migration,2026-07-21T02:26:21.374505+00:00
d83d7128-5f5f-7467-0e94-459ef9ec0558,federal_funding,,high,T5_llm,"EECBG Activities Covered by SOW (v3) [""Rational for determination:\nThe following activities fall within the bounds of the County's signed Statement of Work (SOW) and therefore are categorically excluded under NEPA:\n#2 Neighborhood Stabilization Program (NSP) Retrofits\n#3 Audit Incentives\n#4 Ener",2026-07-21T02:26:23.528530+00:00
d8a7c415-2e39-94e0-c11a-d33f57adbad0,federal_funding,,high,T5_llm,"cost share.

Note to Specialist:

Subtask 4.6 and Subtask 5.2 in the current SOPO of this project are conditional and unallowable activities under this
award. NEPA recommend the recipient's funding be placed on ASAP approval.

SIGNATURE OF THIS MEMORANDUM CONSTITUTES A RECORD OF THIS DECISION.
NEPA ",2026-07-21T02:26:25.902635+00:00
d8ce28a9-a7ef-eea1-c335-12b120b7bc56,federal_funding,,high,T5_llm,"Adult Detention Facility -Energy Conservation Projects-Day Light Sensors for Dimming Lights [""Proposed Action or Project Description: American Recovery and Reinvestment Act: [x]\nIn 2008 the Lancaster County Board approved the construction of a 672 bed County adult Detention Facility (CADF), for occ",2026-07-21T02:26:27.953051+00:00
d9b07125-a552-7353-067e-87f1d46899c7,federal_funding,,high,T5_llm,"Chemistry of Cathode Surfaces: Fundamental Investigation and Tailoring of Electronic Behavior [""Brief Description of Proposed Action: UNLV, as a sub to MIT, will characterize fuel cell cathode thin-films using analytical techniques.""]",2026-07-21T02:26:29.798534+00:00
da78e2db9863bda0412b8c3d6387140c,federal_land,,high,T5_llm,Bureau of Land Management Land Use Planning,2026-07-21T02:26:31.716263+00:00
da798caa-dfb9-2533-bbb1-fc3852b7f918,federal_program,federal_funding,medium,T5_llm,"Williston Basin Associated CO2 Storage Field Laboratory [""Brief Description of Activities: The activities include data analysis and laboratory work at EERC. Cut Bank Field activities include PES surveys, deployment of downhole P/T gauges in select wells, fluid sampling, and data gathering.""]",2026-07-21T02:26:34.120390+00:00
dab5d3a8-439a-c98d-81c2-6569d1f5feb5,federal_funding,,medium,T5_llm,"High Temperature Additive Architectures for 65% Efficiency [""Brief Description of Activities:\nThe project will leverage existing design and analysis knowledge for additive materials and methods to develop and refine designs for advanced turbine hot gas path (HGP) components. (Phase II)""]",2026-07-21T02:26:36.237689+00:00
db01cdc617867942a1b11b58ec60701d,federal_program,,high,T5_llm,10 CFR 431 Energy Conservation Program: Energy Conservation Standards for Refrigerated Bottled or Canned Beverage Vending Machines,2026-07-21T02:26:38.220378+00:00
dbe36bd0ec2b777266febd927425bfa5,federal_land,federal_funding,medium,T5_llm,"uld create 23,000 new jobs.  As Section 4.1 
notes, a portion of the commercial district is complete and businesses have moved into it. 
Other elements of the master plan include a recreational complex, open space, and buffer zones 
along Kirtland Air Force Base. 


Conclusions 
DOE/EA-1754 
31 
 
5",2026-07-21T02:26:40.546632+00:00
dc33a19e84aa579a629a4a688c494e7a,unknown,,low,T5_llm_error,"Blythe Energy Project 
(Blythe Energy, LLC) 
Riverside Co. City of 
Blythe, north of I-10, 7 
miles west of the CA/AZ 
border  
Natural Gas 
Existing 
76 
520 MW combined-cycle natural gas-fired electric-generating 
facility. Project is connected to the Buck Substation owned by 
WAPA.  
4 
Eagle Mou",
dc5b1c5c354dfe6e4d5976df7caf315d,federal_land,federal_property_transaction,high,T5_llm,"2018 Master Plan for the Consolidation of the United States Food and Drug Administration Headquarters at the Federal Research Center at White Oak located in Silver Spring, Maryland is to provide a Master Plan to accommodate future growth and further consolidate FDA operations. The Master Plan would ",2026-07-21T02:26:47.149438+00:00
dcd16f1a845a523b6ce2af47b6a42fef,unknown,,low,T5_llm,"ional Office 
3601 C Street 
Suite 370 
Anchorage, AK 99503-2798 


APPENDIX B 
NOTICE OF WETLANDS INVOLVEMENT 
FOR THE KOZEBUE WIND FARM PROJECT 


Federal Re&ter /Vol. 63, No. 31/Tuesday, February 
Preferred Alternative 
DOE has identified a preferred 
alternative in the draft PEIS. This 
preferre",2026-07-21T02:26:49.291823+00:00
dd51b640-38ab-471c-43a4-b3a726711ca6,federal_land,,high,T5_llm,"LEASE EXTENSION FOR PARCELS OF LAND WITHIN THE BOUNDARIES OF LAWRENCE BERKELEY NATIONAL LABORATORY [""Proposed Action Description: The U.S. Department of Energy (DOE) proposes to continue leasing parcels of land including facilities (e.g., offices, laboratories, radio towers, trailers, storage facili",2026-07-21T02:26:51.939406+00:00
dd88ccdb-949a-98a7-df54-83f0edf941ad,unknown,,low,T5_llm,"Toussaint-Benton 12.47 kv Distribution Circuit Upgrade [""Brief Description of Proposed Action: Replace approx. 1.2 miles of the main dist. line. This process will include replacing all wooden structures and two aging sectionalizers & installing a new 336 ACSR al. conductor and equipments.\nNCO Comme",2026-07-21T02:26:55.318206+00:00
de223239-2ead-2543-93cd-230063d4d8fc,unknown,,low,T5_llm,"Building 4 FSARS [""Brief Description of Proposed Action: Facility operation of Building 4.""]",2026-07-21T02:26:57.775428+00:00
de39d39d9c6254f93c72c2bc7fffecff,federal_funding,,high,T5_llm,"ve its objectives under the Smart Grid 
Program and the Recovery Act would be impaired. 
Although Battelle’s proposed project might proceed if DOE decided not to provide financial 
assistance, DOE assumes, for purposes of this EA, that the project would not proceed without 
this federal funding.  If",2026-07-21T02:27:01.281423+00:00
debb809f-b12e-21ab-091d-6c370fc3d0b6,federal_land,federal_permit,high,T5_llm,"Xcel Energy Project on Forest Service Land [""Project on Forest Service Land: Replacement of poles #52 to #58: replacing the single-circuit 34.5kV line and single-circuit poles with new double-circuit 34.5kV/34.5kV lines on double-circuit poles""]",2026-07-21T02:27:03.762189+00:00
e00801eaf32941aa09ad46a516527a5d,unknown,,low,T5_llm,Southern Intertie Project,2026-07-21T02:27:06.784279+00:00
e060d3db-0763-0892-1974-8f07f6d8a7fb,federal_permit,,high,T5_llm,"Reed Research Reactor Compensated Ion Chamber Replacement - Reed College [""Project Description: Reed College proposes to improve the reliability of its reactor program by obtaining a spare Compensated Ion Chamber (CIC) to monitor the reactor power. Reed College has a TRIGA 250 kW reactor equipped wi",2026-07-21T02:27:11.392656+00:00
e0ba09366c03c7cdbea8352597d3192f,federal_direct_action,federal_property_transaction,medium,T5_llm,"ternatives were considered but not carried forward for detailed analysis. 


Navy OTC Revitalization 
Draft EIS 
May 2021 
2-21 
Proposed Action and Alternatives 
2.4.1 
Relocation to an Active Base 
This alternative would involve the Navy moving NAVWAR’s operations to an active military base in the",2026-07-21T02:27:13.748175+00:00
e10d4d083d8e627e3a2f431926b218f9,unknown,,low,T5_llm,Plains & Eastern and Alternatives......................................................................................... 2-1 2.1 Project Overview ..................................................................................................................................................... 2-,2026-07-21T02:27:16.229965+00:00
e15878be-044a-c53a-9cfd-d547e600421c,federal_funding,,medium,T5_llm,"Energy Retrofits [""Proposed Action Description:\nWest Warwick will install flat solar panels and new hot water tanks in two schools, They will also install solar street lights at the school parking\nlot.""]",2026-07-21T02:27:18.558824+00:00
e1fa1bebc8112ed539e925bab5b93720,federal_permit,federal_land,high,T5_llm,Atlantic Shores Offshore Wind South Project,2026-07-21T02:27:20.813845+00:00
e229a31a937d9915efdfce16031c73a6,federal_funding,,high,T5_llm,"DOE NEPA implementing procedures (10 CFR Part 1021). 
DOE is considering providing CCET with financial assistance under Funding Opportunity 
Announcement DE-FOA-0000036, Recovery Act – Smart Grid Demonstrations, to facilitate its 
proposed demonstration project.  CCET would use DOE funding to demons",2026-07-21T02:27:23.327265+00:00
e316ac0a400a88b3ef4f6c09d4c4474a,federal_land,federal_permit,high,T5_llm,"TransWest Express and Alternatives 2.1 Project Overview 2.1.1 TransWest’s Proposed Action The proposed action would consist of the following Project facilities and improvements. Additional details can be found in Section 2.4.2, Applicant Project Description and Design Features. • A 600-kV DC transmi",2026-07-21T02:27:25.433902+00:00
e3774b83549fdbcd68eb1eccdc2152bf,unknown,,low,T5_llm,TransWest Express Transmission Project .................................................................................................................. 1-3 1.2.1 Direct Current System ........................................................................................................ 1-4 1.2.2,2026-07-21T02:27:27.802143+00:00
e3bc8cd88e54616a6dc1ff2d309dcef4,federal_permit,,high,T5_llm,"se: 
The U.S. Environmental Protection Agency (EPA) has reviewed the referenced Draft 
Environmental Impact Statement (EIS) in accordance with its responsibilities under Section 309 
of the Clean Air Act and Section 102(2)(C) of the National Environmental Policy Act (NEPA). 
The Federal Energy Regul",2026-07-21T02:27:30.512346+00:00
e41186e241b4f11adb9a99e18408350d,federal_direct_action,federal_funding,medium,T5_llm,"THE NATIONAL COMPACT STELLARATOR EXPERIMENT AT THE PRINCETON PLASMA PHYSICS LABORATORY If the United States is to meet the energy needs of the future, it is essential that new technologies emerge to compensate for dwindling supplies of fossil fuels, the eventual depletion of fissionable uranium used",2026-07-21T02:27:33.818296+00:00
e648664e184b0671d617122c8cc5edc1,unknown,,low,T5_llm,"Tonopah Solar Energy, LLC, Crescent Dunes Solar Energy Project, Nye County, Nevada",2026-07-21T02:27:36.260270+00:00
e69f14c4f08f80367921614992dda98b,federal_funding,,high,T5_llm,"Proposed Action before making a 
decision to implement that Action. This requirement applies to decisions about whether to provide 
Federal financial assistance to government and private entities. 
In compliance with these regulations, this Environmental Assessment (EA)  
 
Examines the potential e",2026-07-21T02:27:38.525860+00:00
e74c6437ab2077411095b094003930d5,federal_direct_action,,high,T5_llm,"Purpose and Need 
The purpose of the Proposed Action is to construct and operate a new CPF within the NCR to replace 
Treasury’s insufficient DC Facility.  
The Proposed Action would provide Treasury with a modern, scalable, sufficiently sized production facility 
within the NCR that meets Treasury’",2026-07-21T02:27:40.782907+00:00
e81198773b48ce94f1e49c56c2472e31,federal_direct_action,federal_land,high,T5_llm,"Hydropower Rehabilitations, Dissolved Oxygen, and Minimum Flow at Wolf Creek Dam, Kentucky, and Center Hill and Dale Hollow Dams, Tennessee for the overall project. However, the adaptive management protocol, as currently described in the Draft EIS, focuses primarily on changes to the timing and quan",2026-07-21T02:27:42.842276+00:00
e96575ea-c78f-ca1e-5134-a89aa6c9c84c,federal_funding,,medium,T5_llm,"OU Center for Biomass Refining [""Description:\nB3.6 Siting, construction (or modification), operation, and decommissioning of facilities for indoor bench-scale research projects and conventional laboratory operations (for example, preparation of chemical standards and sample analysis); small-scale r",2026-07-21T02:27:45.184069+00:00
e9828ec39ba7430ae6a9ef6160f83ddb,federal_permit,federal_direct_action,medium,T5_llm,"tJ-
n
 
ڀ
\) II "" 
IVIIf
./. 
ˁ
˂
 
DOCKETED 
ɼ 
/fJ 
., 
Mr . Richard E .  Weiner , Director 
Department of Energy 
J UN 2, ˀ 1980 
Office of Utility Systems 
Room 4110 , 2000 M Street , NW 
Washington, D . C .  
20461 
Dear Mr . Weiner : 
"" J &. l\El\˃B\l\\\
 
This constitutes TVA' s comments on t",2026-07-21T02:27:48.345069+00:00
e9b73e03cb239dd5f05e9a00d3f9c43d,unknown,,low,T5_llm,Prospect and Janus Solar + Storage Projects ........................................................................................................................ 1 1.2 Emergency Authority and Point of Contact................................................................................... 1 1.3,2026-07-21T02:27:50.310885+00:00
e9c6006e823b22af5910dc4ad4ee27b7,unknown,,low,T5_llm,Chuckwalla Solar Projects ..................................................................................................................... 1 2.0,2026-07-21T02:27:52.927402+00:00
eae0c1eed57fe3fae1d25a968a4302cd,federal_direct_action,federal_land|federal_permit,high,T5_llm,"Guam and Commonwealth of the Northern Mariana Islands Military Relocation , and committed to in the ROD. The following recommended actions would extend Guam’s water supply and ensure the water conservation goals required under EOs 13514 and 13423 are met or exceeded10. Water demand conservation: To ",2026-07-21T02:27:55.240402+00:00
eb11ccb03c427affe8f74c490f920c57,federal_land,federal_permit,high,T5_llm,"Marine Science 5 
(November):1–13. 
Tetra Tech, Inc. 2016. Site Assessment Plan. Deepwater Wind North Lease OCS-A 0486. Prepared for 
Deepwater Wind New England, LLC. Boston, Massachusetts: Tetra Tech, Inc. 
Cultural Resources 
Bureau of Ocean and Energy Management (BOEM). 2012. Outer Continental Sh",2026-07-21T02:27:58.101002+00:00
eb38feec-1088-ecb4-460e-736b409d739b,federal_direct_action,,medium,T5_llm,"nvironmental
regulations. Based on a review of the Prize Official Rules and a description of anticipated Phase 3 activities, DOE has
determined that no adverse impacts to resources of concern are expected as a result of Phase 3 activities.

Any work proposed to be conducted at a federal facility may",2026-07-21T02:28:00.645907+00:00
eb478c580f4c22cd208870f22ee3f8e7,federal_funding,federal_permit,high,T5_llm,"Project Cypress Direct Air Capture Hub Project Cypress would demonstrate the processing, delivery, secure geologic storage, and/or conversion of, CO2 captured from the atmosphere through the utilization of contrasting Direct Air Capture (DAC) technologies developed independently by Climeworks and He",2026-07-21T02:28:02.297815+00:00
eb5d92beb19f997f6361bd01167d1f06,unknown,,low,T5_llm,Proposed Irene Creek and Anderson Creek Projects We do not believe that the draft EIS provides sufficient information to demonstrate that there is a need for the presently proposed projects or any of the action alternatives to them. While Chapter 1 of the EIS presents a good general overview of the ,2026-07-21T02:28:05.724952+00:00
ed737ccc-3b54-135b-eca6-0340559c1b92,federal_program,federal_funding,high,T5_llm,"DOE Buildings Upgrade Prize - Phase 3 [""Rationale for determination:\nThe U.S. Department of Energy (DOE) is proposing to authorize the administration of a four-phase prize competition, known as the \""National Building Upgrade Prize\"". The prize would provide cash and technical assistance toward the",2026-07-21T02:28:07.829935+00:00
edad206f877a442336f916f25fbe4c9b,federal_direct_action,federal_land|federal_permit,high,T5_llm,"ant 
29 
supporting plans. 
30 
 
31 
Terrorist Activity 
32 
 
33 
The NBC Coastal Campus could be perceived as a future target of terrorism due to the NSW 
34 
concentration. It would not, however, be considered any more of a focus than NAB Coronado or NASNI, 
35 
or any other military installatio",2026-07-21T02:28:10.475950+00:00
ee4bbe8e04d09e9b5939a1a54835c02b,federal_funding,federal_permit,high,T5_llm,PILOT EXPERIMENT FOR GEOLOGICAL SEQUESTRATION OF CARBON DIOXIDE IN SALINE AQUIFER BRINE FORMATIONS The U.S. Department of Energy (DOE) proposes to provide funds for a field test of the geological sequestration of carbon dioxide (CO2). The Bureau of Economic Geology (BEG) at The University of Texas a,2026-07-21T02:28:13.196713+00:00
eeceb935-0c5f-e1ee-3680-2a8fdf1ef581,federal_land,federal_program,high,T5_llm,"Generic Categorical Exclusion for Siting, Constructing, Modifying, and Operating Small-Scale Structures, Pacific Northwest National Laboratory, Richland, Washington [""Description of the Proposed Action:\nDOE proposes to site, construct, modify, and/or operate small-scale support structures. Siting a",2026-07-21T02:28:15.224437+00:00
f00059d0-7da7-56bc-a331-8eff2a6fdb82,federal_direct_action,federal_land,high,T5_llm,"Flushing of the Ellenton Header & R-Normal River Water Lines [""Project Description: The R-Normal and Ellenton Header river water lines are part of a system previously used to supply reactor cooling water, and will now be used to provide water to the Ameresco Biomass Cogeneration Facility (BCF) for s",2026-07-21T02:28:17.340714+00:00
f0641e71-0eca-9c01-0502-06e4bf4f5d80,federal_land,,high,T5_llm,"Washington River Protection Solutions LLC - Proposed Actions For CY 2012 Scheduled To Take Place Under CX B1.22, ""Relocation of Buildings"" [""II. Project Description and Location (including Time Period over which proposed action will occur and Project Dimensions - e.g.,\nacres displaced/disturbed, ex",2026-07-21T02:28:19.384626+00:00
f0830781-e367-cac0-7cf7-2d149bb7a204,unknown,,low,T5_llm,"Replace Number 4 Cooling Water Pump in Building 681-3G [""Proposed Action or Project Description:\nReplace the No. 4 cooling water pump in Building 681-3G""]",2026-07-21T02:28:21.521315+00:00
f0a26086559f8c8290147af98437dcfa,federal_funding,,high,T5_llm,"ontact: 
Melissa Rossiter 
NEPA Document Manager 
Golden Field Office 
U.S. Department of Energy 
1617 Cole Blvd. 
Golden, CO 80401-3305 
Desk Phone: 720-356-1566 
Blackberry: 720-291-1602 
Melissa.Rossiter@go.doe.gov 
 
ABSTRACT: The U.S. Department of Energy (DOE) has provided Federal funding to t",2026-07-21T02:28:23.689241+00:00
f12de34e-da96-2a18-5b96-903bea27f98c,unknown,,low,T5_llm,"Carbon Molecular Sieve Membranes with Hierarchical Chemistries and Structures fo [""Brief Description of Activities: Conduct lab-scale R&D experiments for novel carbon molecular sieve hollow fiber composite membranes with hierarchical chemistries and structures for improved O2 separation from air""]",2026-07-21T02:28:26.045963+00:00
f155be7f351d1cb164509a6388d7c9c7,federal_permit,,high,T5_llm,"Final Environmental Impact Statement for Amendment of Licenses to Incorporate an Interim Species Protection Plan for the Shawmut Project and a Final Species Protection Plan for the Weston, Lockwood, and Hydro-Kennebec Projects; and the Relicensing of the Shawmut Project",2026-07-21T02:28:28.462534+00:00
f1a357e11dfd14decad4237e7763588d,federal_land,federal_permit,high,T5_llm,"Hazardous Fire Risk Reduction . FEMA invited the U.S. Forest Service (USFS), the National Park Service (NPS), the U.S. Fish and Wildlife Service (USFWS), the National Marine Fisheries Service (NMFS), Cal OES, UCB, Oakland, and EBRPD to be cooperating agencies, and all accepted. FEMA and the cooperat",2026-07-21T02:28:30.751926+00:00
f1b1295c-3405-2c25-b9ff-32f45c674313,federal_land,federal_permit,high,T5_llm,"El Paso County Geothermal Project at Ft. Bliss [""Rational for determination: El Paso County (EPC) would evaluate the commercial viability of low temperature geothermal resources in the McGregor test area (or other less known sites) on the Fort Bliss Military Reservation (Fort Bliss) to determine if ",2026-07-21T02:28:33.006488+00:00
f25cf0845623d18a45e3c4745f730879,federal_land,federal_permit,high,T5_llm,"encies during preparation of the EIS. The USFWS will evaluate the Utilities’ request for a ROW 
easement and a Special Use Permit to cross the Refuge. The USACE will review a ROW request as well 
as permit applications and requests for permission by the Utilities, as required by Section 10 and Secti",2026-07-21T02:28:35.567903+00:00
f290daa494a531a56543777cebfc204f,federal_direct_action,federal_funding,high,T5_llm,"ion required for the U.S. Route 1 shoreline 
stabilization 
Total Project Cost is the cost estimate provided to non-federal sponsors for their use in financial 
planning as it provides information regarding the overall non-federal cost sharing obligation. In 
accordance with the cost share provision",2026-07-21T02:28:38.150725+00:00
f295348547ff48f259aa7474c0e61474,federal_funding,,high,T5_llm,"ffice of Energy Efficiency and Renewable Energy 
U.S. Department of Energy 
Golden Field Office 
1617 Cole Blvd 
Golden, CO 80401 
Desk Phone: 720-356-1566 
Blackberry: 720-291-1602 
Email:  melissa.rossiter@go.doe.gov 
ABSTRACT:  The U.S. Department of Energy (DOE) has provided Federal funding to t",2026-07-21T02:28:41.910570+00:00
f2dd575140c2f61ce0b0e55c195158bd,unknown,,low,T5_llm,"rtment of Agriculture, Forest Service, Eastern Region, Chap. 2: 
Forest-wide Management Direction, Objectives for Non-native Invasive Species, p. 2-33 (O-WL-38, 
O-WL-39, G-WL-25), July. 


 
10-056(E)/061411 
6-3
USFS (U.S. Forest Service) 2010. Environmental Assessment Central Vegetation Managemen",2026-07-21T02:28:44.329189+00:00
f2f3ec1f33528279ddcd271a7d827660,federal_land,federal_permit,high,T5_llm,"us respondent's own perception about his ability to speak 
English (United States Census 2000 Metadata). 
 
A review of the area did not reveal the use of any language but English on billboards, signs or 
placards.  
 
Even though the Proposed Project is not scheduled to receive Federal funding, sin",2026-07-21T02:28:47.239869+00:00
f318ab95-883e-26dd-3253-f4f74e052923,federal_land,,high,T5_llm,"C-CA-CAM BUILDING COMPLEX DEMOLITION AND SITE RESTORATION [""PROJECT SCOPE DISCUSSION\nThe scope of the C-CA-CAM Building Complex demolition includes removal and disposal of concrete, gypsum, roof and wall panels, structural steel, abandoned interior and exterior utilities, and ancillary components a",2026-07-21T02:28:49.181138+00:00
f492ec4ecfe873b189fdf62bc9eed583,unknown,,low,T5_llm,"Sonoran Solar Energy Project Direct impacts to air quality would result from vehicle exhaust emissions during construction, emissions from stationary sources (gas-fired supplemental electrical generation components, cooling towers, and emergency generator and fire water pumps) during operations, fug",2026-07-21T02:28:52.093552+00:00
f49966a8ce6340d6350bdfb267fa0822,federal_land,federal_permit,high,T5_llm,"ons, negative air pressure would be maintained in the containment structure. 
The ventilation control system would monitor differential pressure, flow rates, and radiation levels in the 
exhaust stack, and modulate valves and dampers, as necessary.  
For each reactor experiment, DOE would develop an",2026-07-21T02:28:54.202392+00:00
f4a454174c8c38b37a06ef189d33b0c5,federal_funding,federal_permit,medium,T5_llm,"ested to become cooperating or consulting parties. State and 
local agencies would participate in the NEPA process through review of the EIS and 
issuance of permits or approvals. 
1.4 
Authorizing Actions 
1.4.1 Applicable Statutory Requirements 
Badger State Solar submitted an Application for a Ce",2026-07-21T02:28:56.750094+00:00
f5148577-a83c-5a2c-2cab-acee71b99e10,unknown,,low,T5_llm,"QuesTek Innovations LLC - Concurrent Design of a Multimaterial Niobium Alloy Systems for Next-generation Turbine Applications [""Proposed Action Description: SECOND AMENDED NEPA DETERMINATION: (See attached original Determination, dated February 23, 2021 and the First Amended Determination dated Marc",2026-07-21T02:28:59.353087+00:00
f5d02a5d-95a9-3762-a26b-120c6c096285,federal_funding,,medium,T5_llm,"Energy Audit and HVAC Replacement for Goodyear City Facilities [""Proposed Action or Project Description: Complete energy audit and replace several heating, ventilating, and air conditioning units on city facilities (Fire Station 181, Fire Station 183, City Hall, and Corgett WRF)""]",2026-07-21T02:29:01.893190+00:00
f5eddcb3afd9f9cc5c0278fff07a3119,federal_permit,,high,T5_llm,Environmental Impact Statement for the Proposed Relicensing of Spokane River and Post Falls Hydroelectric Projects,2026-07-21T02:29:04.588991+00:00
f6984291bfdc6c1996643ae862aeb5b1,unknown,,low,T5_llm,Construction and Operation of a Human Genome Laboratory ...................................................................................................... 1 2.1,2026-07-21T02:29:06.813670+00:00
f718e60c-1a51-35de-46fd-c5940b833f30,federal_land,,high,T5_llm,"Construction of Indoor Firing Range [""Proposed Action Description\nThis project would provide the Nevada National Security Site (NNSS) Protective Force Contractor, with a fully operational, climate-controlled indoor firing range. The firing range would be in Area 23, south of Building 23-1101 and we",2026-07-21T02:29:09.607871+00:00
f7f8142a-9365-572b-ccf2-6e7e73ec38d8,federal_funding,,high,T5_llm,"Electrochemical Hydrogen Compressor [""Rational for determination: Fuel Cell Energy (FCE) would conduct research and development of their electro-chemical hydrogen compressor concept and design, fabricate, install and test a prototype unit capable of compressing hydrogen from about 300 psi input pres",2026-07-21T02:29:11.869370+00:00
f8bd3e66-a152-f8b2-c317-b0f22e1b030d,federal_direct_action,,high,T5_llm,"Fermenter Studies Including Scale-Up Pilot [""Description of Proposed Action: This is a revision of ASO-CX-382 - ERF#ANL-985-1600 - Approved 4-14-2021. This revision adds in mycelium fermentation. This work consists of two similar tasks brewery wastewater and cheese whey digestion in a bioreactor, an",2026-07-21T02:29:14.373490+00:00
f9307c3c-9ecb-1d67-aaae-dd9181b228e7,federal_land,federal_permit,high,T5_llm,"NREL-23-010 UAS Flights Mt. Elbert Hydropower - Twin Lakes, Colorado [""Description:\nB3.2 Aviation Aviation activities for survey, monitoring, or security purposes that comply with Federal Aviation\nactivities Administration regulations.\n\nRationale for determination:\nThe U.S. Department of Energy",2026-07-21T02:29:16.971850+00:00
f95ac8b4-8d0d-3f5f-cf95-5660a3aaae4e,federal_land,federal_permit,high,T5_llm,"Routine Activities on Patented Claims Adjacent to Uranium Leasing Program Lease Tracts, Uranium Leasing Program (ULP) [""Proposed Action or Project Description:\nLM is proposing to issue access agreements for patented lands, some of which are private deeded property, adjacent to the ULP lease tracts ",2026-07-21T02:29:19.682864+00:00
f962b38f-7474-6f57-341c-3d306f645fba,federal_land,federal_permit,high,T5_llm,"Stevens Creek Hooks Transmission Line Rebuild [""DECISION\nI have decided to issue special use authorization LON2202 for the use of National Forest System (NFS) lands by Dominion Energy South Carolina for the rebuild of approximately 4.92 miles of the Stevens Creek Hooks transmission powerline in the",2026-07-21T02:29:21.956111+00:00
fa149a44-c8a4-c6a7-5bfb-8d37008fd056,federal_land,federal_permit,high,T5_llm,"HISTORIC WHITE BLUFFS BANK BUILDING RENOVATION PROJECT [""II. Project Description and Location (including Time Period over which proposed action will occur and Project Dimensions - e.g.,\nacres displaced/disturbed, excavation length/depth, area/location/number of buildings, etc.):\nThis project will ",2026-07-21T02:29:23.667350+00:00
fa6274bc-ce0c-e310-289f-976cffcdd125,federal_land,federal_permit,medium,T5_llm,"Double Circuit Upgrade of Empire-ED5 115-kV Transmission Line, Pinal County, Arizona [""Title/Proposed Action: Amendment 1 to Categorical Exclusion for a double circuit upgrade along the existing Empire-ED5 115-kV transmission line, Pinal County, Arizona""]",2026-07-21T02:29:27.400627+00:00
faf19277ad7b3df2ea2a995980d0c841,federal_permit,,high,T5_llm,"federal action subject to 
NEPA’s environmental impact statement requirements and to make its comments public.  
 
Alabama Power Company is requesting a single new operating license from the Federal Energy 
Regulatory Commission (FERC) for three separately licensed projects: (1) the Coosa Hydroelect",2026-07-21T02:29:29.681160+00:00
fbc40e29-012f-f6e5-d7d9-220c5e070706,federal_land,federal_permit,high,T5_llm,"2 Tactical Access Point-Radio Decoder Enclosure [""**Description of Proposed Action:** The proponent of the project is the Department of Homeland Security (DHS), U.S. Border Patrol\n(USBP) Headquarters. The proposed Project will be located on lands administered by the\nBureau of Land Management (BLM)",2026-07-21T02:29:31.578648+00:00
fbeed60e-70bd-28f9-64e8-dd85711aaa31,federal_direct_action,,medium,T5_llm,"B94 Computational Science Computer Room 103 Renovation - Phase II [""Brief Description of Proposed Action: Provide the power and cooling for additional computational racks purchase by ORD.""]",2026-07-21T02:29:33.764610+00:00
fccd7b2e81153398e0cfe720301c1771,federal_program,,high,T5_llm,"14, Environmental Effects Abroad of Major Federal Actions; 
Council on Environmental Quality (CEQ) regulations (40 Code of Federal Regulations 
[CFR] parts 1500–1508); and NASA policies and procedures at 14 CFR 1216. This is a 
Tier 2 mission-specific document under NASA’s Final Programmatic Environ",2026-07-21T02:29:35.777080+00:00
fcdab6d8111c96baaf90a4bb08af1b97,unknown,,low,T5_llm,Manhattan Project Sites,2026-07-21T02:29:37.722109+00:00
fdb6d3e0-8d70-97b8-fb42-9deb7bba2a91,federal_direct_action,federal_funding,medium,T5_llm,"rces, including those of an ecological, historical, cultural, and socioeconomic nature. DOE does not anticipate
impacts on these resources which would be considered significant or require DOE to consult with other agencies or
stakeholders.

Any work proposed to be conducted at a federal facility may",2026-07-21T02:29:40.792769+00:00
fe1b2e60-65eb-25ea-2b16-043a57037fa8,federal_land,federal_permit,high,T5_llm,"Distributed Generation Wind Power at Navy Sites - Second Met tower at Naval Station Newport, RI [""Rational for determination:\nThis project is for the commissioning of a meteorological (met) tower to be installed at the Naval Station Newport in Rhode Island. The NEPA determination for a previous met",2026-07-21T02:29:43.407582+00:00
fe5ac2646d3e417e4665dead27fcd77c,unknown,,low,T5_llm,Desert Renewable Energy Conservation Plan,2026-07-21T02:29:45.146146+00:00
fe6460def6599e949db82e16fa84c41b,federal_permit,federal_land,high,T5_llm,License Surrender for the Kilarc-Cow Creek Hydroelectric Project,2026-07-21T02:29:47.287328+00:00
fe8de08be825c60481a15e0a714f0665,federal_land,federal_permit,medium,T5_llm,"necessary to 
staff the more skilled operations positions. In addition, local community colleges (Palo Verde 
College in Riverside and College of the Desert in Palm Desert) as well as University of 
California - Riverside have recently developed Utility Job Training Courses with federal funding 
sup",2026-07-21T02:29:51.135990+00:00
ff057600d66fe6245278f74730f125fd,federal_permit,federal_land,high,T5_llm,"Relicensing the Don Pedro Hydroelectric Project, Federal Energy Regulatory Commission Project No. 2299-082, and issuing an original license for the La Grange Hydroelectric Project, Federal Energy Regulatory Commission Project No. 14581-002",2026-07-21T02:29:54.102588+00:00
ff76899954500f07ec4b2988863df040,federal_permit,,high,T5_llm,"FINDING OF NO SIGNIFICANT IMPACT
Brownsville Public Utilities Board 
FE Docket PP-226
On June 23, 2000, Brownsville Public Utilities Board (BPUB) filed an application with the
Office of Fossil Energy (FE) of the Department of Energy (DOE) for a Presidential permit to construct,
operate, maintain and",2026-07-21T02:29:55.847057+00:00
ff8c25d4-f760-4cd9-38e1-d73709bc26a6,unknown,,low,T5_llm,"Carbon Molecular Sieve Membranes with Hierarchical Chemistries and Structures fo [""Brief Description of Activities: Conduct lab-scale R&D experiments for novel carbon molecular sieve hollow fiber composite membranes with hierarchical chemistries and structures for improved O2 separation from air""]",2026-07-21T02:29:58.152792+00:00
ffd58e18ffd722f9815509bd645e5219,federal_program,,high,T5_llm,Packaged Terminal Air Conditioner and Packaged Terminal Heat Pump Energy Conservation Standards,2026-07-21T02:29:59.965828+00:00
