project_id,span_type,matched_phrase,heading_title,snippet,threshold_extraction_run_at,threshold_llm_run_at
00a456d42d45bca81408478d7f65dcaa,finding,would require an eis,FINDING OF NO SIGNIFICANT IMPACT,"Compatibility (Docket No. L- OOOOOD-11-0389-00163; Decision No. 72801, 1/26/2012). Therefore, if this condition is met, preparation of an environmental impact statement is not required. In addition, based on the analysis of Water Resources and Floodplains in DOE/EA-1948 (Pages 3-68 to 3-",2026-07-22T17:34:50.050859+00:00,
00a456d42d45bca81408478d7f65dcaa,resource,would be significant if,Traffic and Transportation,nge to the characteristic landscape should be moderate. Environmental Consequences Significance Criteria Visual impacts would be significant if:  Views to the Project area resulted in major visual contrast in sensitive or visually unique areas in proximity to hi,2026-07-22T17:34:50.050859+00:00,
00a456d42d45bca81408478d7f65dcaa,finding,would be significant if,Environmental Consequences,Significance Criteria Visual impacts would be significant if:  Views to the Project area resulted in major visual contrast in sensitive or visually unique areas in proximity to hi,2026-07-22T17:34:50.050859+00:00,
00a456d42d45bca81408478d7f65dcaa,resource,would be significant if,Environmental Consequences,Significance Criteria Visual impacts would be significant if:  Views to the Project area resulted in major visual contrast in sensitive or visually unique areas in proximity to hi,2026-07-22T17:34:50.050859+00:00,
00a456d42d45bca81408478d7f65dcaa,finding,would be significant if,Environmental Consequences,Significance Criteria Impacts to agriculture would be significant if:  Loss of prime or unique farmlands attributable to the Project is a major contribution to the downward trend in the r,2026-07-22T17:34:50.050859+00:00,
00a456d42d45bca81408478d7f65dcaa,resource,would be significant if,Air Quality,-designation by the EPA to attainment for PM10. Environmental Consequences Significance Criteria Impacts to air quality would be significant if:  Predicted concentrations of criteria pollutants would exceed state and/or Federal ambient air quality standards;  P,2026-07-22T17:34:50.050859+00:00,
00a456d42d45bca81408478d7f65dcaa,finding,would be significant if,Environmental Consequences,Significance Criteria Impacts to air quality would be significant if:  Predicted concentrations of criteria pollutants would exceed state and/or Federal ambient air quality standards;  P,2026-07-22T17:34:50.050859+00:00,
00a456d42d45bca81408478d7f65dcaa,resource,would be significant if,Environmental Consequences,Significance Criteria Impacts to air quality would be significant if:  Predicted concentrations of criteria pollutants would exceed state and/or Federal ambient air quality standards;  P,2026-07-22T17:34:50.050859+00:00,
00a456d42d45bca81408478d7f65dcaa,resource,would be significant if,Land Use,"t to the southern boundary of the Orchard Substation. Environmental Consequences Significance Criteria Land use impacts would be significant if:  The Project is not compatible with land use plans or regulations adopted by local, state, or federal agencies  The",2026-07-22T17:34:50.050859+00:00,
00a456d42d45bca81408478d7f65dcaa,finding,would be significant if,Environmental Consequences,"Significance Criteria Land use impacts would be significant if:  The Project is not compatible with land use plans or regulations adopted by local, state, or federal agencies  The",2026-07-22T17:34:50.050859+00:00,
00a456d42d45bca81408478d7f65dcaa,resource,would be significant if,Environmental Consequences,"Significance Criteria Land use impacts would be significant if:  The Project is not compatible with land use plans or regulations adopted by local, state, or federal agencies  The",2026-07-22T17:34:50.050859+00:00,
00a456d42d45bca81408478d7f65dcaa,resource,would be significant if,Recreation,from the North Gila–Orchard transmission line ROW. Environmental Consequences Significance Criteria Recreation impacts would be significant if:  The Project conflicts with established recreational areas; or  The Project results in decreased accessibility to ar,2026-07-22T17:34:50.050859+00:00,
00a456d42d45bca81408478d7f65dcaa,finding,would be significant if,Environmental Consequences,Significance Criteria Recreation impacts would be significant if:  The Project conflicts with established recreational areas; or  The Project results in decreased accessibility to ar,2026-07-22T17:34:50.050859+00:00,
00a456d42d45bca81408478d7f65dcaa,finding,would be significant if,Environmental Consequences,"Significance Criteria Impacts to cultural resources and Native American religious concerns would be significant if:  The Project results in damage to, alteration to, or loss of, a site of archaeological, Tribal or historical value th",2026-07-22T17:34:50.050859+00:00,
00a456d42d45bca81408478d7f65dcaa,resource,would be significant if,Wildlife,scribed in further detail in the BE (see Appendix B). Environmental Consequences Significance Criteria Wildlife impacts would be significant if:  The Project results in local loss of wildlife habitat (as compared to total available resources within the area) or,2026-07-22T17:34:50.050859+00:00,
00a456d42d45bca81408478d7f65dcaa,finding,would be significant if,Environmental Consequences,Significance Criteria Wildlife impacts would be significant if:  The Project results in local loss of wildlife habitat (as compared to total available resources within the area) or,2026-07-22T17:34:50.050859+00:00,
00a456d42d45bca81408478d7f65dcaa,resource,would be significant if,Environmental Consequences,Significance Criteria Wildlife impacts would be significant if:  The Project results in local loss of wildlife habitat (as compared to total available resources within the area) or,2026-07-22T17:34:50.050859+00:00,
00a456d42d45bca81408478d7f65dcaa,finding,would be significant if,Environmental Consequences,Significance Criteria Impacts to special-status species would be significant if:  The Project jeopardizes the continued existence of a federally-listed species.  The Project results in loss of indi,2026-07-22T17:34:50.050859+00:00,
00a456d42d45bca81408478d7f65dcaa,finding,would be significant if,Environmental Consequences,Significance Criteria Impacts to public health and safety would be significant if:  The Project increases health and safety risks to area residents and the general public;  The Project increases heal,2026-07-22T17:34:50.050859+00:00,
00a456d42d45bca81408478d7f65dcaa,finding,would be significant if,Environmental Consequences,Significance Criteria Impacts to noise would be significant if:  The Project exposes persons to or generate noise in excess of EPA recommendations; or  The Project results in a sub,2026-07-22T17:34:50.050859+00:00,
00a456d42d45bca81408478d7f65dcaa,finding,would be significant if,Environmental Consequences,"Significance Criteria Impacts to water resources and floodplains would be significant if:  Project activities modify the floodwater or substantially alter the floodplain, diverting floodwaters to areas previ",2026-07-22T17:34:50.050859+00:00,
00b2f4e33f9e91f7ffe1401338859099,resource,would be significant if,SOCIOECONOMICS,nd resource evaluated. Table 4-1: Impact Significance Thresholds Resource Area Impact Significance Thresholds An impact would be significant if it EXCEEDS the following conditions,2026-07-22T17:34:50.050859+00:00,
00b2f4e33f9e91f7ffe1401338859099,resource,would require an eis,SOCIOECONOMICS,"to determine whether the Burns & McDonnell’s Proposed Project could cause significant impacts, which would require the preparation of an Environmental Impact Statement (40 CFR 1508.9), or, whether a Finding of No Significant Impact can be issued for the Burns & McDonnell’s Proposed Proj",2026-07-22T17:34:50.050859+00:00,
00b2f4e33f9e91f7ffe1401338859099,finding,would be significant if,ENVIRONMENTAL CONSEQUENCES,nd resource evaluated. Table 4-1: Impact Significance Thresholds Resource Area Impact Significance Thresholds An impact would be significant if it EXCEEDS the following conditions,2026-07-22T17:34:50.050859+00:00,
00b2f4e33f9e91f7ffe1401338859099,finding,would require an eis,ENVIRONMENTAL CONSEQUENCES,"to determine whether the Burns & McDonnell’s Proposed Project could cause significant impacts, which would require the preparation of an Environmental Impact Statement (40 CFR 1508.9), or, whether a Finding of No Significant Impact can be issued for the Burns & McDonnell’s Proposed Proj",2026-07-22T17:34:50.050859+00:00,
00b2f4e33f9e91f7ffe1401338859099,resource,would be significant if,Vegetation,Biomass Energy Center Environment al Consequences 4-2 April 2010 Resource Area Impact Significance Thresholds An impact would be significant if it EXCEEDS the following conditions,2026-07-22T17:34:50.050859+00:00,
01ac073e0424eabf1dcb850ebfb4a3ba,finding,would require an eis,FINDING OF NO SIGNIFICANT IMPACT,"ied in the EA meet the definition of significant in context or intensity as described in 40 CFR 1508.27. Therefore, the preparation of an Environmental Impact Statement (EIS) is not required as per Section 102 (2) of the National Environmental Policy Act (NEPA). This finding and conclusi",2026-07-22T17:34:50.050859+00:00,
01ac073e0424eabf1dcb850ebfb4a3ba,finding,would require an eis,FINDING OF NO SIGNIFICANT IMPACT,"ied in the EA meet the definition of significant in context or intensity as described in 40 CFR 1508.27. Therefore, the preparation of an Environmental Impact Statement (EIS) is not required as per Section 102 (2) of the National Environmental Policy Act. This finding and conclusion is b",2026-07-22T17:34:50.050859+00:00,
01b5f585f17b9a4b0984bb53d866c805,resource,not to exceed,Wild and Scenic Rivers,tat. Those accessing the communication site and access roads must stay within the designated route and travel at speeds NOT TO EXCEED 10 MPH. Additional Terms and Conditions 5. The lease herein granted shall be subject to all valid rights existing on th,2026-07-22T17:34:50.050859+00:00,
02153c99f26d3c1debdb3ef5754f1320,resource,not to exceed,"US Department of Transportation, Federal Aviation",anaging recreation use. Factor Indicator Standard Inter-party contacts Number of complaints per year received by office Not to exceed 5 complaints per year Evidence of human use Presence of fire rings or campsites No closer than ½-mile apart Not more th,2026-07-22T17:34:50.050859+00:00,
02153c99f26d3c1debdb3ef5754f1320,resource,not to exceed,Recreation,anaging recreation use. Factor Indicator Standard Inter-party contacts Number of complaints per year received by office Not to exceed 5 complaints per year Evidence of human use Presence of fire rings or campsites No closer than ½-mile apart Not more th,2026-07-22T17:34:50.050859+00:00,
035c0025a29a15b19d6958b76a6080ac,finding,would require an eis,FINDING OF NO SIGNIFICANT IMPACT,significant impacts to the environment under the criteria in Title 40 Code of Federal Regulations 1508.18 and 1508.27. Preparation of an Environmental Impact Statement to further analyze possible impacts is not required pursuant to Section 102(2)(c) of the National Environmental Policy,2026-07-22T17:34:50.050859+00:00,
03af947d35640aaf62e9370a48a1ddc1,finding,would require an eis,Finding of No Significant Impact,"onment, within the meaning of the National Environmental Policy Act (NEPA) of 1969, U.S.C. 432 1 et seq. Therefore, the preparation of an Environmental Impact Statement is not required and DOE is issuing this FONSI. COPIES OF THE EA ARE AVAILABLE FROM: Lisa K. Hollingsworth, NEPA Documen",2026-07-22T17:34:50.050859+00:00,
04281f504e3d5d548c7a76a78e9c8bfc,finding,would require an eis,"Bureau of Land Management, Cultural Determination Section 106, 2020",ll not result in significant impacts to the environment under the criteria in Title 40 CFR Section 1508.18 and 1508.27. Preparation of an Environmental Impact Statement to further analyze possible impacts is not required pursuant to Section 102(2) (c) of the National Environmental Policy,2026-07-22T17:34:50.050859+00:00,
04281f504e3d5d548c7a76a78e9c8bfc,resource,would require an eis,"Bureau of Land Management, Cultural Determination Section 106, 2020",ll not result in significant impacts to the environment under the criteria in Title 40 CFR Section 1508.18 and 1508.27. Preparation of an Environmental Impact Statement to further analyze possible impacts is not required pursuant to Section 102(2) (c) of the National Environmental Policy,2026-07-22T17:34:50.050859+00:00,
04281f504e3d5d548c7a76a78e9c8bfc,resource,would require an eis,Wildlife,"t constitute a major federal action that will significantly affect the quality of the human environment. Therefore, the preparation of an environmental impact statement is not required and the requirements of NEPA have been satisfied. Once NEPA compliance has been satisfied for the Eldor",2026-07-22T17:34:50.050859+00:00,
04c40c5dd7566f8d767164a2c68eec6e,finding,would require an eis,FINDING OF NO SIGNIFICANT IMPACT,significant impacts to the environment under the criteria in Title 40 Code of Federal Regulations 1508.18 and 1508.27. Preparation of an Environmental Impact Statement to further analyze possible impacts is not required pursuant to Section 102(2)(c) of the National Environmental Policy,2026-07-22T17:34:50.050859+00:00,
05f7d35379bfabb93f63792c0ce0b906,finding,would require an eis,Finding of No Significant Impact,"ning of the National Environmental Policy Act (NEPA) of 1969 (42 United States Code [USC] 4321 et seq.). Therefore, the preparation of an environmental impact statement (EIS) is not required and BPA is issuing this Finding of No Significant Impact (FONSI) for the Proposed Action. The Pro",2026-07-22T17:34:50.050859+00:00,
06219a5fb5c36e3af4eb6ed95b99da93,finding,would require an eis,Finding of No Significant Impact,"ning of the National Environmental Policy Act (NEPA) of 1969 (42 United States Code [USC] 4321 et seq.). Therefore, the preparation of an environmental impact statement (EIS) is not required and BPA is issuing this Finding of No Significant Impact (FONSI) for the Proposed Action. The Pro",2026-07-22T17:34:50.050859+00:00,
064ca592292b00766bfac7cddb952a1e,finding,would require an eis,Finding of No Significant Impact,"cting the quality of the human environment, within the meaning of the National Environmental Policy Act. Therefore, the preparation of an Environmental Impact Statement is not required, and DOE is issuing this Finding of No Significant Impact.ISSri/, Colorado, ~ay of ~ifJ 2002. )~: --' """,2026-07-22T17:34:50.050859+00:00,
06ddd514ef25c914c20767e419eb8b1e,resource,not to exceed,"Socioeconomics, Environmental Justice, and Protection of Children","to be able to display and interchange site artifacts at their discretion. The cost for the diorama exhibit is expected not to exceed $100,000. A conceptual and final design will be shared with the city of Piqua and SHPO for review and comment within 6",2026-07-22T17:34:50.050859+00:00,
06ddd514ef25c914c20767e419eb8b1e,condition,not to exceed,Mitigation,"to be able to display and interchange site artifacts at their discretion. The cost for the diorama exhibit is expected not to exceed $100,000. A conceptual and final design will be shared with the city of Piqua and SHPO for review and comment within 6",2026-07-22T17:34:50.050859+00:00,
06ddd514ef25c914c20767e419eb8b1e,finding,would require an eis,FINDING OF NO SIGNIFICANT IMPACT,"l action significantly affecting the quality of human health and the environment within the meaning of NEPA. Therefore, preparation of an environmental impact statement (EIS) is not required, and LM is issuing this Finding of No Significant Impact (FONSI). PROPOSED ACTION: The proposed a",2026-07-22T17:34:50.050859+00:00,
0916ab3ffb37cebe823605856e694e3d,finding,would require an eis,Finding of No Significant Impact,"onment within the meaning of the National Environmental Protection Act (NEPA) of 196242 U.S.C. 4321 et. seq. Therefore, preparation of an Environmental Impact Statement is not required and DOE NNSA is issuing this FONSI and Final EA. PUBLIC AVAILABILITY: Copies of this FONSI and EA are a",2026-07-22T17:34:50.050859+00:00,
09b80be2c27ca82475398e613c306478,finding,would require an eis,FINDING OF NO SIGNIFICANT IMPACT,"ity of the human environment within the meaning of the National Environmental Policy Act (NEPA) of 1969. Therefore, the preparation of an Environmental Impact Statement (EIS) is not necessary, and DOE is issuing this Finding of No Significant Impact (FONSI). PUBLIC AVAILABILITY OF EA AND",2026-07-22T17:34:50.050859+00:00,
0a816c4ca8078a7ec8d14a00088c48fe,resource,not to exceed,Noise,"age. Runoff from a 130,000-foot Drive Track would need to be collected and either reused or held and released at a rate not to exceed the predevelopment runoff rate. Impacts associated with development activities (e.g., ground disturbance) would be with",2026-07-22T17:34:50.050859+00:00,
0a816c4ca8078a7ec8d14a00088c48fe,finding,would require an eis,Finding of No Significant Impact,"r Federal action that significantly affects the quality of the human environment within the meaning of NEPA. Therefore, preparation of an environmental impact statement (EIS) is not required. ADDRESS: The ORETTC Final EA and this Finding of No Significant Impact (FONSI) have been prepare",2026-07-22T17:34:50.050859+00:00,
0b200fc79f40b755fbb0818f7b7ce843,resource,not to exceed,Dos Cabezas Wildlife Water Catchment,intenance would include surface grading and leveling using a front-end loader within the existing footprint of the road not to exceed approximately 2 inches in depth. Redevelopment of the proposed Dos Cabezas wildlife water catchment would be the respon,2026-07-22T17:34:50.050859+00:00,
0b200fc79f40b755fbb0818f7b7ce843,resource,not to exceed,Dos Cabezas Wildlife Water Catchment,intenance would include surface grading and leveling using a front-end loader within the existing footprint of the road not to exceed approximately 2 inches in depth. Redevelopment of the proposed Dos Cabezas wildlife water catchment would be the respon,2026-07-22T17:34:50.050859+00:00,
0b5d77cbc60c67c4be589f6d2f8d9f27,resource,no new access road,RECREATION,"d Action would not modify the ROS classification in the area and would be in compliance with ROS management objectives. No new access roads would be constructed; however, maintenance to existing access roads may occur, as necessary. While no initial vegetati",2026-07-22T17:34:50.050859+00:00,
0b5d77cbc60c67c4be589f6d2f8d9f27,resource,within existing right-of-way,RECREATION,"k, and Mazatzal Wilderness Areas are also located within the Project area. Only the West Clear Creek Wilderness Area is within the existing right-of-way; but as noted above, is located in an area where Project facilities span at such a height that vegetation will not inte",2026-07-22T17:34:50.050859+00:00,
0b5d77cbc60c67c4be589f6d2f8d9f27,finding,no new access road,Environmental Consequences,"d Action would not modify the ROS classification in the area and would be in compliance with ROS management objectives. No new access roads would be constructed; however, maintenance to existing access roads may occur, as necessary. While no initial vegetati",2026-07-22T17:34:50.050859+00:00,
0b5d77cbc60c67c4be589f6d2f8d9f27,finding,would require an eis,Finding of No Significant Impact,"servation measures, the project (Proposed Action) would not result in any significant environmental impacts. Therefore, preparation of an environmental impact statement (EIS) will not be required. The basis for this determination is described in this FONSI. \ Additional information and c",2026-07-22T17:34:50.050859+00:00,
0b5d77cbc60c67c4be589f6d2f8d9f27,resource,no new access road,Recreation,"eation Opportunity Spectrum (ROS) classification in the area and would be in compliance with ROS management objectives. No new access roads would be constructed; however, maintenance to existing access roads may occur, as necessary. Western has determined th",2026-07-22T17:34:50.050859+00:00,
0bdb6992a5a2b41c173852a222e030da,resource,not to exceed,Environmental Impacts,"d response as Alternative B; however, the utilization threshold requirement would be reduced to 30%. Forage utilization not to exceed 30%, a 3-pasture rest rotation system, the lowest stocking rate of any of the action alternatives, combined with a 1 mo",2026-07-22T17:34:50.050859+00:00,
0bdb6992a5a2b41c173852a222e030da,resource,not to exceed,Wildlife,"orrective actions (responses) being implemented. As previously stated under vegetation, the expected utilization rates (not to exceed 33% across all three pastures) expected under Alternative B >672 AUMs applied for, would result in vegetation use level",2026-07-22T17:34:50.050859+00:00,
0bdb6992a5a2b41c173852a222e030da,resource,not to exceed,Environmental Impacts,"orrective actions (responses) being implemented. As previously stated under vegetation, the expected utilization rates (not to exceed 33% across all three pastures) expected under Alternative B >672 AUMs applied for, would result in vegetation use level",2026-07-22T17:34:50.050859+00:00,
0be11e05f621afa0643b7ef5983f72bb,finding,would require an eis,FINDING OF NO SIGNIFICANT IMPACT,"ing the quality of the human environment as defined by the National Environmental Policy Act (NEPA) of 1969. Therefore, preparation of an Environmental Impact Statement is not required and DOE i s issuing this FONSI. COPIES OF THE EA ARE AVAILABLE FROM: Ms. Janice L. Murphy Pittsburgh En",2026-07-22T17:34:50.050859+00:00,
0c1d0c8a645d0fd1682ff62f52a0d1f1,finding,would require an eis,Finding of No Significant Impact,"ning of the National Environmental Policy Act (NEPA) of 1969 (42 United States Code [USC] 4321 et seq.). Therefore, the preparation of an environmental impact statement (EIS) is not required and BPA is issuing this Finding of No Significant Impact (FONSI) for the Proposed Action. The Pro",2026-07-22T17:34:50.050859+00:00,
0c5a4b030dd32df0f3c4fbff0251c30a,finding,would require an eis,Finding of No Significant Impact,"ity of the human environment within the meaning of the National Environmental Policy Act (NEPA) of 1969. Therefore, the preparation of an environmental impact statement (EIS) is not required and DOE is issuing this finding of no significant impact (FONSI). Public Availability: Copies of",2026-07-22T17:34:50.050859+00:00,
0c5a4b030dd32df0f3c4fbff0251c30a,finding,would require an eis,Finding of No Significant Impact,"ity of the human environment within the meaning of the National Environmental Policy Act (NEPA) of 1969. Therefore, the preparation of an environmental impact statement (EIS) is not required and DOE is issuing this finding of no significant impact (FONSI). Public Availability: Copies of",2026-07-22T17:34:50.050859+00:00,
0dfd264117dc84d91520d99391c39e39,resource,would require an eis,Visual Resource Management,") would be issued and the proposed land exchange could proceed. If the BLM determines significant impacts would result, preparation of an environmental impact statement would be required or the proposed land exchange would be modified to avoid significant impacts. The BLM prepared a feas",2026-07-22T17:34:50.050859+00:00,
0dfd264117dc84d91520d99391c39e39,resource,would require an eis,Visual Resource Management,") would be issued and the proposed land exchange could proceed. If the BLM determines significant impacts would result, preparation of an environmental impact statement would be required or the proposed land exchange would be modified to avoid significant impacts. The BLM prepared a feas",2026-07-22T17:34:50.050859+00:00,
0e60810227dc9a777e5ea0f8ec0fbdb1,resource,would be significant if,Land Use,"ntal Analysis Approach Table 3.2. Impact Significance Thresholds Resource Area Impact Significance Thresholds An impact would be significant if it EXCEEDS the following conditions. Parks and Recreation Any disturbance would be minor, temporary in duration, and in",2026-07-22T17:34:50.050859+00:00,
0f5e39f3189d97d0475655267d0e1d92,finding,would require an eis,Finding of No Significant Impact,"g of the National Environmental Policy Act (NEPA) as amended (42 United States Code [USC] 4321 et seq.). Therefore, the preparation of an environmental impact statement (EIS) is not required and BPA is issuing this Finding of No Significant Impact (FONSI) for the Proposed Action. The Pro",2026-07-22T17:34:50.050859+00:00,
0f8d108233812c69f97db445f0c97a36,finding,not to exceed,FINDING OF NO SIGNIFICANT IMPACT,". The Forest Service, by written modification may extend the performance period of this instrument for a total duration not to exceed 5 years from its original date of execution. 3. TERMINATION – INTERAGENCY AGREEMENTS. This IA may be terminated upon 90",2026-07-22T17:34:50.050859+00:00,
110192aee7d0dea75540c1eaafdddc17,finding,would require an eis,Finding of No Significant Impact,"ether the Proposed Action would result in significant impacts to the environment. Significant impacts would require the preparation of an Environmental Impact Statement (EIS). If the BLM Authorized Officer determines that no significant impacts would occur, a Finding of No Significant Im",2026-07-22T17:34:50.050859+00:00,
110192aee7d0dea75540c1eaafdddc17,finding,would require an eis,Finding of No Significant Impact,"ether the Proposed Action would result in significant impacts to the environment. Significant impacts would require the preparation of an Environmental Impact Statement (EIS). If the BLM Authorized Officer determines that no significant impacts would occur, a Finding of No Significant Im",2026-07-22T17:34:50.050859+00:00,
11722075b65ec8fe146b527d580cee02,resource,no new access road,Land Use,re drive and crush methods will be used to the extent feasible. All work will occur within the existing road footprint. No new access roads will be created. No new permanent access roads or transmission infrastructure are proposed that would act as a physica,2026-07-22T17:34:50.050859+00:00,
11722075b65ec8fe146b527d580cee02,resource,no new access road,Socioeconomics,"s roads or permanent impacts. No major repairs, including installation of new structures such as culverts, would occur. No new access roads are proposed within the LVRAS Project area. No overland travel is expected for the Project, except where designated wo",2026-07-22T17:34:50.050859+00:00,
11722075b65ec8fe146b527d580cee02,resource,no new access road,Land Use,re drive and crush methods will be used to the extent feasible. All work will occur within the existing road footprint. No new access roads will be created. No new permanent access roads or transmission infrastructure are proposed that would act as a physica,2026-07-22T17:34:50.050859+00:00,
11722075b65ec8fe146b527d580cee02,resource,no new access road,Socioeconomics,"s roads or permanent impacts. No major repairs, including installation of new structures such as culverts, would occur. No new access roads are proposed within the LVRAS Project area. No overland travel is expected for the Project, except where designated wo",2026-07-22T17:34:50.050859+00:00,
11722075b65ec8fe146b527d580cee02,finding,would require an eis,FINDING OF NO SIGNIFICANT IMPACT,ction will not result in significant impacts to the environment under the criteria in Title 40 CFR 1508.18 and 1508.27. Preparation of an Environmental Impact Statement to further analyze possible impacts is not required pursuant to Section 102(2) (c) of the National Environmental Policy,2026-07-22T17:34:50.050859+00:00,
11722075b65ec8fe146b527d580cee02,finding,would require an eis,"Bureau of Land Management, Cultural Determination Section 106, December 2022",cant impacts to the environment under the criteria in Title 40 Code of Federal Regulations Section 1508.18 and 1508.27. Preparation of an Environmental Impact Statement to further analyze possible impacts is not required pursuant to Section 102(2) (c) of the National Environmental Policy,2026-07-22T17:34:50.050859+00:00,
11722075b65ec8fe146b527d580cee02,resource,would require an eis,"Bureau of Land Management, Cultural Determination Section 106, December 2022",cant impacts to the environment under the criteria in Title 40 Code of Federal Regulations Section 1508.18 and 1508.27. Preparation of an Environmental Impact Statement to further analyze possible impacts is not required pursuant to Section 102(2) (c) of the National Environmental Policy,2026-07-22T17:34:50.050859+00:00,
11722075b65ec8fe146b527d580cee02,finding,would require an eis,FINDING OF NO SIGNIFICANT IMPACT,cant impacts to the environment under the criteria in Title 40 Code of Federal Regulations Section 1508.18 and 1508.27. Preparation of an Environmental Impact Statement to further analyze possible impacts is not required pursuant to Section 102(2) (c) of the National Environmental Policy,2026-07-22T17:34:50.050859+00:00,
11722075b65ec8fe146b527d580cee02,resource,would require an eis,FINDING OF NO SIGNIFICANT IMPACT,cant impacts to the environment under the criteria in Title 40 Code of Federal Regulations Section 1508.18 and 1508.27. Preparation of an Environmental Impact Statement to further analyze possible impacts is not required pursuant to Section 102(2) (c) of the National Environmental Policy,2026-07-22T17:34:50.050859+00:00,
122ad6478673dd87a8ce38dd48df2481,finding,would require an eis,Finding of No Significant Impact,"d to the context and the intensity of impacts analyzed in the EA. Accordingly, the Proposed Action does not require the preparation of an environmental impact statement",2026-07-22T17:34:50.050859+00:00,
12b1493d2b42e7a17a23253247889f0b,resource,not to exceed,Affected Environment,"FWF opened on June 6, 2013, with a licensed capacity of up to 26 million cubic feet and 5.6 million curies total. It is not to exceed 8.1 million cubic feet and 5.5 million curies of containerized Class A, Class B, and Class C LLW in disposal capacity t",2026-07-22T17:34:50.050859+00:00,
12b1493d2b42e7a17a23253247889f0b,resource,not to exceed,Commercial Offsite LLW / MLLW Disposal Sites,"FWF opened on June 6, 2013, with a licensed capacity of up to 26 million cubic feet and 5.6 million curies total. It is not to exceed 8.1 million cubic feet and 5.5 million curies of containerized Class A, Class B, and Class C LLW in disposal capacity t",2026-07-22T17:34:50.050859+00:00,
12b1493d2b42e7a17a23253247889f0b,finding,would require an eis,Finding of No Significant Impact,"federal action significantly affecting the quality of the human environment within the meaning of NEPA. Therefore, the preparation of an environmental impact statement is not required, and DOE is issuing this Finding of No Significant Impact (FONSI). In a separate process, DOE prepared",2026-07-22T17:34:50.050859+00:00,
132d259278d0c6caa05e78b7dc4ad512,resource,no new access road,Air Quality,ntained across all ROW and access roads on hillsides to prevent water erosion and to facilitate natural revegetation. • No new access roads would be required.,2026-07-22T17:34:50.050859+00:00,
133b2860570757de4cbcb89a1f506ba3,finding,would require an eis,Finding of No Significant Impact,dry Notice for Hydraulic Fracturing and right-of-way be approved as described in the applicant's Plan of Operations.The preparation of an Environmental Impact Statement is not recommended. Applications for Permits to Drill will be approved under the authority of 43 Code of Federal Regula,2026-07-22T17:34:50.050859+00:00,
1408db69d21ae64eb39fc7cbae8ae48a,resource,extraordinary circumstance,Vegetation,"ring early spring snowmelt. IDEQ water quality standards for intermittent waterbodys would rarely apply here, except in extraordinary circumstances (e. g. rain-on-snow event, or localized major cloudburst episode). The conditions as described for Sheep Gulch would be",2026-07-22T17:34:50.050859+00:00,
1432516ce108745b9158109643a0fa91,finding,would require an eis,Finding of No Significant Impact,"ity of the human environment within the meaning of the National Environmental Policy Act (NEPA) of 1969. Therefore, the preparation of an environmental impact statement @IS) is not required, and DOE is issuing this Finding of No Significant Impact (FONSI). Public Availability: Copies of",2026-07-22T17:34:50.050859+00:00,
14ade8f08678153e850161921b3b6063,finding,would require an eis,Finding of No Significant Impact,"ning of the National Environmental Policy Act (NEPA) of 1969 (42 United States Code [USC] 4321 et seq.). Therefore, the preparation of an environmental impact statement (EIS) is not required and BPA is issuing this Finding of No Significant Impact (FONSI) for the Proposed Action. The Pro",2026-07-22T17:34:50.050859+00:00,
14ba05f7bb6e7af8060171a5ff5c63ce,finding,not to exceed,Decision,"ve space for BLM operations to support BLM Internship Programs (individual intern [maximum 3] accommodation for periods not to exceed one year). Renovate and maintain, as necessary, to serve purpose. Prioritize the connection to the municipal sewer syst",2026-07-22T17:34:50.050859+00:00,
14ba05f7bb6e7af8060171a5ff5c63ce,finding,not to exceed,Decision,"to navigation. Allow public visitation, including access to the watch room and gallery deck, at an appropriate capacity not to exceed 35 individuals within the lighthouse at a time. Public visitation shall occur only in association Asset",2026-07-22T17:34:50.050859+00:00,
1530cee83cda8907736eb9bf9776a45f,finding,would require an eis,Finding of No Significant Impact,hat the land use application be approved through a Right-of-Way as described in the applicant's Plan of Operations. The preparation of an Environmental Impact Statement is not recommended. The Right-of-Way will be approved under the authority of 43 Code of Federal Regulations Part 43 280,2026-07-22T17:34:50.050859+00:00,
15c76d798916d79753b34984e6f19179,finding,would require an eis,FINDING OF NO SIGNIFICANT IMPACT,"ty of the human environment within the meaning of the National Environmental Policy Act of 1969 (NEP A). Therefore, the preparation of an Environmental Impact Statement is not required, and the Department is issuing this Finding of No Significant Impact (FONSI). PUBLIC AVAILABILITY: Sing",2026-07-22T17:34:50.050859+00:00,
15c76d798916d79753b34984e6f19179,finding,would require an eis,Environmental Impacts,"action that would significantly affect the quality of the human environment within the meaning ofNEP A. Therefore, the preparation of an Environmental Impact Statement is not required. Issue in Washington, D.C. the thirtieth day of August 2002 Office of Nuclear Energy, Science Trw;rOgy",2026-07-22T17:34:50.050859+00:00,
16215b22fe3740aeba18b340a3d9899b,finding,would require an eis,Finding of No Significant Impact,Drill (APD) and associated permits and right of way be approved as described in the applicant's Plan of Operations. The preparation of an Environmental Impact Statement is not recommended. Applications for Permits to Drill will be approved under the authority of 43 Code of Federal Regula,2026-07-22T17:34:50.050859+00:00,
16215b22fe3740aeba18b340a3d9899b,finding,would require an eis,Finding of No Significant Impact,Drill (APD) and associated permits and right of way be approved as described in the applicant's Plan of Operations. The preparation of an Environmental Impact Statement is not recommended. Applications for Permits to Drill will be approved under the authority of 43 Code of Federal Regula,2026-07-22T17:34:50.050859+00:00,
175c499418ed1425e32b0f99352c0afb,finding,would require an eis,Finding of No Significant Impact,"n, and the electric vehicle (EV) and lithium-ion battery industries from implementation of 6K’s project. Therefore, the preparation of an Environmental Impact Statement is not required, and DOE is issuing this Finding of No Significant Impact (FONSI). BACKGROUND: As part of the Infrastru",2026-07-22T17:34:50.050859+00:00,
175c499418ed1425e32b0f99352c0afb,finding,would require an eis,Finding of No Significant Impact,"cantly affect the quality of the physical, biological, or human environment, within the meaning of NEPA. Therefore, the preparation of an Environmental Impact Statement is not required, and DOE is issuing this FONSI. Copies of the Final EA and this FONSI are available at DOE’s NETL EA we",2026-07-22T17:34:50.050859+00:00,
175c499418ed1425e32b0f99352c0afb,finding,would require an eis,Noise,"cantly affect the quality of the physical, biological, or human environment, within the meaning of NEPA. Therefore, the preparation of an Environmental Impact Statement is not required, and DOE will be issuing a FONSI. Chapter 5 CHAPTER 5. LIST OF AGENCIES CONTACTED DOE coordinated with",2026-07-22T17:34:50.050859+00:00,
175c499418ed1425e32b0f99352c0afb,resource,would require an eis,Noise,"cantly affect the quality of the physical, biological, or human environment, within the meaning of NEPA. Therefore, the preparation of an Environmental Impact Statement is not required, and DOE will be issuing a FONSI. Chapter 5 CHAPTER 5. LIST OF AGENCIES CONTACTED DOE coordinated with",2026-07-22T17:34:50.050859+00:00,
175c499418ed1425e32b0f99352c0afb,resource,would require an eis,Water Resources,"cantly affect the quality of the physical, biological, or human environment, within the meaning of NEPA. Therefore, the preparation of an Environmental Impact Statement is not required, and DOE will be issuing a FONSI. Chapter 5 CHAPTER 5. LIST OF AGENCIES CONTACTED DOE coordinated with",2026-07-22T17:34:50.050859+00:00,
17cc39ff61bf522dcdccb87d7c7175ec,finding,would require an eis,Finding of No Significant Impact,"ty of the human environment, within the meaning of the National Environmental Policy Act (NEPA) of 1969. Therefore, the preparation of an environmental impact statement (EIS) is not required, and BPA is issuing this Finding of No Significant Impact (FONSI) for the Proposed Action. Commen",2026-07-22T17:34:50.050859+00:00,
17cc39ff61bf522dcdccb87d7c7175ec,finding,would require an eis,Finding of No Significant Impact,"ty of the human environment, within the meaning of the National Environmental Policy Act (NEPA) of 1969. Therefore, the preparation of an environmental impact statement (EIS) is not required, and BPA is issuing this Finding of No Significant Impact (FONSI) for the Proposed Action. Commen",2026-07-22T17:34:50.050859+00:00,
1899803292767bfcdf11f2927de6de21,finding,would require an eis,Finding of No Significant Impact,"ty of the human environment, within the meaning of the National Environmental Policy Act (NEPA) of 1969. Therefore, the preparation of an Environmental Impact Statement (EIS) is not required, and BPA is issuing this FONSI. Copies: For copies of this FONSI or the EA (which contains the FO",2026-07-22T17:34:50.050859+00:00,
1899803292767bfcdf11f2927de6de21,finding,extraordinary circumstance,Finding of No Significant Impact,tourism nor adversely affect the railroad as a potential National Register-eligible cultural resource. 4. There are no extraordinary circumstances related to the proposal that may affect the significance of the environmental effects of the proposal. Although interes,2026-07-22T17:34:50.050859+00:00,
18fa1b28127615d8d2ca3468099e986f,finding,would require an eis,Decision to Be Made,"ignificant environmental effects would result from implementing the proposed use of herbicides, which would require the preparation of an Environmental Impact Statement. • Determine if the Proposed Action, using selected herbicides to manage undesirable vegetation, has acceptable environ",2026-07-22T17:34:50.050859+00:00,
19036d79380c2e05f7a259b9a4fbb06b,resource,not to exceed,Air Quality,"reasonable to minimize fugitive dust emissions without chemical impacts on the land; • limitations on smoke emissions (not to exceed 20 percent opacity) from compressors, pumps or generators; and • notification of Air Quality Management if non-electric",2026-07-22T17:34:50.050859+00:00,
19036d79380c2e05f7a259b9a4fbb06b,finding,not to exceed,FINDING OF NO SIGNIFICANT IMPACT,"nomically reasonable to minimize fugitive dust emissions without chemical impacts on the land; • limit smoke emissions (not to exceed 20 percent opacity) from compressors, pumps or generators; and • notification of the Site’s air quality compliance orga",2026-07-22T17:34:50.050859+00:00,
1992009a9fe419be2fc4a8f22e024a5e,finding,would require an eis,Decision to be Made,"ignificant environmental effects would result from implementing the proposed use of herbicides, which would require the preparation of an environmental impact statement.  Determine if the Proposed Action, using selected herbicides to manage undesirable vegetation, has acceptable environ",2026-07-22T17:34:50.050859+00:00,
1997aece8cad14451dcd3ab19bf56f1d,finding,would require an eis,Finding of No Significant Impact,"t and associated facilities (Proposed Action) would not result in any significant environmental impacts. Therefore, the preparation of an environmental impact statement (EIS) will not be required. The basis for this determination is described in this FONSI. Additional information and cop",2026-07-22T17:34:50.050859+00:00,
19999fcfcb189a2fdc77d5dd1e2017c0,finding,would require an eis,Decision,"e adverse effects, I have determined that these effects do not rise to the level of significance that would require the preparation of an Environmental Impact Statement. Laws, Authorities, and Land Use Plan Conformance The EA and supporting documentation have been prepared consistent wit",2026-07-22T17:34:50.050859+00:00,
19999fcfcb189a2fdc77d5dd1e2017c0,finding,would require an eis,Finding Of No Significant Impact,"been anticipated, relative to the entire drainage, and does not rise to a level of significance that would require the preparation of an Environmental Impact Statement. 5. The degree to which the possible effects on the human environment are highly uncertain or involve unique or unknown",2026-07-22T17:34:50.050859+00:00,
1a88874a1d62acfd5f84186d3a7d77bf,finding,would require an eis,Finding of No Significant Impact,e ROW Grant be approved as described in the applicant's Plan of Operations and that the Sundry Notices be approved. The preparation of an Environmental Impact Statement is not recommended. The ROW will be approved under the authority of 43 Code of Federal Regulations Part 2800 (43 CFR §2,2026-07-22T17:34:50.050859+00:00,
1add41b11b96a759aedd5d9aec94bda8,resource,not to exceed,Recreation Management Actions,wolf hunts approximately 10 days in length (see Operations Plan for detail). Each hunt will be limited to a group size not to exceed four persons. Mr. Pangborn will notify the BLM where he plans to conduct his guided hunts. When exact locations are unk,2026-07-22T17:34:50.050859+00:00,
1b4e17115be8fd8494e9a7af0b590bc6,finding,would require an eis,FINDING OF NO SIGNIFICANT IMPACT,"O8.27,1 have determined that the proposed action will not have significant impacts on the human environment. Therefore, preparation of an environmental impact statement is not required priorto approving and implementing the proposed action. This finding is based on the context and intens",2026-07-22T17:34:50.050859+00:00,
1bda16ea071d5ded2baddb8af46d8541,finding,would require an eis,FINDING OF NO SIGNIFICANT IMPACT,"ent, within the meaning of the National Environmental Policy Act (NEPA) of 1969, 42 U.S.C. 4321, et seq. Therefore, the preparation of an environmental impact statement (EIS) is not required, and the Department is issuing this Finding of No Significant Impact. COPIES OF THE EA ARE AVAILA",2026-07-22T17:34:50.050859+00:00,
1c20864d3da03b2151e23487fc6bc9dd,resource,would be significant if,Air Quality,"all NAAQS. 3.3.2 Environmental Impacts and Mitigation Measures Issues and Significance Criteria Impacts to air quality would be significant if: • The construction, maintenance or operation of the proposed action or alternatives would cause or contribute to a vio",2026-07-22T17:34:50.050859+00:00,
1c20864d3da03b2151e23487fc6bc9dd,resource,would be significant if,Environmental Impacts and Mitigation Measures,"Issues and Significance Criteria Impacts to air quality would be significant if: • The construction, maintenance or operation of the proposed action or alternatives would cause or contribute to a vio",2026-07-22T17:34:50.050859+00:00,
1c20864d3da03b2151e23487fc6bc9dd,condition,would be significant if,Environmental Impacts and Mitigation Measures,"Issues and Significance Criteria Impacts to air quality would be significant if: • The construction, maintenance or operation of the proposed action or alternatives would cause or contribute to a vio",2026-07-22T17:34:50.050859+00:00,
1c20864d3da03b2151e23487fc6bc9dd,resource,would be significant if,Geology and Soils,"entials. 3.4.2 Environmental Impacts and Mitigation Measure Issues and Significance Criteria Impacts related to geology would be significant if: • the proposed action or alternatives resulted in the loss of access to recoverable mineral, petroleum or other geolog",2026-07-22T17:34:50.050859+00:00,
1c20864d3da03b2151e23487fc6bc9dd,resource,would be significant if,Environmental Impacts and Mitigation Measure,"Issues and Significance Criteria Impacts related to geology would be significant if: • the proposed action or alternatives resulted in the loss of access to recoverable mineral, petroleum or other geolog",2026-07-22T17:34:50.050859+00:00,
1c20864d3da03b2151e23487fc6bc9dd,condition,would be significant if,Environmental Impacts and Mitigation Measure,"Issues and Significance Criteria Impacts related to geology would be significant if: • the proposed action or alternatives resulted in the loss of access to recoverable mineral, petroleum or other geolog",2026-07-22T17:34:50.050859+00:00,
1c20864d3da03b2151e23487fc6bc9dd,resource,no new access road,Geology and Soils,"e used for construction and maintenance access and would continue to be subject to erosion where they are not surfaced. No new access roads outside Western’s ROW are proposed to be constructed, although some minor roads may be required to access new pole sit",2026-07-22T17:34:50.050859+00:00,
1c20864d3da03b2151e23487fc6bc9dd,condition,would be significant if,Environmental Impacts and Mitigation Measures,Issues and Significance Criteria Impacts to paleontological resources would be significant if: • fossil deposits are destroyed without being properly excavated. The proposed project could result in the inadvertent,2026-07-22T17:34:50.050859+00:00,
1c20864d3da03b2151e23487fc6bc9dd,resource,would be significant if,"Water Resources (Surface, Ground, and Floodplains)",ell Field 3.6.2 Environmental Impacts and Mitigation Measures Issues and Significance Criteria Impacts to surface water would be significant if: • the quantity and quality of discharges from streams are modified by in-stream construction or accidental contaminati,2026-07-22T17:34:50.050859+00:00,
1c20864d3da03b2151e23487fc6bc9dd,resource,would be significant if,Environmental Impacts and Mitigation Measures,Issues and Significance Criteria Impacts to surface water would be significant if: • the quantity and quality of discharges from streams are modified by in-stream construction or accidental contaminati,2026-07-22T17:34:50.050859+00:00,
1c20864d3da03b2151e23487fc6bc9dd,condition,would be significant if,Environmental Impacts and Mitigation Measures,Issues and Significance Criteria Impacts to surface water would be significant if: • the quantity and quality of discharges from streams are modified by in-stream construction or accidental contaminati,2026-07-22T17:34:50.050859+00:00,
1c20864d3da03b2151e23487fc6bc9dd,resource,no new access road,Water Resources,n acres Removal of existing structures Installation of new 230-kV structures Stringing sites Staging areas Access roads No new access roads to ROW. Short roads to new structure sites may be required within the ROW. Total Acres of Short term Disturbance Since,2026-07-22T17:34:50.050859+00:00,
1c20864d3da03b2151e23487fc6bc9dd,resource,would be significant if,Vegetation,S characteristics. Environmental Impacts and Mitigation Measures Issues and Significance Criteria Impacts to vegetation would be significant if: • construction or operation results in a loss of or substantial impact to a CNHP designated Conservation Area; • const,2026-07-22T17:34:50.050859+00:00,
1c20864d3da03b2151e23487fc6bc9dd,resource,no new access road,Vegetation,"tation 3.7-5 spanned by the minimum required distance between structures (Standard Practice 19, Project Measure VEG-1). No new access roads would be built to the ROW, but some minor access spur roads within the ROW may be required to new structure sites. Wes",2026-07-22T17:34:50.050859+00:00,
1c20864d3da03b2151e23487fc6bc9dd,resource,no new access road,Vegetation,"A Reroute are relatively narrow segments of these habitats within the Beaver Creek drainage that can be easily spanned. No new access roads would be built to the ROW; however, some minor access spur trails or roads may be required to new structure sites. Wes",2026-07-22T17:34:50.050859+00:00,
1c20864d3da03b2151e23487fc6bc9dd,resource,no new access road,Vegetation,"vegetation. In addition, trees that could interfere with the safe operation of the transmission line would be removed. No new access roads would be built to the ROW, but some spur access trails or roads may be required to new structure sites. Western’s stan",2026-07-22T17:34:50.050859+00:00,
1c20864d3da03b2151e23487fc6bc9dd,resource,would be significant if,Land Use,"ssion line. Environmental Impacts and Mitigation Measures 3.11.2.1 Issues and Significance Criteria Impacts to land use would be significant if the proposed action or alternatives: • were inconsistent with adopted land use plans or regulations of local, state, or",2026-07-22T17:34:50.050859+00:00,
1c20864d3da03b2151e23487fc6bc9dd,resource,would be significant if,Issues and Significance Criteria,"Impacts to land use would be significant if the proposed action or alternatives: • were inconsistent with adopted land use plans or regulations of local, state, or",2026-07-22T17:34:50.050859+00:00,
1c20864d3da03b2151e23487fc6bc9dd,resource,would be significant if,Visual Resources,s 3.8 and 3.11). Environmental Impacts and Mitigation Measures 3.12.2.1 Issues and Significance Criteria Visual impacts would be significant if: • the proposed project or alternatives caused long term visual changes that diminished the value or use of established,2026-07-22T17:34:50.050859+00:00,
1c20864d3da03b2151e23487fc6bc9dd,resource,would be significant if,Visual Resources,s 3.8 and 3.11). Environmental Impacts and Mitigation Measures 3.12.2.1 Issues and Significance Criteria Visual impacts would be significant if: • the proposed project or alternatives caused long term visual changes that diminished the value or use of established,2026-07-22T17:34:50.050859+00:00,
1c20864d3da03b2151e23487fc6bc9dd,resource,would be significant if,Issues and Significance Criteria,Visual impacts would be significant if: • the proposed project or alternatives caused long term visual changes that diminished the value or use of established,2026-07-22T17:34:50.050859+00:00,
1c20864d3da03b2151e23487fc6bc9dd,resource,would be significant if,Socioeconomics and Community Resources,2000 Environmental Impacts and Mitigation Measures 3.13.2.1 Issues and Significance Criteria Impacts to socioeconomics would be significant if: • minority or low-income populations are disproportionately affected by the transmission line rebuild. 3.13.2.2 Impact,2026-07-22T17:34:50.050859+00:00,
1c20864d3da03b2151e23487fc6bc9dd,resource,would be significant if,Affected Environment,"oads. Environmental Impacts and Mitigation Measures 3.14.2.1 Issues and Significance Criteria Impacts to transportation would be significant if: • use of public highways and roads was restricted, resulting in adverse impacts to emergency response capability or ec",2026-07-22T17:34:50.050859+00:00,
1c20864d3da03b2151e23487fc6bc9dd,resource,would be significant if,Issues and Significance Criteria,"Impacts to transportation would be significant if: • use of public highways and roads was restricted, resulting in adverse impacts to emergency response capability or ec",2026-07-22T17:34:50.050859+00:00,
1cd1a9edaffd375640aac2baed49cdfb,resource,not to exceed,Cultural Resources,"aws, general conditions or special stipulations are punishable, upon conviction, by fines up to $10,000 or imprisonment not to exceed one year, or both ( Public law 96-95, Federal Cave Resources Protection Act, 43 CFR 8360.0- 7, 43 CFR 8364.1, 43 CFR 83",2026-07-22T17:34:50.050859+00:00,
1dbe1f7e57fe9e3614a8f66649483d85,finding,would require an eis,FINDING OF NO SIGNIFICANT IMPACT,"action that would significantly affect the quality of the human environment within the meaning of NEPA. Therefore, the preparation of an Environmental Impact Statement (EIS) is not necessary, and NNSA is issuing this FONSI. 2) FOR FURTHER INFORMATION CONTACT: Further information, includ",2026-07-22T17:34:50.050859+00:00,
1ec1410563d019acb8211e535aa3bbcd,resource,would require an eis,Visual Resources,"tive. INTRODUCTION Background The WAPA Regional Manager, Bradley S. Warren, determined the scope of the project did not require an Environmental Impact Statement to be prepared, but could be evaluated through an Environmental Assessment (EA) (Warren 2015). WAPA prepared this EA to",2026-07-22T17:34:50.050859+00:00,
1f4ab1d1b1bb2f8c2b36f4456f2e1990,resource,not to exceed,Alternatives,"ers, salts, residue solutions U-235 Up to 700 grams in solid, and small-gram quantities in liquid per process location; not to exceed fissile limit of 700 grams. Oxides, liquids, metals, powders, salts, residue solutions U-238 Up to several hundred gram",2026-07-22T17:34:50.050859+00:00,
1f4ab1d1b1bb2f8c2b36f4456f2e1990,finding,would require an eis,Finding of No Significant Impact,"not a major Federal action significantly affecting the quality of the human environment, and thus, does not require the preparation of an environmental impact statement. 1 For some facilities, the exact quantities of MAR, as well as the isotopic composition of some forms of plutonium, ar",2026-07-22T17:34:50.050859+00:00,
1fc193556b69b4eba6f33e7d2bb81a32,resource,not to exceed,Cultural Resources,"a minimum, would be reviewed by the authorized officer at the end of the 20th year and at regular intervals thereafter not to exceed 10 years. Provided, however, that a right-ofway or permit granted herein may be reviewed at any time deemed necessary b",2026-07-22T17:34:50.050859+00:00,
1fc193556b69b4eba6f33e7d2bb81a32,finding,not to exceed,Decision,"a minimum, would be reviewed by the authorized officer at the end of the 20th year and at regular intervals thereafter not to exceed 10 years. Provided, however, that a right-of-way or permit granted herein may be reviewed at any time deemed necessary",2026-07-22T17:34:50.050859+00:00,
1fcfcf9f3dceaee67c9fe422f21dc5bd,finding,would require an eis,Finding of No Significant Impact,"ning of the National Environmental Policy Act (NEPA) of 1969 (42 United States Code [USC] 4321 et seq.). Therefore, the preparation of an environmental impact statement (EIS) is not required and BPA is issuing this Finding of No Significant Impact (FONSI) for the Proposed Action. The Pro",2026-07-22T17:34:50.050859+00:00,
1fcfcf9f3dceaee67c9fe422f21dc5bd,finding,would require an eis,Finding of No Significant Impact,"ning of the National Environmental Policy Act (NEPA) of 1969 (42 United States Code [USC] 4321 et seq.). Therefore, the preparation of an environmental impact statement (EIS) is not required and BPA is issuing this Finding of No Significant Impact (FONSI) for the Proposed Action. The Pro",2026-07-22T17:34:50.050859+00:00,
21e5979a8a81137d9470de4b39d170b9,resource,not to exceed,Affected Environment,t Management Plan (AMP) (AZ-230-2007-001). The Box Bar Allotment Management plan calls for upland utilization standards not to exceed 40% on key forage species. The AMP also calls for one season of rest in upland pastures after two consecutive uses. The,2026-07-22T17:34:50.050859+00:00,
22142a1cdb792e5bf6c5b37034f14e99,resource,not to exceed,Air Quality,"s [CFR] 61, Subpart H). This emission standard limits emissions of radionuclides to the ambient air from DOE facilities not to exceed amounts that would cause any member of the public to receive in any year an effective dose equivalent of 10 mrem/year.",2026-07-22T17:34:50.050859+00:00,
2217a948a9483bdb8dff270f9c94213d,finding,would require an eis,Finding of No Significant Impact,my determination that the proposed action would not significantly affect the quality of the human environment and that preparation of an Environmental Impact Statement (EIS) is not required. _____/s/__________________________________ _____________9/10/14___________________ Viola E. Hill,2026-07-22T17:34:50.050859+00:00,
2272784fe148e48bfd1efb88ae926831,finding,would require an eis,FINDING OF NO SIGNIFICANT IMPACT,"ive does not constitute a major federal action significantly affecting the quality of the human environment. Therefore, preparation of an environmental impact statement is not required. Issued at Idaho Falls, Idaho on this 18th day of February, 2009. Interim Manager, Idaho Operations Off",2026-07-22T17:34:50.050859+00:00,
2272784fe148e48bfd1efb88ae926831,finding,would require an eis,FINDING OF NO SIGNIFICANT IMPACT,"ive does not constitute a major federal action significantly affecting the quality of the human environment. Therefore, preparation of an environmental impact statement is not required. Issued at Idaho Falls, Idaho on this 18th day of February, 2009. Interim Manager, Idaho Operations Off",2026-07-22T17:34:50.050859+00:00,
2509af59a66b5685ac4f394788c401a4,resource,would require an eis,Noise,"Federal action significantly affecting the quality of the human environment within the context of NEPA. Therefore, the preparation of an environmental impact statement is not required, and DOE is issuing this FONSI. The UMaine’s commitment to obtain and comply with all appropriate Feder",2026-07-22T17:34:50.050859+00:00,
2509af59a66b5685ac4f394788c401a4,resource,would require an eis,Cumulative Impacts,"Federal action significantly affecting the quality of the human environment within the context of NEPA. Therefore, the preparation of an environmental impact statement is not required, and DOE is issuing this FONSI. The UMaine’s commitment to obtain and comply with all appropriate Feder",2026-07-22T17:34:50.050859+00:00,
26c832d875341699aed57d85bdf491c0,resource,would require an eis,Traffic and Transportation,"at sites in Stanton, Tennessee and Glendale, Kentucky will not have a significant effect on the human environment. The preparation of an environmental impact statement is therefore not required, and DOE is issuing this Finding of No Significant Impact. Todd Stribley, NEPA Compliance Off",2026-07-22T17:34:50.050859+00:00,
26d7abb7e61f9134deb7eb3805fc507e,finding,not to exceed,FINDING OF NO SIGNIFICANT IMPACT,cle use will be conducted in a safe manner; reckless driving and/or excessive speed are permit violations. 23. Speed is not to exceed 5 miles per hour when operating a motor vehicle inside the camping and parking areas. 24. All motor vehicle use will co,2026-07-22T17:34:50.050859+00:00,
27b09d736af26e2f1ace7569134b6260,finding,would require an eis,FINDING OF NO SIGNIFICANT IMPACT,"Federal action significantly affecting the quality of the human environment within the context of NEPA. Therefore, the preparation of an environmental impact statement is not required, and DOE is issuing this FONSI. The University of Minnesota's commitment to obtain and comply with all",2026-07-22T17:34:50.050859+00:00,
2894a199c872be0ae04247be2a1867b1,finding,would require an eis,Finding of No Significant Impact,"is to determine if a proposed action will have a significant impact on the human environment and therefore require the preparation of an Environmental Impact Statement (EIS). As defined in 40 CFR 1508.13, a Finding of No Significant Impact (FONSI) is a document that briefly presents the",2026-07-22T17:34:50.050859+00:00,
292d487f83fadcd1cef13fe9b55b8b89,finding,would require an eis,FINDING OF NO SIGNIFICANT IMPACT,"ether the Proposed Action would result in significant impacts to the environment. Significant impacts would require the preparation of an Environmental Impact Statement (EIS). If the BLM Authorized Officer determines that no significant impacts would occur, a FONSI would be issued. Under",2026-07-22T17:34:50.050859+00:00,
29f7338c22f699c6b23b80d48db907cd,finding,would require an eis,FINDING OF NO SIGNIFICANT IMPACT,"quality of the human environment within the context of the National Environmental Policy Act of 1969 (NEPA). Therefore, preparation of an environmental impact statement (EIS) is not necessary, and DOE is issuing this Finding of No Significant Impact (FONSI). PUBLIC AVAILABILITY OF EA AND",2026-07-22T17:34:50.050859+00:00,
2aa78244ed8fa03fe3be2ae18eb1d981,finding,would require an eis,Finding of No Significant Impact,"ronment within the meaning of the National Environmental Policy Act of 1969 (NEPA), 42 USC 4321, et seq. Therefore, the preparation of an Environmental Impact Statement is not required.",2026-07-22T17:34:50.050859+00:00,
2bff577c99ce6e93a8a921ce923493c3,finding,would require an eis,Finding of No Significant Impact,"ning of the National Environmental Policy Act (NEPA) of 1969 (42 United States Code [USC] 4321 et seq.). Therefore, the preparation of an environmental impact statement (EIS) is not required and BPA is issuing this Finding of No Significant Impact (FONSI) for the Proposed Action. The Pro",2026-07-22T17:34:50.050859+00:00,
2c89c94edc51381929a125cbfac35b6d,finding,would require an eis,Finding of No Significant Impact,"Impact (FONSI). If, however, BPA determines that any of these potential impacts are significant, BPA would proceed with preparation of an Environmental Impact Statement (EIS) for the proposal. At the conclusion of the NEPA process – either issuance of a FONSI or completion of the EIS pro",2026-07-22T17:34:50.050859+00:00,
2c89c94edc51381929a125cbfac35b6d,finding,would require an eis,Finding of No Significant Impact,"ning of the National Environmental Policy Act (NEPA) of 1969 (42 United States Code [USC] 4321 et seq.). Therefore, the preparation of an environmental impact statement (EIS) is not required and BPA is issuing this Finding of No Significant Impact (FONSI) for the Proposed Action. The Pro",2026-07-22T17:34:50.050859+00:00,
2c94399d5fc7d17ba3846778a14a2c70,finding,would require an eis,Finding of No Significant Impact,"Based on the analysis in the EA, BPA has determined that a Finding of No Significant Impact (FONSI) is appropriate and preparation of an Environmental Impact Statement (EIS) is not required. The Corps and USFS each have agency-specific FONSIs for the project. Public Availability This FO",2026-07-22T17:34:50.050859+00:00,
2d3d469fdbc2881a20ba54ac548f3753,resource,extraordinary circumstance,Air Quality,"PA-BIO-10, which establishes standard practices for weed management; therefore, there will be no substantial impacts or extraordinary circumstances with respect to the management of invasive species/noxious weeds. No further analysis is warranted in this EA. Lands/Ac",2026-07-22T17:34:50.050859+00:00,
2dde994aa2a68157d6c0f9827357f9df,finding,would require an eis,FINDING OF NO SIGNIFICANT IMPACT,"major Federal action significantly affecting the quality of the human environment within the meaning of NEPA. Thus, the preparation of an environmental impact statement is not required, and WAPA issues this FONSI. The Final EA is approved concurrent with this FONSI. Issued at Loveland, C",2026-07-22T17:34:50.050859+00:00,
2ed2f93bb9d0950062b7f9d3829b70a7,resource,would require an eis,Scenic Resources,"for instream habitat enhancement) may significantly affect the quality of the human environment and thereby require the preparation of an Environmental Impact Statement (EIS). By preparing this EA, we are fulfilling agency policy and direction to comply with NEPA (42 U.S. Code [USC] 4321",2026-07-22T17:34:50.050859+00:00,
2ed2f93bb9d0950062b7f9d3829b70a7,condition,not to exceed,Mitigation Measures,the riparian and floodplain areas. Soils Minimize detrimental soil conditions with total acreage detrimentally impacted not to exceed 20 percent of the total acreage within the activity area including system roads. Where detrimental conditions affect 20,2026-07-22T17:34:50.050859+00:00,
2ed2f93bb9d0950062b7f9d3829b70a7,finding,would require an eis,Finding of No Significant Impact,"ning of the National Environmental Policy Act (NEPA) of 1969 (42 United States Code [USC] 4321 et seq.). Therefore, the preparation of an Environmental Impact Statement (EIS) is not required and BPA is issuing this Finding of No Significant Impact (FONSI) for the Proposed Action. Public",2026-07-22T17:34:50.050859+00:00,
2ed2f93bb9d0950062b7f9d3829b70a7,resource,would require an eis,Scenic Resources,"for instream habitat enhancement) may significantly affect the quality of the human environment and thereby require the preparation of an Environmental Impact Statement (EIS). By preparing this EA, we are fulfilling agency policy and direction to comply with NEPA (42 U.S. Code [USC] 4321",2026-07-22T17:34:50.050859+00:00,
2ed2f93bb9d0950062b7f9d3829b70a7,condition,not to exceed,Mitigation Measures,the riparian and floodplain areas. Soils Minimize detrimental soil conditions with total acreage detrimentally impacted not to exceed 20 percent of the total acreage within the activity area including system roads. Where detrimental conditions affect 20,2026-07-22T17:34:50.050859+00:00,
2eff7e004ba7a0c4bae9d2f2ad17199e,resource,not to exceed,Affected Environment,"the proposed Twin Rivers Hatchery, water withdrawals from the Moyie and Kootenai rivers would be new, with a total rate not to exceed 4 cubic feet per second (cfs) from both rivers and on-site wells. Tables 3-2 and 3-3 show the average monthly discharge",2026-07-22T17:34:50.050859+00:00,
2eff7e004ba7a0c4bae9d2f2ad17199e,finding,would require an eis,Finding of No Significant Impact,"ty of the human environment, within the meaning of the National Environmental Policy Act (NEPA) of 1969. Therefore, the preparation of an Environmental Impact Statement (EIS) is not required, and BPA is issuing this Finding of No Significant Impact (FONSI) for the Proposed Action. Commen",2026-07-22T17:34:50.050859+00:00,
2eff7e004ba7a0c4bae9d2f2ad17199e,resource,not to exceed,Affected Environment,"the proposed Twin Rivers Hatchery, water withdrawals from the Moyie and Kootenai rivers would be new, with a total rate not to exceed 4 cubic feet per second (cfs) from both rivers and on-site wells. Tables 3-2 and 3-3 show the average monthly discharge",2026-07-22T17:34:50.050859+00:00,
2f48487016d928cfdde405e7a65ce8b4,finding,would require an eis,FINDING OF NO SIGNIFICANT IMPACT,"ty of the human environment, within the meaning of the National Environmental Policy Act of 1969 (NEPA). Therefore, the preparation of an Environmental Impact Statement (EIS) is not required. ADDRESSES AND FURTHER INFORMATION: Single Copies of the EA and further information about the pro",2026-07-22T17:34:50.050859+00:00,
2fa2ae31a4a1169380d12f747c8c0958,resource,not to exceed,NOISE,"ions that contain noise standards concerning noise emissions from utility-scale wind farms. Antelope County set a limit not to exceed 50 dBA upon any adjoining, nonparticipating landowner’s occupied dwelling and Wheeler County set a limit not to exceed",2026-07-22T17:34:50.050859+00:00,
3153f73d56c98c8ccf40db525981fe01,finding,would require an eis,Finding of No Significant Impact,"line in San Luis Obispo and Kern Counties, California, will not have a significant effect on the human environment. The preparation of an environmental impact statement is therefore not required, and DOE is issuing this Finding of No Significant Impact. Copies of the Final EA are availab",2026-07-22T17:34:50.050859+00:00,
3153f73d56c98c8ccf40db525981fe01,resource,not to exceed,Noise,".3, noise created by new transportation noise sources, including roadway improvement projects, shall be mitigated so as not to exceed 60 dBA Ldn/CNEL daytime or nighttime within outdoor activity areas of residential land uses (i.e., at the property line",2026-07-22T17:34:50.050859+00:00,
3153f73d56c98c8ccf40db525981fe01,resource,not to exceed,Regulatory Framework,".3, noise created by new transportation noise sources, including roadway improvement projects, shall be mitigated so as not to exceed 60 dBA Ldn/CNEL daytime or nighttime within outdoor activity areas of residential land uses (i.e., at the property line",2026-07-22T17:34:50.050859+00:00,
31d097a7b5c23592b23e2067f552fd65,resource,would require an eis,Cultural Resources,"Weir and Fish Trapping Facility will not have a significant effect on the quality of the human environment. Therefore, preparation of an environmental impact statement is not required. APPROVED BY: Will Runnoe Field Manager Cottonwood Field Office Date",2026-07-22T17:34:50.050859+00:00,
322c84ecf58188ae43b9d1ccd27a0ac6,finding,would require an eis,Finding of No Significant Impact,"ning of the National Environmental Policy Act (NEPA) of 1969 (42 United States Code [USC] 4321 et seq.). Therefore, the preparation of an environmental impact statement (EIS) is not required and BPA is issuing this FONSI for the Proposed Action. The Proposed Action is not the type of act",2026-07-22T17:34:50.050859+00:00,
32e0efa8593b592053f96b31c093580c,resource,would be significant if,Cultural Resources,ntal Analysis Approach Table 3.2. Impact Significance Thresholds Resource Area Impact Significance Thresholds An impact would be significant if it EXCEEDS the following conditions.,2026-07-22T17:34:50.050859+00:00,
32e0efa8593b592053f96b31c093580c,resource,would be significant if,Noise,"ntal Analysis Approach Table 3.2. Impact Significance Thresholds Resource Area Impact Significance Thresholds An impact would be significant if it EXCEEDS the following conditions. Human Health and Safety The project, with current and updated safety procedures, w",2026-07-22T17:34:50.050859+00:00,
32f29134d3013e58d034be2e3dcb872f,finding,would require an eis,FINDING OF NO SIGFICANT IMPACT,"ded measures, would not constitute a major federal action significantly affecting the quality of the human environment. Preparation of an environmental impact statement is not required.",2026-07-22T17:34:50.050859+00:00,
33dba1a8afff761a5665764a64f5c943,finding,would require an eis,FINDING OF NO SIGNIFICANT IMPACT,"quality of the human environment within the context of the National Environmental Policy Act of 1969 (NEPA). Therefore, preparation of an environmental impact statement (EIS) is not necessary, and DOE is issuing this mitigated FONSI. DOE will implement a Mitigation Action Plan for this p",2026-07-22T17:34:50.050859+00:00,
33dba1a8afff761a5665764a64f5c943,resource,would require an eis,Socioeconomics,"tly affect the quality of the human environment within the context of the National Environmental Policy Act. Therefore, preparation of an environmental impact statement is not required. Issued at Oak Ridge, Tennessee, this-2'5 day of~ 1996. ~~&/ ;:::l Manager U.S. Department of Energy Oa",2026-07-22T17:34:50.050859+00:00,
33dba1a8afff761a5665764a64f5c943,condition,would require an eis,MITIGATION,"tly affect the quality of the human environment within the context of the National Environmental Policy Act. Therefore, preparation of an environmental impact statement is not required. Issued at Oak Ridge, Tennessee, this-2'5 day of~ 1996. ~~&/ ;:::l Manager U.S. Department of Energy Oa",2026-07-22T17:34:50.050859+00:00,
33dba1a8afff761a5665764a64f5c943,finding,would require an eis,FINDING OF NO SIGNIFICANT IMPACT,"ity of the human environment within the meaning of the National Environmental Policy Act (NEPA) of 1969. Therefore, the preparation of an Environmental Impact Statement (EIS) is not necessary, and DOE is issuing this FONSI. DOE will also implement a Mitigation Action Plan for this action",2026-07-22T17:34:50.050859+00:00,
345f2273e925ddf01e2beb609bf7fe3f,resource,not to exceed,Recreation,n dips rather than constructed features (water bars) as much as possible. 5. Trails would be designed for running slope not to exceed one-half the grade of the side slope. The sustainability of trail grades is largely dependent on surface durability—whe,2026-07-22T17:34:50.050859+00:00,
345f2273e925ddf01e2beb609bf7fe3f,resource,not to exceed,Recreation,rain dips rather than constructed features (water bars) as much as possible; Trails would be designed for running slope not to exceed ½ the grade of the side slope. The sustainability of trail grades is largely dependent on surface durability—where trai,2026-07-22T17:34:50.050859+00:00,
34b2bad0e11e1a49dd45def82fbdea41,finding,would require an eis,Finding of No Significant Impact,"r and associated facilities (Proposed Action) would not result in any significant environmental impacts. Therefore, the preparation of an environmental impact statement (EIS) will not be required. The basis for this determination is described in this FONSI. Additional information and cop",2026-07-22T17:34:50.050859+00:00,
35b604ef457271a954474d144371bc7e,finding,would require an eis,FINDING OF NO SIGNIFICANT IMPACT,"Cougar Bay Easement Acquisition will not have a significant effect on the quality of the human environment. Therefore, preparation of an environmental impact statement is not required. ___/signed by/_____________ 28 March 2012 Kurt Pavlat, Field Manager Date",2026-07-22T17:34:50.050859+00:00,
364a98f6ed7cc190ee19f1b2e26b8a39,finding,would require an eis,Finding of No Significant Impact,"uality of the human environment, as defined within the National Environmental Policy Act (NEPA) of 1969. Therefore, the preparation of an Environmental Impact Statement (EIS) is not required, and BPA is issuing this Finding of No Significant Impact (FONSI). Copies: For copies of this FON",2026-07-22T17:34:50.050859+00:00,
367e4df9a19eb586d5815d36cce53d52,resource,not to exceed,Threatened and Endangered Species,".8 km) along ephemeral or intermittent drainages, 5.0mi (8.0 km) along perennial drainages, or some combination thereof not to exceed 5.0 mi (8.0 km); b) Provide some vegetation cover for protection from predators, and in drainages, some ephemeral, inte",2026-07-22T17:34:50.050859+00:00,
3689d8443cb2835804a5c9e61ccf1d30,finding,would require an eis,FINDING OF NO SIGNIFICANT IMPACT,"d its associated transmission line near Gila Bend, AZ, will not have a significant affect on the human environment. The preparation of an environmental impact statement is therefore not required, and DOE is issuing this Finding of No Significant Impact. Copies of the Final EA are availab",2026-07-22T17:34:50.050859+00:00,
3689d8443cb2835804a5c9e61ccf1d30,finding,would require an eis,FINDING OF NO SIGNIFICANT IMPACT,"d its associated transmission line near Gila Bend, AZ, will not have a significant affect on the human environment. The preparation of an environmental impact statement is therefore not required, and DOE is issuing this Finding of No Significant Impact. Copies of the Final EA are availab",2026-07-22T17:34:50.050859+00:00,
3854d03305e52601270b5523a619dd90,finding,would require an eis,FINDING OF NO SIGNIFICANT IMPACT,"and infrastructure improvements, and optimized annual throughput of BCT training are not significant, that Page 5 of 15 preparation of an Environmental Impact Statement is unnecessary, and that concluding the NEPA effort with a FNSI is appropriate. 23 June 2020 Date ANTHONY HAMMETT COL,",2026-07-22T17:34:50.050859+00:00,
3854d03305e52601270b5523a619dd90,resource,extraordinary circumstance,Socioeconomics,"e list of Army Categorical Exclusions (CATEXs; per 32 CFR § 651, Appendix D) to determine whether, by type of action or extraordinary circumstance, it would qualify for CATEX. ARNG CATEX documentation was prepared for those projects that met the qualifications; thos",2026-07-22T17:34:50.050859+00:00,
386995675ca91b593ffb0b15780c09fd,finding,not to exceed,FINDING OF NO SIGNIFICANT IMPACT,"land near Jerome, Idaho. This project would be accomplished via issuance of a renewable ROW to NSCC, valid for a period not to exceed 30 years. The project area is located approximately 7.8 miles northeast of Jerome, Idaho (Jerome County), on both BLMad",2026-07-22T17:34:50.050859+00:00,
38d59ecf63522de1d8bb525c3d460348,finding,would require an eis,FINDING OF NO SIGNIFICANT IMPACT,"nment within the meaning of the National Environmental Policy Act of 1969 (NEPA), 42 U.S.C. 4321, et seq. Therefore the preparation of an Environmental Impact Statement (EIS) is not required. SINGLE COPIES OF THE ENVIRONMENTAL ASSESSMENT AND FURTHER PROJECT INFORMATION ARE AVAILABLE FROM",2026-07-22T17:34:50.050859+00:00,
39731f518d54bc4ee3f85f4c4837e99e,finding,would require an eis,Finding of No Significant Impact,"o the communities and the economy within the area, economic or social effects are not intended by themselves to require preparation of an environmental impact statement (40 CFR 1508.14.). When evaluating the intensity, or the severity, of the impacts to resources that would occur by impl",2026-07-22T17:34:50.050859+00:00,
39bf8ec8043baea519bffc87f229123d,finding,would require an eis,Finding of No Significant Impact,"defined by the National Environmental Policy Act. Therefore, the preparation of an Environmental Impact Statement is not required, and DOE is issuing this Finding of No Significant Impact. ''''7ob- Issued in Golden, Colorado this ~ d",2026-07-22T17:34:50.050859+00:00,
39bf8ec8043baea519bffc87f229123d,resource,would be significant if,AIR QUALITY,"deral, state, and local air pollution standards and regulations. Air quality impacts from a proposed activity or action would be significant if they: • increase ambient air pollution concentrations above any NAAQS; • contribute to an existing violation of any NAA",2026-07-22T17:34:50.050859+00:00,
3b144317682e9239034cfbdf5a874a20,finding,would require an eis,FINDING OF NO SIGNIFICANT IMPACT,"ied in the EA meet the definition of significant in context or intensity as described in 40 CFR 1508.27. Therefore, the preparation of an Environmental Impact Statement (EIS) is not required as per Section 102 (2) of the National Environmental Policy Act. It has been determined that the",2026-07-22T17:34:50.050859+00:00,
3b9626ef13fcc5b64eddfd68ce2a21d1,finding,would require an eis,FINDING OF NO SIGNIFICANT IMPACT,"n the MAP as conditions required for Federal funding shall be incorporated into the NREL subcontract to I’SOT, Inc. The preparation of an Environmental Impact Statement is not required, and DOE is issuing this Finding of No Significant Impact. Issued in Golden, Colorado, 7th day of March",2026-07-22T17:34:50.050859+00:00,
3d10fc0a311ee53904a5abc3696cce10,finding,would require an eis,Finding of No Significant Impact,ecommendation: It is recommended that the ROW Grant be approved as described in the applicant's Plan of Operations. The preparation of an Environmental Impact Statement is not recommended. The ROW will be approved under the authority of 43 Code of Federal Regulations Part 2800 (43 CFR 28,2026-07-22T17:34:50.050859+00:00,
3d2cd358b5fc1976ccdd9637bc119a34,finding,would require an eis,Finding of No Significant Impact,"ty of the human environment, within the meaning of the National Environmental Policy Act (NEPA) of 1969. Therefore, the preparation of an Environmental Impact Statement is not required and the Department is issuing this FONSI. COPIES OF THE EA ARE AVAILABLE FROM: Wennona A. Brown, Enviro",2026-07-22T17:34:50.050859+00:00,
3d7dfbac4d8c217bf80cef6e01ad65f7,resource,not to exceed,Aesthetics,"egenerator, stack, etc., would be the most noticeable structure, as the stack would be approximately 67 feet in height (not to exceed 72 feet with the flare enclosure), while the major part of the structure would be about 60 feet high. The structure wou",2026-07-22T17:34:50.050859+00:00,
3ddfef79b2662cdf332b990d3826b9f0,finding,would require an eis,Finding of No Significant Impact,"uality of the human environment, within the meaning of the National Environmental Policy Act (NEPA) of 1969. Therefore, preparation of an Environmental Impact Statement (EIS) is not required and BPA is issuing this FONSI for the Proposed Action. The Proposed Action is not the type of act",2026-07-22T17:34:50.050859+00:00,
3e7f7a4931fde242c91abc5af1d86d88,finding,would require an eis,FINDING OF NO SIGNIFICANT IMPACT,my determination that the proposed action would not significantly affect the quality of the human environment and that preparation of an Environmental Impact Statement (EIS) is not required. David Baker Date Acting Field Manager,2026-07-22T17:34:50.050859+00:00,
3f6894614fdae1c2bf1b7b671ba8685f,finding,would require an eis,FINDING OF NO SIGNIFICANT IMPACT,"ied in the EA meet the definition of significant in context or intensity as described in 40 CFR 1508.27. Therefore, the preparation of an Environmental Impact Statement (EIS) is not required as per Section 102(2) of the National Environmental Policy Act. This finding and conclusion is ba",2026-07-22T17:34:50.050859+00:00,
41280d09e663bc4e5bd9711e14416be4,finding,would require an eis,Finding of No Significant Impact,"nvironment, within the meaning of the National Environmental Policy Act (NEPA) (42 U.S.C. 4321 et seq.). Therefore, the preparation of an environmental impact statement (EIS) is not required, and BPA is issuing this Finding of No Significant Impact (FONSI) for the Proposed Action. The Pr",2026-07-22T17:34:50.050859+00:00,
41748e9c58759c2259afc9343d31866b,finding,would require an eis,Finding of No Significant Impact,"k are anticipated, relative to the entire drainage, and does not rise to a level of significance that would require the preparation of an Environmental Impact Statement. 5. The degree to which the possible effects on the human environment are highly uncertain or involve unique or unknown",2026-07-22T17:34:50.050859+00:00,
41be23b32b5ca23925d058860d99c94e,finding,not to exceed,Finding of No Significant Impact,Programmatic Fuel Reduction for Fairbanks District Office 001-BLM-AK-F000-2014-0001-EA Small low complexity pile burns not to exceed 40 acres ofvegetation per year Location of Proposed Action: The Proposed action will occur on lands managed by the Cent,2026-07-22T17:34:50.050859+00:00,
423e66736cc96393094fe9e6403528b1,finding,would require an eis,Finding of No Significant Impact,"d to the context and the intensity of impacts analyzed in the EA. Accordingly, the Proposed Action does not require the preparation of an environmental impact statement. For questions about this FONSI or the Final EA, please contact: U.S. Department of Energy Golden Field Office 15013 De",2026-07-22T17:34:50.050859+00:00,
431a5afd72fb9b192e3bbe2064c3dcae,finding,would require an eis,FINDING OF NO SIGNIFICANT IMPACT,"ing the quality of the human environment as defined by the National Environmental Policy Act (NEPA) of 1969. Therefore, preparation of an Environmental Impact Statement is not required, and DOE is issuing this FONSI. COPIES OF THE EA ARE AVAILABLE FROM: Ms. Janice L. Murphy Pittsburgh En",2026-07-22T17:34:50.050859+00:00,
43a3ed9ea3cae13472bf9ad81f0f46a6,finding,would require an eis,Finding of No Significant Impact,"ning of the National Environmental Policy Act (NEPA) of 1969 (42 United States Code [USC] 4321 et seq.). Therefore, the preparation of an environmental impact statement (EIS) is not required and BPA is issuing this Finding of No Significant Impact (FONSI) for the Proposed Action. The Pro",2026-07-22T17:34:50.050859+00:00,
475d08cfd56f834ea93f8a8859815dfc,finding,would require an eis,FINDING OF NO SIGNIFICANT IMPACT,"action significantly affecting the quality of the environment within the context of NEPA, and thus does not require the preparation of an Environmental Impact Statement (EIS). This FONSI does not constitute a decision to select any alternative, and it is not a decision to proceed with th",2026-07-22T17:34:50.050859+00:00,
48e1965f2585313393a0e82b48f5d492,finding,would require an eis,Finding of No Significant Impact,"ity of the human environment within the meaning of the National Environmental Policy Act of 1969 (NEPA). Therefore, the preparation of an environmental impact statement is not required. DESCRIPTION OF THE PROPOSED ACTION: DOE is proposing to decontaminate and decommission the Juggernaut",2026-07-22T17:34:50.050859+00:00,
49934caad836f456c4c0c5a9d2d251b3,finding,would require an eis,FINDING OF NO SIGNIFICANT IMPACT,significant impacts to the environment under the criteria in Title 40 Code of Federal Regulations 1508.18 and 1508.27. Preparation of an Environmental Impact Statement to further analyze possible impacts is not required pursuant to Section 102(2)(c) of the National Environmental Policy,2026-07-22T17:34:50.050859+00:00,
49a0bac59f5411aa8612d9c74dc694a0,resource,not to exceed,Affected Environment - General Wildlife & Migratory Birds,ww.fws.gov/sites/default/files/documents/nationwide-standard-conservation ￼ measures.pdf. • Establish speed limit signs not to exceed 25 mph (supplementary rules needed) and wildlife crossing signs where needed. • Vent caps will be placed on all open ex,2026-07-22T17:34:50.050859+00:00,
49a0bac59f5411aa8612d9c74dc694a0,resource,not to exceed,Proposed Action – General Wildlife and Migratory Birds,ww.fws.gov/sites/default/files/documents/nationwide-standard-conservation ￼ measures.pdf. • Establish speed limit signs not to exceed 25 mph (supplementary rules needed) and wildlife crossing signs where needed. • Vent caps will be placed on all open ex,2026-07-22T17:34:50.050859+00:00,
49a0bac59f5411aa8612d9c74dc694a0,resource,not to exceed,Wildlife,"d by construction activities, such as staging areas, through native seeding and planting. • Establish speed limit signs not to exceed 25 mph (supplementary rules needed) and wildlife crossing signs where needed. • Vent caps will be placed on all open ex",2026-07-22T17:34:50.050859+00:00,
49a0bac59f5411aa8612d9c74dc694a0,resource,not to exceed,Proposed Action – General Wildlife and Migratory Birds,• Follow the U.S. Fish and Wildlife Service’s nationwide standard conservation measures. • Establish speed limit signs not to exceed 25 mph (supplementary rules needed) • Vent caps will be placed on all open exposed pipes to prevent wildlife entrapment,2026-07-22T17:34:50.050859+00:00,
4ab271e580ffd5af633e1c18a9dd6dcf,finding,would require an eis,Finding of No Significant Impact,"mine whether or not a proposed action will have a significant impact on the human environment and therefore require the preparation of an Environmental Impact Statement (EIS). As defined in 40 CFR 1508.13, a Finding of No Significant Impact (FONSI) is a document that briefly presents the",2026-07-22T17:34:50.050859+00:00,
4ab271e580ffd5af633e1c18a9dd6dcf,resource,not to exceed,Air Quality,ounts of PM-10 and PM-2.5 emissions from the project are expected to be minor compared to other sources in the area and not to exceed standards. The project is likely to reduce the probability of large severe wildfires in the project area (see Issue #4),2026-07-22T17:34:50.050859+00:00,
4c73d73b52436903435706a761eebb76,finding,would require an eis,Finding of No Significant Impact,"ning of the National Environmental Policy Act (NEPA) of 1969 (42 United States Code [USC] 4321 et seq.). Therefore, the preparation of an environmental impact statement (EIS) is not required and BPA is issuing this FONSI for the Proposed Action. The Proposed Action is not the type of act",2026-07-22T17:34:50.050859+00:00,
4c73d73b52436903435706a761eebb76,finding,would require an eis,Finding of No Significant Impact,"icant Impact (FONSI). If, however, BPA determines any of these potential impacts are significant, it would proceed with preparation of an Environmental Impact Statement (EIS) for the proposal. At the conclusion of the NEPA process – either issuance of a FONSI or completion of the EIS pro",2026-07-22T17:34:50.050859+00:00,
4c73d73b52436903435706a761eebb76,finding,not to exceed,Finding of No Significant Impact,"ariability in within-hatchery survival, some flexibility is needed. Therefore, release level targets include a cushion, not to exceed an additional 10 percent of each program’s release target, by the hatchery annually, which must be approved by the mana",2026-07-22T17:34:50.050859+00:00,
4e79accb57c4b8d2fc791685c44fed02,finding,would require an eis,Finding of No Significant Impact,"Proposed Action’s environmental effects, identified in the environmental assessment, would not be significant and thus preparation of an Environmental Impact Statement is not warranted. Since the Project was initiated prior to the September 2020 and subsequent May 2022 revisions to the",2026-07-22T17:34:50.050859+00:00,
4e8d9d64d55f2d8a52e37ada90fc5d3a,resource,not to exceed,AFFECTED ENVIRONMENT,"nable period of time for completion of the project. b The tabulated noise levels may be exceeded by 10 dBA for a period not to exceed 15 minutes in any 1-hr period. Source: Colorado Revised Statutes, Title 25, “Health,” Article 12, “Noise Abatement,” Se",2026-07-22T17:34:50.050859+00:00,
4e8d9d64d55f2d8a52e37ada90fc5d3a,resource,not to exceed,NOISE,"nable period of time for completion of the project. b The tabulated noise levels may be exceeded by 10 dBA for a period not to exceed 15 minutes in any 1-hr period. Source: Colorado Revised Statutes, Title 25, “Health,” Article 12, “Noise Abatement,” Se",2026-07-22T17:34:50.050859+00:00,
4e8d9d64d55f2d8a52e37ada90fc5d3a,resource,not to exceed,Geologic Setting,"nable period of time for completion of the project. b The tabulated noise levels may be exceeded by 10 dBA for a period not to exceed 15 minutes in any 1-hr period. Source: Colorado Revised Statutes, Title 25, “Health,” Article 12, “Noise Abatement,” Se",2026-07-22T17:34:50.050859+00:00,
4e8d9d64d55f2d8a52e37ada90fc5d3a,resource,not to exceed,AFFECTED ENVIRONMENT,"nable period of time for completion of the project. b The tabulated noise levels may be exceeded by 10 dBA for a period not to exceed 15 minutes in any 1-hr period. Source: Colorado Revised Statutes, Title 25, “Health,” Article 12, “Noise Abatement,” Se",2026-07-22T17:34:50.050859+00:00,
4e8d9d64d55f2d8a52e37ada90fc5d3a,resource,not to exceed,NOISE,"nable period of time for completion of the project. b The tabulated noise levels may be exceeded by 10 dBA for a period not to exceed 15 minutes in any 1-hr period. Source: Colorado Revised Statutes, Title 25, “Health,” Article 12, “Noise Abatement,” Se",2026-07-22T17:34:50.050859+00:00,
4e8d9d64d55f2d8a52e37ada90fc5d3a,resource,not to exceed,Geologic Setting,"nable period of time for completion of the project. b The tabulated noise levels may be exceeded by 10 dBA for a period not to exceed 15 minutes in any 1-hr period. Source: Colorado Revised Statutes, Title 25, “Health,” Article 12, “Noise Abatement,” Se",2026-07-22T17:34:50.050859+00:00,
4eac20d53564f64714eb8f6032b4be24,finding,would require an eis,FINDING OF NO SIGNIFICANT IMPACT,significant impacts to the environment under the criteria in Title 40 Code of Federal Regulations 1508.18 and 1508.27. Preparation of an Environmental Impact Statement to further analyze possible impacts is not required pursuant to Section 102(2)(c) of the National Environmental Policy,2026-07-22T17:34:50.050859+00:00,
4f029f5ff92ef6ac551b48dc119cdb92,resource,not to exceed,SOCIOECONOMICS,"to allow use of livestock as a tool to improve soil or vegetation conditions. Utilization of forage on public lands is not to exceed 50% during the dormant season. Use is allowed within the dormant season window between October 15 and March 1, and will",2026-07-22T17:34:50.050859+00:00,
4f029f5ff92ef6ac551b48dc119cdb92,finding,not to exceed,Environmental Consequences,"to allow use of livestock as a tool to improve soil or vegetation conditions. Utilization of forage on public lands is not to exceed 50% during the dormant season. Use is allowed within the dormant season window between October 15 and March 1, and will",2026-07-22T17:34:50.050859+00:00,
50f851606fcceccd42e9088917718a36,finding,would require an eis,FINDING OF NO SIGNIFICANT IMPACT,"quality of the human environment within the context of the National Environmental Policy Act of 1969 (NEPA). Therefore, preparation of an environmental impact statement (EIS) is not necessary, and DOE is issuing this Finding of No Significant Impact (FONSI). PUBLIC AVAILABILITY OF EA AND",2026-07-22T17:34:50.050859+00:00,
513843e8b9551e1281e4a19b17f79bba,resource,not to exceed,Air Quality,"of all turbines during certain conditions in the fall and spring migration windows (Aug 1-Oct 31 and March 15-June 15), not to exceed 360 hours per year per turbine. For bats, the horus between sunset and sunrise during migration when termpatures are >5",2026-07-22T17:34:50.050859+00:00,
518ed35b347ed6fc90801343d1c6dbe8,resource,would be significant if,Cultural Resources,ntal Analysis Approach Table 3.2. Impact Significance Thresholds Resource Area Impact Significance Thresholds An impact would be significant if it EXCEEDS the following conditions.,2026-07-22T17:34:50.050859+00:00,
520cc465d3a9676bd714a1d538027745,finding,would require an eis,Finding of No Significant Impact,"Action may result in significant impacts on the environment. A finding that significant impacts may occur requires the preparation of an Environmental Impact Statement (EIS). If the BLM Authorized Officer determines that no significant impacts are expected, then the officer would issue",2026-07-22T17:34:50.050859+00:00,
531c0055aa475d2d41f079107f8d4e27,finding,would require an eis,Finding of No Significant Impact,t is recommended that the Special Recreation Permit be approved as described in the applicant's Plan of Operations. The preparation of an Environmental Impact Statement is not recommended. The Special Recreation Permit will be approved under the authority of 43 Code of Federal Regulation,2026-07-22T17:34:50.050859+00:00,
53d7b8ee6c684e5c713f5f9cbfd847c7,finding,would require an eis,Finding of No Significant Impact,"ning of the National Environmental Policy Act (NEPA) of 1969 (42 United States Code [USC] 4321 et seq.). Therefore, the preparation of an environmental impact statement (EIS) is not required and BPA is issuing this Finding of No Significant Impact (FONSI) for the Proposed Action. The Pro",2026-07-22T17:34:50.050859+00:00,
55b061e2e0fd03a3efd411a3c46783d2,finding,would require an eis,FINDING OF NO SIGNIFICANT IMPACT,"ity of the human environment within the meaning of the National Environmental Policy Act of 1969 (NEPA). Therefore, the preparation of an Environmental Impact Statement (EIS) is not necessary, and DOE is issuing this FONSI. PUBLIC AVAILABILITY: The EA Addendum may be reviewed at and copi",2026-07-22T17:34:50.050859+00:00,
56f5cb4286d0729245f0b8b73d61fc52,finding,would require an eis,Finding of No Significant Impact,"ined by the National Environmental Policy Act (NEPA) of 1969 (42 United States Code [USC] 4321 et seq.). Therefore, the preparation of an environmental impact statement (EIS) is not required and BPA is issuing this Finding of No Significant Impact (FONSI) for the Proposed Action. The Pro",2026-07-22T17:34:50.050859+00:00,
583ee81101aa920ea8f8277489795ffb,finding,would require an eis,Finding of No Significant Impact,"tensity as defined in 40 CFR 1508.27 and do not exceed those effects described in applicable land use plans. Therefore, preparation of an environmental impact statement (EIS) to further analyze possible impacts is not required pursuant to Section 102(2)(c) of the National Environmental P",2026-07-22T17:34:50.050859+00:00,
583ee81101aa920ea8f8277489795ffb,finding,would require an eis,Finding of No Significant Impact,"tensity as defined in 40 CFR 1508.27 and do not exceed those effects described in applicable land use plans. Therefore, preparation of an environmental impact statement (EIS) to further analyze possible impacts is not required pursuant to Section 102(2)(c) of the National Environmental P",2026-07-22T17:34:50.050859+00:00,
58d46ce5be85f0f8eaf246a64c1fbdee,finding,would require an eis,FINDING OF NO SIGNIFICANT IMPACT,"with the presently included stipulations, will not have environmental impacts at a level of significance sufficient to require an environmental impact statement under the National Environmental Policy Act. An environmental impact statement is not necessary and will not be prepare",2026-07-22T17:34:50.050859+00:00,
5951234d78956275932204d2512d7ce8,finding,would require an eis,Finding of No Significant Impact,"lementation will not significantly affect the quality of the human environment. Accordingly, I have determined that the preparation of an Environmental Impact Statement is not necessary for this proposal. APPROVED: //Signed/ Jim Tharp for// 7/10/2020 Kenneth J. Crane Field Manager Burley",2026-07-22T17:34:50.050859+00:00,
599d30af8162418b49801d3a50de1d96,finding,would require an eis,Decision to be Made,"ignificant environmental effects would result from implementing the proposed use of herbicides, which would require the preparation of an environmental impact statement.  Determine if the Proposed Action, using selected herbicides to manage undesirable vegetation, has acceptable environ",2026-07-22T17:34:50.050859+00:00,
59a7bbbdffe77ccc4045bae5c484aced,finding,would require an eis,Finding of No Significant Impact,"determine whether a proposed action will have a significant impact on the human environment and, therefore, require the preparation of an Environmental Impact Statement. As defined in 40 CFR 1508.13, the Finding of No Significant Impact (FONSI) is a document that briefly presents the rea",2026-07-22T17:34:50.050859+00:00,
5a6dbfa7e26c24bdaae311dafe552e61,finding,would require an eis,Finding of No Significant Impact,"tensity as defined in 40 CFR 1508.27 and do not exceed those effects described in applicable land use plans. Therefore, preparation of an Environmental Impact Statement (EIS) to further analyze possible impacts is not required pursuant to Section 102(2)(c) of the National Environmental P",2026-07-22T17:34:50.050859+00:00,
5a6dbfa7e26c24bdaae311dafe552e61,finding,would require an eis,Finding of No Significant Impact,"tensity as defined in 40 CFR 1508.27 and do not exceed those effects described in applicable land use plans. Therefore, preparation of an Environmental Impact Statement (EIS) to further analyze possible impacts is not required pursuant to Section 102(2)(c) of the National Environmental P",2026-07-22T17:34:50.050859+00:00,
5ab0b3ca8c155b60851e723baa8423d4,finding,not to exceed,Hazards and Human Health,". For LBNL employees, the annual occupational exposure to general employees at DOE facilities such as the Laboratory is not to exceed a total effective dose equivalent of 5 rem (1 rem = 1,000 mrem) (10 CFR 835.202(a)(1)). Lesser annual exposure limits a",2026-07-22T17:34:50.050859+00:00,
5ab3dbc04373452c2e02d1c0e762f3c2,finding,would require an eis,FINDING OF NO SIGNIFICANT IMPACT,"onmental effects meet the definition of significance in context or intensity as described in 40 CFR 1508.27. Therefore, preparation of an Environmental Impact Statement is not required as per section 102 (2) (c) of the National Environmental Policy Act. This finding and conclusion is bas",2026-07-22T17:34:50.050859+00:00,
5ab77d2be02a917ea70c9a44e1261113,finding,would require an eis,Finding of No Significant Impact,"ning of the National Environmental Policy Act (NEPA) of 1969 (42 United States Code [USC] 4321 et seq.). Therefore, the preparation of an environmental impact statement (EIS) is not required and BPA is issuing this Finding of No Significant Impact (FONSI) for those eight projects. These",2026-07-22T17:34:50.050859+00:00,
5ad305b732c0660d9c586b8a080becd1,finding,would require an eis,Finding of No Significant Impact,"uality of the human environment, within the meaning of the National Environmental Policy Act (NEPA) of 1969. Therefore, preparation of an environmental impact statement (EIS) is not required for West Route D-E and BPA is issuing this FONSI for this alternative. BPA solicited and received",2026-07-22T17:34:50.050859+00:00,
5af06bbb6005d52bf93e7b17e6d2f28e,resource,not to exceed,Affected Environment,"o maintain the river values for which it was designated (BLM 2016b). Per ANILCA Section 606, the designated corridor is not to exceed 640 acres per mile or river on either side of the river. The Birch Creek WSR is managed according to the Steese RMP (BL",2026-07-22T17:34:50.050859+00:00,
5af06bbb6005d52bf93e7b17e6d2f28e,resource,not to exceed,Wild and Scenic Rivers,"o maintain the river values for which it was designated (BLM 2016b). Per ANILCA Section 606, the designated corridor is not to exceed 640 acres per mile or river on either side of the river. The Birch Creek WSR is managed according to the Steese RMP (BL",2026-07-22T17:34:50.050859+00:00,
5b38e7b3f6014287e1a6085bd8129317,finding,would require an eis,FINDING OF NO SIGNIFICANT IMPACT,"ity of the human environment within the context of the National Environmental Policy Act (NEPA) of 1969. Therefore, the preparation of an Environmental Impact Statement (EIS) is not required, and DOE is issuing this FONSI. PUBLIC AVAILABILITY OF EA AND FONSI: The EA and FONSI may be revi",2026-07-22T17:34:50.050859+00:00,
5b38e7b3f6014287e1a6085bd8129317,finding,would require an eis,FINDING OF NO SIGNIFICANT IMPACT,"ity of the human environment within the context of the National Environmental Policy Act (NEPA) of 1969. Therefore, the preparation of an Environmental Impact Statement (EIS) is not required, and DOE is issuing this FONSI. PUBLIC AVAILABILITY OF EA AND FONSI: The EA and FONSI may be revi",2026-07-22T17:34:50.050859+00:00,
5c29e4983e3c45262048a8b0c6cba9cf,finding,would require an eis,Finding of No Significant Impact,ation: It is recommended that the Notice to Proceed be approved as described in the applicant's Plan of Operations. The preparation of an Environmental Impact Statement is not recommended. The Notice to Proceed will be approved under the authority of 43 Code of Federal Regulations Part 2,2026-07-22T17:34:50.050859+00:00,
5c491ef0aacc56aada8d3c9bf5c7685f,resource,would require an eis,Cultural Resources,"te a major Federal action significantly affecting the quality of the human environment and, therefore, does not require preparation of an environmental impact statement. For further information contact: Dr. Jerry Pel1 Office of Fossil Energy, FE-27 U.S. Department of Energy 1000 Independ",2026-07-22T17:34:50.050859+00:00,
5cd41c9d4a41bcd2117f73995e1401ac,resource,would require an eis,Socioeconomics,"Federal action significantly affecting the quality of the human environment within the context of NEPA. Therefore, the preparation of an environmental impact statement is not required, and DOE is issuing this Mitigated FONSI. OSU’s commitment to obtain and comply with all Federal, state",2026-07-22T17:34:50.050859+00:00,
5ced10e9bb5cf0fe39eae78805db7200,finding,would require an eis,FINDING OF No SIGNIFICANT IMPACT,"thin the meaning of the National Environmental Policy Act (NEP A) of 1969,42 United States Code 4321 et seq. Therefore, preparation of an Environmental Impact Statement is not required, and DOE is issuing this FONSI. COPIES OF THE EA ARE AVAILABLE FROM: Mr. Mark L. McKoy National Energy",2026-07-22T17:34:50.050859+00:00,
5d5a018a637a85158cfcd7f2e3ea2c66,resource,extraordinary circumstance,Water Resources,tandards protect public health and welfare at least as strictly as federal law and are necessary to meet compelling and extraordinary circumstances. CARB maintains a list of the NAAQS and CAAQS on their website at: https://www.arb.ca.gov/research/aaqs/caaqs/caaqs.htm,2026-07-22T17:34:50.050859+00:00,
5e4e1c4fca90cf0dff31145cea46b148,finding,would require an eis,FINDING OF NO SIGNIFICANT IMPACT,"ke WSA Trail Restoration Project will not have a significant effect on the quality of the human environment. Therefore, preparation of an environmental impact statement is not required. \S\ Kurt Pavlat Kurt Pavlat, Field Man ager July 30, 2012 Date",2026-07-22T17:34:50.050859+00:00,
5e5938183ef624072c4e9a690b25770d,finding,would require an eis,Finding of No Significant Impact,"of the National Environmental Policy Act (NEPA) of 1969 (42 United States Code [U.S.C.] § 4321 et seq.). Therefore, the preparation of an Environmental Impact Statement is not required, and BPA is issuing this Finding of No Significant Impact (FONSI) for the proposed action. Comments rec",2026-07-22T17:34:50.050859+00:00,
5ff616f161934eaba519451a1008f8c8,finding,would require an eis,Finding of No Significant Impact,"nt within the meaning of the National Environmental Policy Act (NEPA) of 1969 (42 U.S.C. 4321, et seq.). Therefore, the preparation of an environmental impact statement (EIS) is not required. Background On November 8,1978, the Uranium Mill Tailings Radiation Control Act (UMTRCA), Pub. L.",2026-07-22T17:34:50.050859+00:00,
6256760d521ba8b852d885ccbf28dd82,resource,would require an eis,Land Use,"prepared this EA to determine if the Proposed Action would significantly affect the environment, and thus, warrant the preparation of an environmental impact statement (EIS), or whether it is appropriate to prepare a finding of no significant impact (FONSI). This chapter describes Bonne",2026-07-22T17:34:50.050859+00:00,
6256760d521ba8b852d885ccbf28dd82,resource,not to exceed,Water Resources,"fulfilling the same water right (certificate 91811), the groundwater well on the project site is limited to a diversion not to exceed 3 acre feet per acre (1 acre foot covers one acre to a depth of one foot or 325,851 gallons) for each irrigated acre du",2026-07-22T17:34:50.050859+00:00,
6256760d521ba8b852d885ccbf28dd82,resource,not to exceed,Affected Environment,"fulfilling the same water right (certificate 91811), the groundwater well on the project site is limited to a diversion not to exceed 3 acre feet per acre (1 acre foot covers one acre to a depth of one foot or 325,851 gallons) for each irrigated acre du",2026-07-22T17:34:50.050859+00:00,
6256760d521ba8b852d885ccbf28dd82,resource,not to exceed,Groundwater,"fulfilling the same water right (certificate 91811), the groundwater well on the project site is limited to a diversion not to exceed 3 acre feet per acre (1 acre foot covers one acre to a depth of one foot or 325,851 gallons) for each irrigated acre du",2026-07-22T17:34:50.050859+00:00,
6256760d521ba8b852d885ccbf28dd82,finding,would require an eis,Finding of No Significant Impact,"ning of the National Environmental Policy Act (NEPA) of 1969 (42 United States Code [USC] 4321 et seq.). Therefore, the preparation of an environmental impact statement (EIS) is not required and BPA is issuing this Finding of No Significant Impact (FONSI) for the Proposed Action. The Pro",2026-07-22T17:34:50.050859+00:00,
62c1cf4692d281b3228e5cf0d064c86f,finding,would require an eis,FINDING OF NO SIGNIFICANT IMPACT,"o not exceed those impacts described in the Grand Canyon-Parashant National Monument RMP (EA BLM 2008a). Therefore, the preparation of an Environmental Impact Statement is not required as per Section 102 (2) of NEPA. This finding and conclusion is based on the consideration of the Counci",2026-07-22T17:34:50.050859+00:00,
64ad6f3bd73a622c604da98b46d15de7,finding,not to exceed,Alternatives,"d Action Design Feature SOPs / BMPs Site Treatment: Fencing  The newly constructed perimeter fence would be temporary, not to exceed 10 years unless authorized by the BLM.  Fencing would be to BLM standards (USDI, Bureau of Land Management.1989. BLM f",2026-07-22T17:34:50.050859+00:00,
64ad6f3bd73a622c604da98b46d15de7,resource,not to exceed,Alternatives,"d Action Design Feature SOPs / BMPs Site Treatment: Fencing  The newly constructed perimeter fence would be temporary, not to exceed 10 years unless authorized by the BLM.  Fencing would be to BLM standards (USDI, Bureau of Land Management.1989. BLM f",2026-07-22T17:34:50.050859+00:00,
6601091f177d19449537be3a9cc16852,finding,would require an eis,Finding of No Significant Impact,"eration of DOE’s NEPA implementing regulations (10 CFR Part 1021. Accordingly, the Proposed Action does not require the preparation of an environmental impact statement. FONSI March 2022",2026-07-22T17:34:50.050859+00:00,
664484c74b04199bcd9c6d5e25bbd246,finding,would require an eis,FINDING OF NO SIGNIFICANT IMPACT,"nvironment. All potential envirorunental impacts identified and analyzed in the EA would not be significant. Therefore, preparation of an environmental impact statement is not required, and DOE is issuing this FONSL Issued in Pittsburgh, PA, this __ day of August 2011. '> , ''\H~"",ny v.",2026-07-22T17:34:50.050859+00:00,
664a430040b1587ec1f9191d92ee75ad,finding,would require an eis,Finding of No Significant Impact,"d to the context and the intensity of impacts analyzed in the EA. Accordingly, the Proposed Action does not require the preparation of an environmental impact statement. For questions about this FONSI or the Final EA, please contact: U.S. Department of Energy Golden Field Office 15013 De",2026-07-22T17:34:50.050859+00:00,
66e063a3fc7783e8a3bfe2b78be77fb4,resource,would require an eis,Noise,"NEPA, federal agencies are required to assess the impacts that their actions may have on the environment. NEPA requires preparation of an Environmental Impact Statement for major federal actions significantly affecting the quality of the human environment. Finding: This EA provides the b",2026-07-22T17:34:50.050859+00:00,
66e063a3fc7783e8a3bfe2b78be77fb4,resource,would require an eis,Climate Change,"NEPA, federal agencies are required to assess the impacts that their actions may have on the environment. NEPA requires preparation of an Environmental Impact Statement for major federal actions significantly affecting the quality of the human environment. Finding: This EA provides the b",2026-07-22T17:34:50.050859+00:00,
66e063a3fc7783e8a3bfe2b78be77fb4,finding,would require an eis,Finding of No Significant Impact,"ning of the National Environmental Policy Act (NEPA) of 1969 (42 United States Code [USC] 4321 et seq.). Therefore, the preparation of an environmental impact statement (EIS) is not required and BPA is issuing this Finding of No Significant Impact (FONSI) for the Proposed Action. The Pro",2026-07-22T17:34:50.050859+00:00,
66ea083101b9fd6f0f37d2fb1f67826f,finding,would require an eis,Finding of No Significant Impact,"ning of the National Environmental Policy Act (NEPA) of 1969 (42 United States Code [USC] 4321 et seq.). Therefore, the preparation of an environmental impact statement (EIS) is not required and BPA is issuing this Finding of No Significant Impact (FONSI) for the Proposed Action. The Pro",2026-07-22T17:34:50.050859+00:00,
676a1be8be3492e2edb9e6cada15905c,finding,would require an eis,Finding of No Significant Impact,"x Solar Power Project located in Clark County, Nevada, will not have a significant impact on the human environment. The preparation of an environmental impact statement is therefore not required. Copies of the Final EA are available at the DOE Loan Guarantee Program Office website at htt",2026-07-22T17:34:50.050859+00:00,
678556062251dc2cba060526b75dccad,resource,not to exceed,Vegetation,this EA. All allotment authorizations will be analyzed with a two week variable window on each side of the on/off date (not to exceed AUMs) to account for seasonal variations in range condition and to promote cooperation and management of grazing permit,2026-07-22T17:34:50.050859+00:00,
67bc8925fa5f107438ef9ac4a966c610,finding,would require an eis,Finding of No Significant Impact,"r federal action that significantly affects the quality of the human environment within the meaning of NEPA. Therefore, preparation of an environmental impact statement (EIS) is not required. ADDRESS: The Y-12 Development Final EA and this Finding of No Significant Impact (FONSI) are ava",2026-07-22T17:34:50.050859+00:00,
6893e2e28d132954cbcfe7e21db816eb,finding,would require an eis,FINDING OF NO SIGNIFICANT IMPACT,"tially affected environment and degree of effects, as defined in (40 CFR 1501.3(b), effective May 20, 2022). Therefore, preparation of an Environmental Impact Statement (EIS) is not required. This finding is based on consideration of the potentially affected environment and degree of eff",2026-07-22T17:34:50.050859+00:00,
68d7b83a6fc86d5a2e69d8b0cbc6ff50,resource,would be significant if,Cultural Resources,ntal Analysis Approach Table 3.2. Impact Significance Thresholds Resource Area Impact Significance Thresholds An impact would be significant if it EXCEEDS the following conditions.,2026-07-22T17:34:50.050859+00:00,
68d7b83a6fc86d5a2e69d8b0cbc6ff50,resource,would be significant if,Noise,"ntal Analysis Approach Table 3.2. Impact Significance Thresholds Resource Area Impact Significance Thresholds An impact would be significant if it EXCEEDS the following conditions. Waste Management The action, along with planned mitigation measures, would not cau",2026-07-22T17:34:50.050859+00:00,
691453ba12c37ff4e8d37af8aab41db7,finding,would require an eis,Finding of No Significant Impact,"ning of the National Environmental Policy Act (NEPA) of 1969 (42 United States Code [USC] 4321 et seq.). Therefore, the preparation of an environmental impact statement (EIS) is not required and BPA is issuing this Finding of No Significant Impact (FONSI) for the Proposed Action. The Pro",2026-07-22T17:34:50.050859+00:00,
69457d15cf5ca97fa4d1bf3c453e0a29,finding,would require an eis,Finding of No Significant Impact,"ity of the human environment within the meaning of the National Environmental Policy Act (NEPA) of 1969. Therefore, the preparation of an environmental impact statement (EIS) is not required and DOE is issuing this finding of no significant impact (FONSI). Training exercises at SRS, as d",2026-07-22T17:34:50.050859+00:00,
69b57667d61b2ec19982cad4fd07b5a5,finding,would require an eis,Finding of No Significant Impact,"jor Federal action, significantly affecting the quality of the human environment within the context ofNEPA . Therefore, preparation of an environmental impact statement is not required, and DOE is issuing this FONS!. The PettisviJie has committed to obtain and comply with all Federal, St",2026-07-22T17:34:50.050859+00:00,
6a2156fa14087bb58bd61ed1c11c717d,resource,would require an eis,Wildlife,"federal action significantly affecting the quality of the human environment within the context of NEPA. Therefore, the preparation of an environmental impact statement is not required, and DOE is issuing this FONSI. The White Earth Nation’s commitment to obtain and comply with all appro",2026-07-22T17:34:50.050859+00:00,
6a2156fa14087bb58bd61ed1c11c717d,resource,would require an eis,Cumulative Impacts,"federal action significantly affecting the quality of the human environment within the context of NEPA. Therefore, the preparation of an environmental impact statement is not required, and DOE is issuing this FONSI. The White Earth Nation’s commitment to obtain and comply with all appro",2026-07-22T17:34:50.050859+00:00,
6a2156fa14087bb58bd61ed1c11c717d,resource,no new access road,Transportation,"ure. The three Waubun subsites would require construction of new access roads ranging in length from 150 to 2,100 feet; no new access roads would be needed for the Naytahwaush site. 3.3.9.1 Direct and Indirect Impacts Large pieces of equipment such as the tu",2026-07-22T17:34:50.050859+00:00,
6a4d10e92f4312b592b7ab563147262d,finding,would require an eis,Finding of No Significant Impact,"ning of the National Environmental Policy Act (NEPA) of 1969 (42 United States Code [USC] 4321 et seq.). Therefore, the preparation of an environmental impact statement (EIS) is not required and BPA is issuing this Finding of No Significant Impact (FONSI) for the Proposed Action. The Pro",2026-07-22T17:34:50.050859+00:00,
6a63f2404df0ada1601048b247a12af9,finding,extraordinary circumstance,FINDING OF NO SIGNIFICANT IMPACT,"the Department of the Interior NEPA procedures at 43 C.F.R. § 46.210(e) and, as largely demonstrated by this FONSI, the extraordinary circumstances in 43 C.F.R. § 46.215 would not apply. In fact, the Animal and Plant Health Inspection Service routinely categorically",2026-07-22T17:34:50.050859+00:00,
6ae75c19cb43f5dc28cad7613520e80d,finding,would require an eis,Finding of No Significant Impact,"meaning ofthe National Environmental Policy Act, therefore, implementation of the proposed action does not require the preparation of an environmental impact statement. Issued in Golden, Colorado, this 8 ' day of November, 2000. /' - Frank M . Stewart, Manager U. S. Department of E n e",2026-07-22T17:34:50.050859+00:00,
6ae75c19cb43f5dc28cad7613520e80d,finding,would require an eis,Finding of No Significant Impact,"meaning ofthe National Environmental Policy Act, therefore, implementation of the proposed action does not require the preparation of an environmental impact statement. Issued in Golden, Colorado, this 8 ' day of November, 2000. /' - Frank M . Stewart, Manager U. S. Department of E n e",2026-07-22T17:34:50.050859+00:00,
6eda423268e2d2f91c277bc7be12778e,finding,would require an eis,FINDING OF NO SIGNIFICANT IMPACT,"ied in the EA meet the definition of significant in context or intensity as described in 40 CFR 1508.27. Therefore, the preparation of an Environmental Impact Statement (EIS) is not required as per Section l 02 (2) of the National Environmental Policy Act. This finding and conclusion is",2026-07-22T17:34:50.050859+00:00,
6eda423268e2d2f91c277bc7be12778e,finding,would require an eis,FINDING OF NO SIGNIFICANT IMPACT,"ied in the EA meet the definition of significant in context or intensity as described in 40 CFR 1508.27. Therefore, the preparation of an Environmental Impact Statement (EIS) is not required as per Section 102 (2) of NEPA. This finding and conclusion is based on the consideration of the",2026-07-22T17:34:50.050859+00:00,
6eda423268e2d2f91c277bc7be12778e,finding,would require an eis,FINDING OF NO SIGNIFICANT IMPACT,"ied in the EA meet the definition of significant in context or intensity as described in 40 CFR 1508.27. Therefore, the preparation of an environmental impact statement is not required as per Section 102 (2) of NEPA. This finding and conclusion is based on the consideration of the Counci",2026-07-22T17:34:50.050859+00:00,
6fca2a614296cc66c8b638e578a86996,finding,would require an eis,Finding of No Significant Impact,"ning of the National Environmental Policy Act (NEPA) of 1969 (42 United States Code [USC] 4321 et seq.). Therefore, the preparation of an Environmental Impact Statement (EIS) is not required and BPA is issuing this Finding of No Significant Impact (FONSI) for the Proposed Action. The Fin",2026-07-22T17:34:50.050859+00:00,
6ffa25593a6079a8bb025f7c7aa875e1,finding,would require an eis,Finding of No Significant Impact,"cantly affect the quality of the physical, biological, or human environment, within the meaning of NEPA. Therefore, the preparation of an Environmental Impact Statement is not required, and DOE is issuing this Finding of No Significant Impact (FONSI). ALTERNATIVES CONSIDERED:",2026-07-22T17:34:50.050859+00:00,
6ffa25593a6079a8bb025f7c7aa875e1,finding,would require an eis,Finding of No Significant Impact,"cantly affect the quality of the physical, biological, or human environment, within the meaning of NEPA. Therefore, the preparation of an Environmental Impact Statement is not required, and DOE is issuing this FONSI. Issued in Pittsburgh, Pennsylvania on this ______ day of ______________",2026-07-22T17:34:50.050859+00:00,
7075bccbb3a14ddb8264cf8547b3c3a3,resource,not to exceed,LAND USE,"tachment D-3). The reimbursement would be for any additional cost related to the application of agricultural chemicals, not to exceed 50 percent of the standard fee, incurred due to the presence of the wind farm. MWP would also provide a notification fo",2026-07-22T17:34:50.050859+00:00,
70f0fd1697a1362f9def2e1c65d5e8b1,finding,not to exceed,FINDING OF NO SIGNIFICANT IMPACT,"uthorized the head of the department having jurisdiction over the lands to grant easements for rights-of-way for a term not to exceed fifty years for electrical poles and lines for the transmission and distribution of electrical power, and for poles and",2026-07-22T17:34:50.050859+00:00,
716142ba81ce0beccb68f8cd5b0e930c,resource,would require an eis,Cultural Resources,"Project located in Thomas Township, Saginaw, Michgan, will not have a significant impact on the human environment. The preparation of an environmental impact statement is therefore not required, and DOE is issuing this FONSI. Copies of the Final EA are available at the DOE Loan Guarante",2026-07-22T17:34:50.050859+00:00,
71b346d862d67c3f3e28fc8e1eeff9cd,finding,would require an eis,FINDING OF NO SIGNIFICANT IMPACT,"be unavoidable. However, the current design for the project minimizes floodplain impacts to the extent practicable. The preparation of an environmental impact statement, therefore, is not required and DOE is issuing this Finding of No Significant Impact. Copies of the EA and FONSI will b",2026-07-22T17:34:50.050859+00:00,
7587714ea5d7180a88382006df7bcc94,resource,not to exceed,Human Health and Safety,"water treatment system. Sodium hypochlorite is used for dichlorination of the water before it is used. A small surplus (not to exceed 5 gallons) is stored in the existing FC Pump House (Building No. 152), which is approximately 200 feet from the norther",2026-07-22T17:34:50.050859+00:00,
7587714ea5d7180a88382006df7bcc94,finding,would require an eis,Finding of No Significant Impact,"d to the context and the intensity of impacts analyzed in the EA. Accordingly, the Proposed Action does not require the preparation of an environmental impact statement. For questions about this FONSI, Wetland Statement of Findings, or the Final EA, please contact: Nicole Serio NEPA Docu",2026-07-22T17:34:50.050859+00:00,
75e1091152b569ecde2decdf5c514954,finding,would require an eis,Finding of No Significant Impact,"he quality of the human environment within the meaning of the National Environmental Policy Act of 1969. Therefore, the preparation of an environmental impact statement is not required, and the Department is issuing this finding of no significant impact. COPIES OF THE ENVIRONMENTAL ASSES",2026-07-22T17:34:50.050859+00:00,
7656329520f8ab05de7aebc39ceaba26,finding,would require an eis,Finding of No Significant Impact,"al action significantly affecting human health and the human environment within the context of the NEPA. Therefore, the preparation of an environmental impact statement is not required and LM is issuing this Finding of No Significant Impact (FONSI). U.S. Department of Energy Finding of N",2026-07-22T17:34:50.050859+00:00,
7656329520f8ab05de7aebc39ceaba26,resource,would require an eis,Cultural Resources,"egulations promulgated by the Council on Environmental Quality for implementing NEPA, at 40 CFR 1508.27. Therefore, the preparation of an environmental impact statement is not required. LM approves DOE/EA 2113 and is issuing this FONSI. Issued this day of _____ 2020. Approved: David S. S",2026-07-22T17:34:50.050859+00:00,
7656329520f8ab05de7aebc39ceaba26,finding,would require an eis,Finding of No Significant Impact,"al action significantly affecting human health and the human environment within the context of the NEPA. Therefore, the preparation of an environmental impact statement is not required and LM is issuing this Finding of No Significant Impact (FONSI). U.S. Department of Energy Finding of N",2026-07-22T17:34:50.050859+00:00,
7656329520f8ab05de7aebc39ceaba26,resource,would require an eis,Cultural Resources,"egulations promulgated by the Council on Environmental Quality for implementing NEPA, at 40 CFR 1508.27. Therefore, the preparation of an environmental impact statement is not required. LM approves DOE/EA 2113 and is issuing this FONSI. Issued this day of _____ 2020. Approved: David S. S",2026-07-22T17:34:50.050859+00:00,
7676df0e226fd722469d8707468a66db,finding,would require an eis,FINDING OF NO SIGNIFICANT IMPACT,"the quality of the human environment within the meaning of the National Environmental Policy Act (NEPA). Therefore, the preparation of an environmental impact statement (EIS) is not required. The EA also discusses other on-going research and development activities, which have already bee",2026-07-22T17:34:50.050859+00:00,
781f60f77dfe9572e89d601f9eea5967,finding,would require an eis,Finding of No Significant Impact,"ity of the human environment within the meaning of the National Environmental Policy Act (NEPA) of 1969. Therefore, the preparation of an environmental impact statement (EIS) is not required and DOE is issuing this finding of no significant impact (FONSI). Public Availability: Copies of",2026-07-22T17:34:50.050859+00:00,
781f60f77dfe9572e89d601f9eea5967,finding,would require an eis,Finding of No Significant Impact,"ity of the human environment within the meaning of the National Environmental Policy Act (NEPA) of 1969. Therefore, the preparation of an environmental impact statement (EIS) is not required and DOE is issuing this finding of no significant impact (FONSI). Public Availability: Copies of",2026-07-22T17:34:50.050859+00:00,
793957eb4511410f6a733a1c992b93fa,finding,would require an eis,Finding of No Significant Impact,ur archaeological excavations of historic sites along the Beaufort Sea be approved as described in Proposed Action. The preparation of an Environmental Impact Statement is not recommended. The action is not inconsistent with the purposes of the Naval Petroleum Reserves Production Act of,2026-07-22T17:34:50.050859+00:00,
797490b431d43d5548cf7931fc62cc94,finding,would require an eis,FINDING OF NO SIGNIFICANT IMPACT,"titute a major Federal action significantly affecting the quality of the human environment wj,thin the meaning of NEPA. Preparation of an environmental impact statement is not required, and Western is issuing this Finding of No Significant Impact (FONSI). FOR.FURTHER INFORMATION.CONTACT:",2026-07-22T17:34:50.050859+00:00,
79c0020c9be0f8cc6716c2aa6f67d900,resource,no new access road,Access Roads,"rowth medium. All access roads would be constructed in association with the wind turbines, laydown area and substation. No new access roads are required for the collector or transmission lines. Roads serving the turbines would be graded and compacted during",2026-07-22T17:34:50.050859+00:00,
7bc963362e738f080db67dd7c5630401,resource,no new access road,AFFECTED ENVIRONMENT & ENVIRONMENTAL,"ffected. Land Use Authorizations/Access YES NO No roads would be closed or inaccessible due to the proposed action, and no new access roads or cross country travel is needed for the project. Lands with Wilderness Characteristics NO NO No Lands with Wildernes",2026-07-22T17:34:50.050859+00:00,
7bc963362e738f080db67dd7c5630401,resource,no new access road,Cultural Resources,"ffected. Land Use Authorizations/Access YES NO No roads would be closed or inaccessible due to the proposed action, and no new access roads or cross country travel is needed for the project. Lands with Wilderness Characteristics NO NO No Lands with Wildernes",2026-07-22T17:34:50.050859+00:00,
7bc963362e738f080db67dd7c5630401,resource,no new access road,AFFECTED ENVIRONMENT & ENVIRONMENTAL,"ffected. Land Use Authorizations/Access YES NO No roads would be closed or inaccessible due to the proposed action, and no new access roads or cross country travel is needed for the project. Lands with Wilderness Characteristics NO NO No Lands with Wildernes",2026-07-22T17:34:50.050859+00:00,
7bc963362e738f080db67dd7c5630401,resource,no new access road,Cultural Resources,"ffected. Land Use Authorizations/Access YES NO No roads would be closed or inaccessible due to the proposed action, and no new access roads or cross country travel is needed for the project. Lands with Wilderness Characteristics NO NO No Lands with Wildernes",2026-07-22T17:34:50.050859+00:00,
7cbe179db23532cfca54c7d7714f0220,resource,not to exceed,Air Quality,"rogen in the air can be converted to NOx from the heat of the flare. Estimated NOx generated from the flare is expected not to exceed 0.0026 lbs of NOx for every lb of hydrogen flared. The HTTF, at maximum capacity, has the potential to produce 6.6 tons",2026-07-22T17:34:50.050859+00:00,
7d66e4f77534beb8cb6d3404878f0eeb,finding,would require an eis,FINDING OF NO SIGNIFICANT IMPACT,"CFR 1508.27, I have determined that the action will not have a significant effect on the human environment. Therefore, preparation of an environmental impact statement is not necessary. RATIONALE: Context: The proposed project area is located in San Juan County, Colorado, within the Cem",2026-07-22T17:34:50.050859+00:00,
7dea7344a0b499014c1911deb70d57d0,finding,would require an eis,Decision to be Made,"no significant impact (FONSI) to explain why implementation of the Draft MRPO is not a major federal action that would require an Environmental Impact Statement (EIS). In gauging significance, the agency must consider both context and intensity, as defined in 40 CFR 1508.27. The",2026-07-22T17:34:50.050859+00:00,
7dea7344a0b499014c1911deb70d57d0,finding,would require an eis,Decision to be Made,"no significant impact (FONSI) to explain why implementation of the Draft MRPO is not a major federal action that would require an Environmental Impact Statement (EIS). In gauging significance, the agency must consider both context and intensity, as defined in 40 CFR 1508.27. The",2026-07-22T17:34:50.050859+00:00,
7e081f93bb78bbbad34568a0d1c3d694,finding,would require an eis,Finding of No Significant Impact,"of the human environment, within the meaning of NEPA of 1969 (42 United States Code [USC] 4321 et seq.). Therefore, the preparation of an environmental impact statement (EIS) is not required and BPA is issuing this FONSI for BPA’s funding of the project activities, which are not the type",2026-07-22T17:34:50.050859+00:00,
7e6d2ae92c8dff873cc9baa920d27d2d,finding,would require an eis,Finding of No Significant Impact,"ithin the meaning of the National Environmental P o l i c y Act (NEPA) o f 1969, 42 U.S.C. 4321, et seq. Therefore, the preparation of an Environmental Impact Statement (EIS) is not required. of 7 June 1991",2026-07-22T17:34:50.050859+00:00,
7ef9d30236b2af157ecdf8b61f649900,finding,would require an eis,FINDING OF NO SIGNIFICANT IMPACT,"heep Fire Timber Salvage Project will not have a significant effect on the quality of the human environment. Therefore, preparation of an environmental impact statement is not required. Will Runnoe, Field Manager Cottonwood Field Office _________ Sheep Fire Timber Salvage Project Special",2026-07-22T17:34:50.050859+00:00,
7f07e12262703fce58f00b2d780a45fd,finding,would require an eis,Finding of No Significant Impact,"r Federal action that significantly affects the quality of the human environment within the meaning of NEPA. Therefore, preparation of an environmental impact statement (EIS) is not required. ADDRESS: The SRS TFF Final EA and this Finding of No Significant Impact have been prepared and a",2026-07-22T17:34:50.050859+00:00,
8054ee3ecddc28cec17fa199adb7b876,finding,would require an eis,FINDING OF NO SIGNIFICANT IMPACT,"ute a major Federal action significantly affecting the quality of the human environment, as defined by NEPA. Therefore, preparation of an environmental Impact statement is not required and DOE is lssuirc this Findi1111 of No Significant Impact (FONSI). Based on this determination DOE wiU",2026-07-22T17:34:50.050859+00:00,
8054ee3ecddc28cec17fa199adb7b876,resource,would require an eis,Socioeconomics,"cting the quality of the human environment, within the meaning of the National Environmental Policy Act. Therefore, the preparation of an Environmental Impact Statement is not required, and DOE is issuing this Finding of No Significant Impact. Based on this determination DOE will sell NP",2026-07-22T17:34:50.050859+00:00,
80592f8508ca78a30b13be01e06778f2,finding,would require an eis,Finding of No Significant Impact,"ity of the human environment within the meaning of the National Environmental Policy Act of 1969 (NEPA). Therefore, the preparation of an environmental impact statement (EIS) is not required, and DOE is issuing this finding of no significant impact (FONSI). Public Availability: Copies of",2026-07-22T17:34:50.050859+00:00,
80686fd058007631a98a91724bef889c,finding,would require an eis,Finding of No Significant Impact,"y of the human environment under the National Environmental Policy Act (42 United States Code 4321 et seq.). Therefore, preparation of an environmental impact statement (EIS) is not required, and BPA issues this Finding of No Significant Impact (FONSI) for the Proposed Action. The Propos",2026-07-22T17:34:50.050859+00:00,
809117fc73e7127a3e21f0f4618d94cd,resource,would be significant if,Visual Resources,ntal Analysis Approach Table 3.2. Impact Significance Thresholds Resource Area Impact Significance Thresholds An impact would be significant if it EXCEEDS the following conditions.,2026-07-22T17:34:50.050859+00:00,
80c1e36d6b16a2828f0d16ec39e6ac94,finding,would require an eis,Finding of No Significant Impact,"ommendation: It is recommended that the ROW Renewal be approved as described in the applicant's Plan of Operations. The preparation of an Environmental Impact Statement is not recommended. The applicant shall be subject to applicable stipulations, ROPs from the SIAP/EIS ROD Best Manageme",2026-07-22T17:34:50.050859+00:00,
814b77db93db24819579ac4b346596f6,finding,would require an eis,Finding of No Significant Impact,"ajor Federal Action significantly affecting the quality of the human environment within the meaning of NEPA. Therefore, preparation of an environmental impact statement is not required, and WAPA issues this Finding of No Significant Impact (FONSI). FOR FURTHER INFORMATION, CONTACT: Addit",2026-07-22T17:34:50.050859+00:00,
81d4a1d0c944663bc26b5fa14ea6f1aa,resource,would be significant if,CEQA Significance Criteria,"ct would result in significant impacts to biological resources as defined by CEQA. For purposes of this EA/MND, impacts would be significant if the Project would:  Have a substantial adverse effect, either directly or through habitat modifications, on any specie",2026-07-22T17:34:50.050859+00:00,
81f4430ce5b0c8ce4587894c8fb919f5,finding,would require an eis,Finding of No Significant Impact,"uality of the human environment, within the meaning of the National Environmental Policy Act (NEPA) of 1969. Therefore, preparation of an Environmental Impact Statement (EIS) is not required for the Proposed Action and BPA is issuing this Finding of No Signiﬁcant Impact (FONSI) for the P",2026-07-22T17:34:50.050859+00:00,
84ccb8be19ccad2bb640aa15254dd9cc,finding,would require an eis,Finding of No Significant Impact,"ity of the human environment within the meaning of the National Environmental Policy Act (NEPA) of 1969. Therefore, the preparation of an environmental impact statement is not required, and DOE is issuing this finding of no significant impact (FONSI). Transportation of the TPBARs to SRS",2026-07-22T17:34:50.050859+00:00,
84f5681d428987efab0dfa70997f5129,finding,not to exceed,FINDING OF NO SIGNIFICANT IMPACT,"grazing permit may be allowed with annual written approval from the Authorized Officer, for range readiness management, not to exceed authorized AUMs. 13. The permittee is responsible for annual maintenance of all range improvements associated with this",2026-07-22T17:34:50.050859+00:00,
84f5681d428987efab0dfa70997f5129,finding,not to exceed,Decision,"grazing permit may be allowed with annual written approval from the Authorized Officer, for range readiness management, not to exceed authorized AUMs. 13. The permittee is responsible for annual maintenance of all range improvements associated with this",2026-07-22T17:34:50.050859+00:00,
84f5b6aa3f393ed990db73cb2db6981c,finding,would require an eis,Finding of No Significant Impact,"ning of the National Environmental Policy Act (NEPA) of 1969 (42 United States Code [USC] 4321 et seq.). Therefore, the preparation of an environmental impact statement (EIS) is not required and BPA is issuing this Finding of No Significant Impact (FONSI) for the Proposed Action. NOAA ha",2026-07-22T17:34:50.050859+00:00,
85528910f368f8062bea2f4ef1a5e27e,finding,would require an eis,Finding of No Significant Impact,commended that the Right-of-Way amendment be approved as described in the North Slope Borough’s Plan of Operations. The preparation of an Environmental Impact Statement is not recommended. The Right-of-Way Amendment will be approved under the authority of 43 Code of Federal Regulations P,2026-07-22T17:34:50.050859+00:00,
867c438ed5776a48e0902e6b8ce9d8a6,resource,not to exceed,Wildlife,be responsible for noxious weed control on public lands on disturbed areas within the limits of their ROWs for a period not to exceed three (3) years after construction. DMEA will consult with the authorized BLM officer to plan acceptable weed control m,2026-07-22T17:34:50.050859+00:00,
86b5673b9a6a90c07fc06e3e2a24e2ab,resource,would be significant if,AIR QUALITY,Impacts to air quality would be significant if implementing the Proposed Action would result in the project area being declared a non-attainment area for one or more,2026-07-22T17:34:50.050859+00:00,
87624047086aac92d0f6cc1e1d3b0c1b,finding,would require an eis,Finding of No Significant Impact,"uality of the human environment, within the meaning of the National Environmental Policy Act (NEPA) of 1969. Therefore, preparation of an environmental impact statement (EIS) is not required and BPA is issuing this FONSI for the Proposed Action. The Proposed Action is not the type of act",2026-07-22T17:34:50.050859+00:00,
87624047086aac92d0f6cc1e1d3b0c1b,resource,no new access road,FLOODPLAINS,e removal and installation and access road work. Table 3.8-1 lists construction work that would be done in floodplains. No new access roads would be constructed within floodplains and no new structures would be placed in floodplains. No danger trees would be,2026-07-22T17:34:50.050859+00:00,
87624047086aac92d0f6cc1e1d3b0c1b,finding,no new access road,Environmental Consequences—Proposed Action,e removal and installation and access road work. Table 3.8-1 lists construction work that would be done in floodplains. No new access roads would be constructed within floodplains and no new structures would be placed in floodplains. No danger trees would be,2026-07-22T17:34:50.050859+00:00,
87624047086aac92d0f6cc1e1d3b0c1b,resource,not to exceed,NOISE,operated near noise-sensitive properties and for permanent stationary industrial facilities. Noise from vehicles should not to exceed 60 dBA during daytime hours (7:00 a.m. to 10:00 p.m.) (OAR 340-035-030). Noise levels from industrial noise sources (pe,2026-07-22T17:34:50.050859+00:00,
87624047086aac92d0f6cc1e1d3b0c1b,finding,would require an eis,Finding of No Significant Impact,"uality of the human environment, within the meaning of the National Environmental Policy Act (NEPA) of 1969. Therefore, preparation of an environmental impact statement (EIS) is not required and BPA is issuing this FONSI for the Proposed Action. The Proposed Action is not the type of act",2026-07-22T17:34:50.050859+00:00,
87797cf2864feecb22fc0e0067938ee3,finding,would require an eis,Finding of No Significant Impact,"ing the quality of the human environment within the meaning of the National Environmental Policy Act (NEPA). Therefore, preparation of an environmental impact statement is not required, and WAPA issues this Finding of No Significant Impact (FONSI). FOR FURTHER INFORMATION, CONTACT: Addit",2026-07-22T17:34:50.050859+00:00,
8845063332d1afd415092f4675d8c5ff,finding,would require an eis,FINDING OF NO SIGNIFICANT IMPACT,"the EA do not meet the definition of significance in context or intensity, as defined at 40 CFR 1508.27. Therefore, the preparation of an environmental impact statement is not required. Mark Wimmer Monument Manager",2026-07-22T17:34:50.050859+00:00,
885cd18597b17bcfc41610ea73b2ef1b,finding,would require an eis,Finding of No Significant Impact,"ll small footprint, relative to the entire drainage and does not rise to a level of significance that would require the preparation of an Environmental Impact Statement. 5. The degree to which the possible effects on the human environment are highly uncertain or involve unique or unknown",2026-07-22T17:34:50.050859+00:00,
88cd0c6efce992a46031bb452fdbdda3,finding,would require an eis,FINDING OF NO SIGNIFICANT IMPACT,"ing the quality of the human environment within the meaning of the National Environmental Policy Act (NEPA). Therefore, preparation of an environmental impact statement is not required, and WAPA issues this Finding of No Significant Impact (FONSI). FOR FURTHER INFORMATION, CONTACT: Addit",2026-07-22T17:34:50.050859+00:00,
88cd0c6efce992a46031bb452fdbdda3,finding,would require an eis,FINDING OF NO SIGNIFICANT IMPACT,"ing the quality of the human environment within the meaning of the National Environmental Policy Act (NEPA). Therefore, preparation of an environmental impact statement is not required, and WAPA issues this Finding of No Significant Impact (FONSI). FOR FURTHER INFORMATION, CONTACT: Addit",2026-07-22T17:34:50.050859+00:00,
8a89a99d0f85d0cbf615f994673915ff,resource,not to exceed,Wildlife,"ff the allotment by the yearly off date. The remaining cattle will need to be removed 15 days after the yearly off date not to exceeded permitted AUMs. Lequerica and Sons, Craig Brasher, Corral Creek Grazing Association, and LU Ranch would be offered a",2026-07-22T17:34:50.050859+00:00,
8a89a99d0f85d0cbf615f994673915ff,resource,not to exceed,Alternative 4,st be off the allotment by the yearly off date. The remaining cattle will need to be removed 15 days after the off date not to exceed your permitted AUMs. 3. Livestock numbers would be coordinated between BLM and the permittee and may vary in accordance,2026-07-22T17:34:50.050859+00:00,
8a89a99d0f85d0cbf615f994673915ff,resource,would require an eis,Social and Economic Values,nition of “effects” (Sec. 1508.8). This means that economic or social effects are not intended by themselves to require preparation of an environmental impact statement. When an environmental impact statement is prepared and economic or social and natural or physical environmental effect,2026-07-22T17:34:50.050859+00:00,
8b379bd38ce03be76615e674781575f5,resource,not to exceed,Vegetation,nl.edu). Any drought conditions ranging from moderate drought (D1) to exceptional drought (D4) would require the lessee not to exceed the 30 percent average utilization on upland key forage plant species. Based on the data compiled and analyzed for the,2026-07-22T17:34:50.050859+00:00,
8b379bd38ce03be76615e674781575f5,finding,not to exceed,Environmental Consequences,nl.edu). Any drought conditions ranging from moderate drought (D1) to exceptional drought (D4) would require the lessee not to exceed the 30 percent average utilization on upland key forage plant species. Based on the data compiled and analyzed for the,2026-07-22T17:34:50.050859+00:00,
8b72bfd3661325ce41d06cb040e4eac8,finding,would require an eis,FINDING OF NO SIGNIFICANT IMPACT,"he environmental conditions adopted in the FERC Order, will not have a significant effect on the human environment. The preparation of an environmental impact statement, therefore, is not required, and DOE is issuing this Finding of No Significant Impact. This FONSI will be available on",2026-07-22T17:34:50.050859+00:00,
8c48b3512550a52a56b8b0d058d031cb,resource,extraordinary circumstance,Visual Resources,"udy Areas Forestry harvest and fuels projects are not allowed within WSA‘s (CdA RMP, Allocation FP- 1.1.4) except under extraordinary circumstances identified in management decisions. Therefore, the impacts to this resource would be substantially the same as Alternat",2026-07-22T17:34:50.050859+00:00,
8c9790f957a75d046c7434d01b63334e,finding,would require an eis,FINDING OF NO SIGNIFICANT IMPACT,"cting the quality of the human environment, within the meaning of the National Environmental Policy Act. Therefore, the preparation of an Environmental Impact Statement is not required, and DOE is issuing this Finding of No Significant Impact. A Issued in Golden, Colorado,",2026-07-22T17:34:50.050859+00:00,
8cf009969ad5ec6c8d4389e1beb9d253,resource,would require an eis,Noise,"prepared this EA to determine if the Proposed Action would significantly affect the environment, and thus, warrant the preparation of an environmental impact statement (EIS), or whether it is appropriate to prepare a finding of no significant impact (FONSI). This chapter describes Bonne",2026-07-22T17:34:50.050859+00:00,
8cf009969ad5ec6c8d4389e1beb9d253,resource,would require an eis,Cumulative Impacts,"prepared this EA to determine if the Proposed Action would significantly affect the environment, and thus, warrant the preparation of an environmental impact statement (EIS), or whether it is appropriate to prepare a finding of no significant impact (FONSI). This chapter describes Bonne",2026-07-22T17:34:50.050859+00:00,
8cf009969ad5ec6c8d4389e1beb9d253,finding,would require an eis,Finding of No Significant Impact,"ning of the National Environmental Policy Act (NEPA) of 1969 (42 United States Code [USC] 4321 et seq.). Therefore, the preparation of an environmental impact statement (EIS) is not required and BPA is issuing this Finding of No Significant Impact (FONSI) for the Proposed Action. The Pro",2026-07-22T17:34:50.050859+00:00,
8d10ca2ee2af097df219332fa8e3803b,finding,would require an eis,FINDING OF NO SIGNIFICANT IMPACT,"quality of the human environment within the context of the National Environmental Policy Act of 1969 (NEPA). Therefore, preparation of an environmental impact statement (EIS) is not necessary, and DOE is issuing this Finding of No Significant Impact (FONSI). PUBLIC AVAILABILITY OF EA AND",2026-07-22T17:34:50.050859+00:00,
8d10ca2ee2af097df219332fa8e3803b,resource,would require an eis,Air Quality,"tly affect the quality of the human environment within the context of the National Environmental Policy Act. Therefore, preparation of an environmental impact statement is not required. James C. Hall Manager U.S. Department of Energy Oak Ridge Operations Office Oak Ridge, Tennessee APPEN",2026-07-22T17:34:50.050859+00:00,
8d59135f7eed1eb485071a7fa32fba4b,finding,would require an eis,FINDING OF NO SIGNIFICANT IMPACT,"ing the quality of the human environment within the meaning of the National Environmental Policy Act (NEPA). Therefore, preparation of an environmental impact statement is not required, and WAPA issues this Finding of No Significant Impact (FONSI). FOR FURTHER INFORMATION, CONTACT: Addit",2026-07-22T17:34:50.050859+00:00,
8da0456fe8d21befed55ce8c33f552ff,finding,would require an eis,Finding of No Significant Impact,"ether the Proposed Action would result in significant impacts to the environment. Significant impacts would require the preparation of an Environmental Impact Statement (EIS). If the BLM Authorized Officer determines that no significant impacts would occur, a Finding of No Significant Im",2026-07-22T17:34:50.050859+00:00,
8df99c128aac5de7446580c6bfac0fa6,finding,would require an eis,FINDING OF NO SIGNIFICANT IMPACT,"ded measures, would not constitute a major federal action significantly affecting the quality of the human environment. Preparation of an environmental impact statement is not required. LITERATURE CITED Amaral, S. et al. 2008. Effects of Leading Edge Turbine Blade Thickness on Fish Strik",2026-07-22T17:34:50.050859+00:00,
8e3b484a7d99a27e976ef6d53d85392b,resource,would require an eis,Air Quality,al Protection Division water withdrawal permit and U. S. Army Corps of Engineers Clean Water Act Nationwide Permit. The preparation of an environmental impact statement is not required and DOE is issuing this Finding of No Significant Impact. Copies ofthe Final EA are available at the DO,2026-07-22T17:34:50.050859+00:00,
8e75871c1aa6eb68d1b477b86b6645ff,finding,would require an eis,Environmental Consequences,"the Redwood Materials facility near McCarran, Nevada, would not have a significant effect on the human environment. The preparation of an environmental impact statement (EIS) is therefore not required, and DOE is issuing this finding of no significant impact (FONSI). Todd Stribley NEPA C",2026-07-22T17:34:50.050859+00:00,
8f075a3303347c836d2bd63603f4725d,finding,would require an eis,Finding of No Significant Impact,my determination that the proposed action would not significantly affect the quality of the human environment and that preparation of an Environmental Impact Statement (EIS) is not required. /S/ Viola E. Hillman 9/10/14 _____________________________________________ _____________________,2026-07-22T17:34:50.050859+00:00,
8f19f05c14ad59a885031f51c27b5d62,finding,would require an eis,Finding of No Significant Impact,"ning of the National Environmental Policy Act (NEPA) of 1969 (42 United States Code [USC] 4321 et seq.). Therefore, the preparation of an Environmental Impact Statement is not required, and BPA is issuing this Finding of No Significant Impact (FONSI) for the proposed action. Comments rec",2026-07-22T17:34:50.050859+00:00,
90d6daacd13988de38046e76b54b236b,finding,not to exceed,Other Grazing Permit Terms and Conditions,l stability.  Browsing of woody species in riparian areas along McBride Creek should be limited to an incidence of use not to exceed 25% on young woody plants less than three feet in height as measured at key areas.  Streambank alteration attributable,2026-07-22T17:34:50.050859+00:00,
90d6daacd13988de38046e76b54b236b,resource,not to exceed,Other Grazing Permit Terms and Conditions,l stability.  Browsing of woody species in riparian areas along McBride Creek should be limited to an incidence of use not to exceed 25% on young woody plants less than three feet in height as measured at key areas.  Streambank alteration attributable,2026-07-22T17:34:50.050859+00:00,
90d6daacd13988de38046e76b54b236b,resource,not to exceed,Standard 7 – WATER QUALITY,uality standards for sediment are determined through analysis of specific stream systems (IDAPA 58.01.02) or determined not to exceed levels that impair designated uses if a detailed examination of the system is not warranted. The ephemeral stream syste,2026-07-22T17:34:50.050859+00:00,
90d6daacd13988de38046e76b54b236b,resource,not to exceed,Rangeland Health Assessment,uality standards for sediment are determined through analysis of specific stream systems (IDAPA 58.01.02) or determined not to exceed levels that impair designated uses if a detailed examination of the system is not warranted. The ephemeral stream syste,2026-07-22T17:34:50.050859+00:00,
91421d79ef6b1e34c50296989710712c,resource,not to exceed,Vegetation,o vegetation would be limited to the existing road corridors (average width of 14 feet) and six isolated parking areas (not to exceed 0.5 acres each) located outside of each Page 34 of 48 gate. Prohibiting travel off designated routes would prevent dist,2026-07-22T17:34:50.050859+00:00,
91421d79ef6b1e34c50296989710712c,finding,not to exceed,Environmental Consequences,o vegetation would be limited to the existing road corridors (average width of 14 feet) and six isolated parking areas (not to exceed 0.5 acres each) located outside of each Page 34 of 48 gate. Prohibiting travel off designated routes would prevent dist,2026-07-22T17:34:50.050859+00:00,
92527c77e5c64d012a770bcb82110b3f,finding,would require an eis,Finding of No Significant Impact,"ment within the meaning of the National Environmental Policy Act of 1969 (NEPA), 42 U.S.C. 4321, et seq. Therefore, the preparation of an Environmental Impact Statement is not required. Addresses and Further Information: . Single copies of the Environmental Assessment and further informa",2026-07-22T17:34:50.050859+00:00,
94061577d0323cd8e5c0b8959ffd8b1d,finding,would require an eis,FINDING OF NO SIGNIFICANT IMPACT,"ral action significantly affecting the quality of the human environment within the jurisdiction of NEPA; therefore, the preparation of an Environmental Impact Statement is not required, and WAPA is issuing this FONSI. The Final EA is approved concurrently with this FONSI. FOR FURTHER INF",2026-07-22T17:34:50.050859+00:00,
95007745daed52557e4e61744e710b89,resource,not to exceed,Wildlife,"mos Inc. will include on-site records of all personnel who attend the program for so long as the site is active, though not to exceed the five most recent years of operations. This record shall include the name and dates(s) of attendance of each attende",2026-07-22T17:34:50.050859+00:00,
95f0f05af34184d88e38ae9bd3f2e247,finding,would require an eis,FINDING OF NO SIGNIFICANT IMPACT,"ied in the EA meet the definition of significant in context or intensity as described in 40 CFR 1508.27. Therefore, the preparation of an Environmental Impact Statement (EIS) is not required as per Section 102 (2) of the National Environmental Policy Act. This finding and conclusion is b",2026-07-22T17:34:50.050859+00:00,
95fe5f6ddbe2d1fec416d41d29e18258,resource,not to exceed,Visual Resources,"tely 45,700 acres of commercial forest land in order to offer on a yearly basis 600-900 thousand board feet (MBF) as a “not to exceed” probable sale quantity.  Action FO-2.1.1 A full complement of harvest systems and other treatment methods and techniq",2026-07-22T17:34:50.050859+00:00,
96386f6155cfb19d22dda9b03767aec8,finding,would require an eis,Finding of No Significant Impact,"detail below; no similar finding is made with respect to GCC or GHG emissions. However, given the state of the science, preparation of an environmental impact statement is not warranted as it would not further inform my decision or the public, with respect to the significance or lack the",2026-07-22T17:34:50.050859+00:00,
96386f6155cfb19d22dda9b03767aec8,finding,would require an eis,Finding of No Significant Impact,"detail below; no similar finding is made with respect to GCC or GHG emissions. However, given the state of the science, preparation of an environmental impact statement is not warranted, as it would not further inform my decision, or the public, with respect to the significance or lack t",2026-07-22T17:34:50.050859+00:00,
96b26b5a6c877afe0475790d6625c6f3,finding,would require an eis,Finding of No Significant Impact,"is to determine if a proposed action will have a significant impact on the human environment and therefore require the preparation of an Environmental Impact Statement (EIS). As defined in 40 CFR 1508.13, a Finding of No Significant Impact (FONSI) is a document that briefly presents the",2026-07-22T17:34:50.050859+00:00,
9854d9e9ff77b689ab1bf9a4f41c3fbe,resource,would be significant if,Wildlife,ntal Analysis Approach Table 3.2. Impact Significance Thresholds Resource Area Impact Significance Thresholds An impact would be significant if it EXCEEDS the following conditions,2026-07-22T17:34:50.050859+00:00,
9952c0b7c949a3c711b44fb1450adfa8,finding,would require an eis,FINDING OF NO SIGNIFICANT IMPACT,"lementation will not significantly affect the quality of the human environment. Accordingly, I have determined that the preparation of an Environmental Impact Statement is not necessary for this proposal. APPROVED: This is the signature box of Kenneth J. Crane. He approved and signed thi",2026-07-22T17:34:50.050859+00:00,
9a9ea24b8c65feb93d1c8547c2c0589e,finding,would require an eis,FINDING OF NO SIGNIFICANT IMPACT,"quality of the human environment within the context of the National Environmental Policy Act of 1969 (NEPA). Therefore, preparation of an environmental impact statement is not necessary, and DOE is issuing this Finding of No Significant Impact (FONSI). PUBLIC AVAILABILITY OF EA AND FONSI",2026-07-22T17:34:50.050859+00:00,
9a9ea24b8c65feb93d1c8547c2c0589e,finding,would require an eis,Finding of No Significant Impact,"quality of the human environment within the context of the National Environmental Policy Act of 1969 (NEPA). Therefore, preparation of an environmental impact statement was not necessary, and DOE is issuing this",2026-07-22T17:34:50.050859+00:00,
9ab92c8d54162934d380a746c2c291e4,finding,not to exceed,FINDING OF NO SIGNIFICANT IMPACT,"le to the site. If designated routes do not provide reasonable access to the site, overland travel will be required and not to exceed two miles. If over two miles of overland travel is necessary, the excess distance would require foot travel. Any vegeta",2026-07-22T17:34:50.050859+00:00,
9ada3398fcf870c7dd5ee77b3f730c72,resource,would require an eis,Socioeconomics,"tly affect the quality of the human environment within the context of the National Environmental Policy Act. Therefore, preparation of an environmental impact statement is not required. Issued at O a k Ridge, Tennessee, this 16th day of May, 1995. @es",2026-07-22T17:34:50.050859+00:00,
9ada3398fcf870c7dd5ee77b3f730c72,resource,would require an eis,Socioeconomics,"tly affect the quality of the human environment within the context of the National Environmental Policy Act. Therefore, preparation of an environmental impact statement is not required. Issued at O a k Ridge, Tennessee, this 16th day of May, 1995. @es",2026-07-22T17:34:50.050859+00:00,
9b9396329d317fec9d2d377e25e2cc56,resource,not to exceed,Cultural Resources,"by the appropriate state agency. The failure to act on a request for certification within a reasonable period of time, not to exceed one year, after receipt of such request constitutes a waiver. On April 25, 2014, Hydro Friends mailed its application t",2026-07-22T17:34:50.050859+00:00,
9b9396329d317fec9d2d377e25e2cc56,resource,not to exceed,Clean Water Act,"by the appropriate state agency. The failure to act on a request for certification within a reasonable period of time, not to exceed one year, after receipt of such request constitutes a waiver. On April 25, 2014, Hydro Friends mailed its application t",2026-07-22T17:34:50.050859+00:00,
9ba2064834ca409a4aaf932145b9be46,finding,would require an eis,FINDING OF NO SIGNIFICANT IMPACT,"tensity as defined in 40 CFR 1508.27 and do not exceed those effects described in applicable land use plans. Therefore, preparation of an environmental impact statement (EIS) to further analyze possible impacts is not required pursuant to Section 102(2)(c) of the NEPA of 1969. This deter",2026-07-22T17:34:50.050859+00:00,
9baa29fffad5d4a69e09078d101fcadf,resource,would require an eis,WATER RESOURCES,"d the Department of Energy regulations for implementing the National Environmental Policy Act (10 CFR 1021). Therefore, preparation of an Environmental Impact Statement is not required, and NNSA is issuing this FONSI. COPIES OF THE EA ARE AVAILABLE FROM: Ms. Brenda Finley, Public Affairs",2026-07-22T17:34:50.050859+00:00,
9baf106759ce28ac9e7fc53c05d5b646,finding,would require an eis,Finding of No Significant Impact,"ning of the National Environmental Policy Act (NEPA) of 1969 (42 United States Code [USC] 4321 et seq.). Therefore, the preparation of an Environmental Impact Statement (EIS) is not required and BPA is issuing this Finding of No Significant Impact (FONSI) for the Proposed Action. On July",2026-07-22T17:34:50.050859+00:00,
9c235164bbb1b9219b5c9349781d51e7,finding,would require an eis,FINDING OF NO SIGNIFICANT IMPACT,"ied in the EA meet the definition of significant in context or intensity as described in 40 CFR 1508.27. Therefore, the preparation of an Environmental Impact Statement (EIS) is not required as per Section 102 (2) of the National Environmental Policy Act. This finding and conclusion is b",2026-07-22T17:34:50.050859+00:00,
9c235164bbb1b9219b5c9349781d51e7,finding,would require an eis,Finding of No Significant Impact,"As described above, the selected alternative does not constitute an action meeting the criteria that normally requires preparation of an environmental impact statement (EIS). The selected alternative will not have a significant effect on the human environment in accordance with Section",2026-07-22T17:34:50.050859+00:00,
9cec3848cea51b2d4abb309f17be36e8,finding,would require an eis,Finding of No Significant Impact,"ning of the National Environmental Policy Act (NEPA) of 1969 (42 United States Code [USC] 4321 et seq.). Therefore, the preparation of an environmental impact statement (EIS) is not required and BPA is issuing this Finding of No Significant Impact (FONSI) for the Proposed Action. BLM has",2026-07-22T17:34:50.050859+00:00,
9e171b08ba50d2fd2394efde31aaa510,finding,would require an eis,Finding of No Significant Impact,"uman environment within the meaning of the National Environmental Policy Act (NEPA) of 1969, 42 U.S.C. 4321 et seq. The preparation of an Environmental Impact Statement is not required. Thus, the DOE is issuing a FONSI pursuant to the Council on Environmental Quality regulations implemen",2026-07-22T17:34:50.050859+00:00,
9eeb0c7ba7ca07db7f96b62fa3be4b79,finding,would require an eis,Finding of No Significant Impact,"nition of significance in context or intensity as described in 40 Code of Federal Regulations (CFR) 1508.27. Therefore, preparation of an Environmental Impact Statement is not required. Context The project area is located in west-central Yavapai County, immediately west of the unincorpor",2026-07-22T17:34:50.050859+00:00,
9f0b30d3da1ea43b12999c06c2e0ba99,finding,would require an eis,Finding of No Significant Impact,", not otherwise excluded, will not have a significant effect on the human environment, and therefore, would not require preparation of an environmental impact statement (EIS). The FONSI considers all information included in the environmental assessment and in the project record. For the",2026-07-22T17:34:50.050859+00:00,
9f9708a5fbae01ab32cc6dfd0a7d3b26,finding,would require an eis,Finding of No Significant Impact,"tensity as defined in 40 CFR 1508.27 and do not exceed those effects described in applicable land use plans. Therefore, preparation of an Environmental Impact Statement (EIS) to further analyze possible impacts is not required pursuant to Section 102(2)(c) of the National Environmental P",2026-07-22T17:34:50.050859+00:00,
9fed5e5068bf38c937c2de68b717e2e6,finding,would require an eis,FINDING OF NO SIGNIFICANT IMPACT,"ite Solar Energy Facility in Maricopa County, Arizona, will not have a significant effect on the human environment. The preparation of an environmental impact statement is therefore not required, and Western is issuing this Finding of No Significant Impact. Copies of the Final EA and 201",2026-07-22T17:34:50.050859+00:00,
a0409a8a6800b128090778aded75addf,finding,would require an eis,FINDING OF NO SIGNIFICANT IMPACT,"action that would significantly affect the quality of the human environment within the meaning of NEPA. Therefore, the preparation of an Environmental Impact Statement (EIS) is not necessary, and NNSA is issuing this FONSI. 2) FOR FURTHER INFORMATION CONTACT: Further information, includ",2026-07-22T17:34:50.050859+00:00,
a0759f3b9328b20bcf97d58f1fbf3b92,resource,no new access road,Resources and Uses of the Human Environment,power line and fiber optic cable would be within a Mohave County ROW corridor alongside the existing Silver Creek Road. No new access roads would be needed for pole installation. The proposed road upgrade project would not change access for the existing road,2026-07-22T17:34:50.050859+00:00,
a0989fce9e980ee267890b3b55119793,finding,not to exceed,Affected Environment and Environmental Consequences,"50 NTU or less, and may not have more than a 10% increase in turbidity when the natural turbidity is more than 50 NTU, not to exceed a maximum increase of 15 NTU” [18 AAC 70.020(b)(12)(B)(i)]. Active turbidity issues and sedimentation have been observe",2026-07-22T17:34:50.050859+00:00,
a0989fce9e980ee267890b3b55119793,resource,not to exceed,Affected Environment and Environmental Consequences,"50 NTU or less, and may not have more than a 10% increase in turbidity when the natural turbidity is more than 50 NTU, not to exceed a maximum increase of 15 NTU” [18 AAC 70.020(b)(12)(B)(i)]. Active turbidity issues and sedimentation have been observe",2026-07-22T17:34:50.050859+00:00,
a0d9ad97f2ce9b2627b2f349e9d751cd,finding,would require an eis,FINDING OF NO SIGNIFICANT IMPACT,cant impacts to the environment under the criteria in Title 40 Code of Federal Regulations Section 1508.18 and 1508.27. Preparation of an Environmental Impact Statement to further analyze possible impacts is not required pursuant to Section 102(2)(c) of the National Environmental Policy,2026-07-22T17:34:50.050859+00:00,
a116dad583396c5bd36b9c42b4e4302b,finding,would require an eis,FINDING OF NO SIGNIFICANT IMPACT,"and the degree of the effects (see Title 40 Code of Federal Regulations 1501.3(b) 1508.18 and 1508.27.) Therefore, the preparation of an Environmental Impact Statement to further analyze possible impacts is not required pursuant to Section 102(2)(c) of the National Environmental Policy",2026-07-22T17:34:50.050859+00:00,
a1692b7de7d83aba21c64aafef162fb7,finding,would require an eis,Finding of No Significant Impact,"that this is not a major action significantly affecting the quality of the environment, and thus, does not require the preparation of an Environmental Impact Statement. A draft of the EA was sent to the States of Tennessee and Delaware for review. Comments received from the State of Ten",2026-07-22T17:34:50.050859+00:00,
a37dba510dd3f6dfa78631a4701a28ab,resource,not to exceed,Vegetation,ditions. 2. Line 2 of the schedule above provides management flexibility for strays at the close of the grazing season; not to exceed 250 head from 10/1 to 10/15. 3. Line 3 of the schedule above provides management flexibility for an average of 15 head,2026-07-22T17:34:50.050859+00:00,
a424e68a3719042e0291840fb1cdcdcd,finding,would require an eis,Finding of No Significant Impact,"ity of the human environment within the meaning of the National Environmental Policy Act of 1969 (NEPA). Therefore, the preparation of an Environmental Impact Statement (EIS) is not required. ADDRESSES AND FURTHER INFORMATION: Single copies of the EA and further information about the pro",2026-07-22T17:34:50.050859+00:00,
a4ac736a44ecacf360ba37f3173ec011,resource,would require an eis,Noise,"plant near the town of Register, Bulloch County, Georgia, would not have a significant effect on the human environment. Preparation of an environmental impact statement is therefore not required, and DOE is issuing this Finding of No Significant Impact. This Finding of No Significant Imp",2026-07-22T17:34:50.050859+00:00,
a4ac736a44ecacf360ba37f3173ec011,finding,would require an eis,ENVIRONMENTAL CONSEQUENCES,"plant near the town of Register, Bulloch County, Georgia, would not have a significant effect on the human environment. Preparation of an environmental impact statement is therefore not required, and DOE is issuing this Finding of No Significant Impact. This Finding of No Significant Imp",2026-07-22T17:34:50.050859+00:00,
a4ac736a44ecacf360ba37f3173ec011,resource,would require an eis,ENVIRONMENTAL CONSEQUENCES,"plant near the town of Register, Bulloch County, Georgia, would not have a significant effect on the human environment. Preparation of an environmental impact statement is therefore not required, and DOE is issuing this Finding of No Significant Impact. This Finding of No Significant Imp",2026-07-22T17:34:50.050859+00:00,
a4ac736a44ecacf360ba37f3173ec011,resource,not to exceed,BULLETIN 08,"MAXIMUM CROSS SLOPE AND A 5.0% MAXIMUM RUNNING SLOPE, UNLESS NOTED AS A RAMP. GRADES WITHIN ADA HANDICAP PARKING AREAS NOT TO EXCEED A 2% MAXIMUM SLOPE IN ANY DIRECTION. 4. ALL ROOF DRAIN PIPING SHALL BE PVC UNLESS OTHERWISE NOTED. 5. ALL ROOF DRAIN CL",2026-07-22T17:34:50.050859+00:00,
a5054d37d5d9cc99016dda4d76122426,resource,not to exceed,Air Quality,"is effective on April 12, 2010. e. Not to be exceeded more than once per year on average over 3 years. (LA standard is not to exceed more than once per year.) f. To attain this standard, the 3-year average of the weighted annual mean PM2.5 concentratio",2026-07-22T17:34:50.050859+00:00,
a58e98e121eb2cf77ba62ab6fe3c1cd0,finding,would require an eis,FINDING OF NO SIGNIFICANT IMPACT,"s September 29 Order Granting Section 3 Authorization, will not have a significant effect on the human environment. The preparation of an environmental impact statement, therefore, is not required and DOE is issuing this Finding of No Significant Impact. Copies of the EA and FONSI will b",2026-07-22T17:34:50.050859+00:00,
a5ee94b8e14073d5ca1ae39925d551c6,finding,would require an eis,Finding of No Significant Impact,ght-of-Way does not constitute a major federal action having a significant effect on the human environment and will not require an environmental impact statement or a supplement to the existing environmental impact statement. This finding is based on my consideration of the Counci,2026-07-22T17:34:50.050859+00:00,
a604a1c8da957f8b11a3590b649b458c,finding,would require an eis,Finding of No Significant Impact,"ning of the National Environmental Policy Act (NEPA) of 1969 (42 United States Code [USC] 4321 et seq.). Therefore, the preparation of an environmental impact statement (EIS) is not required and BPA is issuing this Finding of No Significant Impact (FONSI) for the Proposed Action. The Pro",2026-07-22T17:34:50.050859+00:00,
a604a1c8da957f8b11a3590b649b458c,resource,no new access road,AIR QUALITY,"be required compared to existing conditions. Ongoing maintenance of existing access roads may be needed over time, but no new access roads would be constructed. Maintenance activities would continue to result in low impacts on air quality from emissions of",2026-07-22T17:34:50.050859+00:00,
a604a1c8da957f8b11a3590b649b458c,finding,no new access road,Environmental Consequences – No Action,"be required compared to existing conditions. Ongoing maintenance of existing access roads may be needed over time, but no new access roads would be constructed. Maintenance activities would continue to result in low impacts on air quality from emissions of",2026-07-22T17:34:50.050859+00:00,
a604a1c8da957f8b11a3590b649b458c,resource,no new access road,Environmental Consequences – No Action,"be required compared to existing conditions. Ongoing maintenance of existing access roads may be needed over time, but no new access roads would be constructed. Maintenance activities would continue to result in low impacts on air quality from emissions of",2026-07-22T17:34:50.050859+00:00,
a604a1c8da957f8b11a3590b649b458c,resource,not to exceed,Noise,"ooked River in the Prineville Valley between Tower 90/3 and 90/4. According to Oregon rules, noise from vehicles should not to exceed 60 dBA during daytime hours (7:00 a.m. to 10:00 p.m.) (OAR 340-035-030). Noise levels from existing industrial noise so",2026-07-22T17:34:50.050859+00:00,
a604a1c8da957f8b11a3590b649b458c,resource,no new access road,Recreation,vised per suggestion. Comment Response 0010-25 Text has been revised per suggestion. Comment Response 0010-26 There are no new access roads proposed on BLM land. Text in Section 3.5.4 and the Table 3.5-4 heading have been revised for clarification. The follo,2026-07-22T17:34:50.050859+00:00,
a604a1c8da957f8b11a3590b649b458c,resource,no new access road,Land Use,vised per suggestion. Comment Response 0010-25 Text has been revised per suggestion. Comment Response 0010-26 There are no new access roads proposed on BLM land. Text in Section 3.5.4 and the Table 3.5-4 heading have been revised for clarification. The follo,2026-07-22T17:34:50.050859+00:00,
a66053e268fdca5fd71c31b723d0cada,finding,would require an eis,FINDING OF NO SIGNIFICANT IMPACT,"action that would significantly affect the quality of the human environment within the meaning of NEPA. Therefore, the preparation of an Environmental Impact Statement is not necessary, and DOE is adopting the USDA's EA and issuing this FONSI. Issued at Oak Ridge, Tennessee, this !]}!'d",2026-07-22T17:34:50.050859+00:00,
a708e2e364dd3c33ff0ed24f0f220887,finding,would require an eis,Finding of No Significant Impact,"ether the Proposed Action would result in significant impacts to the environment. Significant impacts would require the preparation of an Environmental Impact Statement (EIS). If the BLM Authorized Officer determines that no significant impacts would occur, a Finding of No Significant Im",2026-07-22T17:34:50.050859+00:00,
a708e2e364dd3c33ff0ed24f0f220887,finding,would require an eis,Finding of No Significant Impact,"ether the Proposed Action would result in significant impacts to the environment. Significant impacts would require the preparation of an Environmental Impact Statement (EIS). If the BLM Authorized Officer determines that no significant impacts would occur, a Finding ofNo Signifrcant Imp",2026-07-22T17:34:50.050859+00:00,
a709910012c5d00204d4c154afaee641,resource,no new access road,VISUAL RESOURCES,plies or maintenance of the HVID Pumping Plant. • Existing access roads would be used to access the construction areas. No new access roads would be constructed. • Erosion-control Best Management Practices for drainage and sediment control be implemented to,2026-07-22T17:34:50.050859+00:00,
a709910012c5d00204d4c154afaee641,resource,no new access road,CUMULATIVE IMPACTS,plies or maintenance of the HVID Pumping Plant. • Existing access roads would be used to access the construction areas. No new access roads would be constructed. • Erosion-control Best Management Practices for drainage and sediment control be implemented to,2026-07-22T17:34:50.050859+00:00,
a7690d1c847ef86314818617dfa10a35,finding,would require an eis,Finding of No Significant Impact,"ity of the human environment within the meaning of the National Environmental Policy Act of 1969 (NEPA). Therefore, the preparation of an environmental impact statement (EIS) is not required, and DOE is issuing this Finding of No Significant Impact (FONSI). Public Availability: Copies of",2026-07-22T17:34:50.050859+00:00,
a77656d43e01f9f0a0232ae2960f85f3,resource,not to exceed,Cultural Resources,"the due date specified shall result in a late fee assessment of $25.00 or 10% of the grazing bill whichever is greater, not to exceed $250.00. Repeated delays in payment of actual billings or non-compliance with the terms and conditions of the allotment",2026-07-22T17:34:50.050859+00:00,
a7a9e450c257b802ed040e40c48f9163,resource,would require an eis,Noise,"the meaning of the National Environmental Policy Act of 1969 (42 United States Code [USC] 4321 et seq.). Therefore, the preparation of an environmental impact statement is not required. DOE is issuing this FONSI for the Proposed Action concluding the NEPA process for this action. DOE has",2026-07-22T17:34:50.050859+00:00,
a7e97dad61cc6e030b952ff9ff6265a6,finding,would require an eis,FINDING OF NO SIGNIFICANT IMPACT,"ing the quality of the human environment within the meaning of the National Environmental Policy Act (NEPA). Therefore, preparation of an environmental impact statement is not required, and WAPA issues this Finding of No Significant Impact (FONSI). FOR FURTHER INFORMATION, CONTACT: Addit",2026-07-22T17:34:50.050859+00:00,
a7f30f678135450e4882d406d96010dd,resource,would be significant if,Biological Resources,proposed activities; and 4) the duration or ecological ramifications of the impact(s). Impacts to biological resources would be significant if species or habitats of concern were adversely affected over relatively large areas or if disturbances caused reductions,2026-07-22T17:34:50.050859+00:00,
a7f30f678135450e4882d406d96010dd,resource,would be significant if,Biological Resources,proposed activities; and 4) the duration or ecological ramifications of the impact(s). Impacts to biological resources would be significant if species or habitats of concern were adversely affected over relatively large areas or if disturbances caused reductions,2026-07-22T17:34:50.050859+00:00,
a81956aaad5e47e94740d686286873fa,finding,would require an eis,Finding of No Significant Impact,"is to determine if a proposed action will have a significant impact on the human environment and therefore require the preparation of an Environmental Impact Statement (EIS). As defined in 40 CFR 1508.13, a Finding of No Significant Impact (FONSI) is a document that briefly presents the",2026-07-22T17:34:50.050859+00:00,
a83ab0264fda5e4ff0633aceeeca64e1,finding,would require an eis,Finding of No Significant Impact,"uality of the human environment, within the meaning of NEPA (42 United States Code [USC] 4321 et seq.).1 Therefore, the preparation of an environmental impact statement (EIS) is not required and BPA is issuing this Finding of No Significant Impact (FONSI) for the Proposed Action. The Pro",2026-07-22T17:34:50.050859+00:00,
a92cb5fd793536684932d97bd2742ef3,finding,would require an eis,FINDING OF NO SIGNIFICANT IMPACT,"ing the quality of the human environment within the meaning of the National Environmental Policy Act (NEPA). Therefore, preparation of an environmental impact statement is not required. FOR FURTHER INFORMATION, CONTACT: Additional information and copies of the EA and FONSI are available",2026-07-22T17:34:50.050859+00:00,
a94c8dd2bac25c3c52045291fc2b79f9,resource,would be significant if,Environmental Impacts and Mitigation Measures,3.4.2.1 Issues and Significance Criteria Surface Water Impacts to surface water would be significant if:  Water quality and instream flows are modified by construction or accidental contamination so water users are measura,2026-07-22T17:34:50.050859+00:00,
a94c8dd2bac25c3c52045291fc2b79f9,condition,would be significant if,Environmental Impacts and Mitigation Measures,3.4.2.1 Issues and Significance Criteria Surface Water Impacts to surface water would be significant if:  Water quality and instream flows are modified by construction or accidental contamination so water users are measura,2026-07-22T17:34:50.050859+00:00,
a94c8dd2bac25c3c52045291fc2b79f9,condition,would be significant if,Issues and Significance Criteria,Surface Water Impacts to surface water would be significant if:  Water quality and instream flows are modified by construction or accidental contamination so water users are measura,2026-07-22T17:34:50.050859+00:00,
a94c8dd2bac25c3c52045291fc2b79f9,resource,no new access road,Water Resources and Floodplains,"is transmission line. Long-term, adverse, indirect impacts from sedimentation and erosion would be negligible to minor. No new access roads are planned for the BA-LV line. Floodplains The existing transmission line ROWs and access roads cross both designated",2026-07-22T17:34:50.050859+00:00,
a94c8dd2bac25c3c52045291fc2b79f9,resource,no new access road,Upland Vegetation,"construction impacts to vegetation from the BA-LV project are similar in type to those described for the LV-YT project. No new access roads, with the possible exception of short spur roads, would be required for the BA-LV line. As noted for the LV-YT area, f",2026-07-22T17:34:50.050859+00:00,
a94c8dd2bac25c3c52045291fc2b79f9,resource,would be significant if,"Threatened, Endangered, and Other Special Status Species","sues and Significance Criteria Impacts to proposed, threatened, endangered, candidate, and other special status species would be significant if effects from transmission line construction or maintenance result in either of the following:  A jeopardy Biological O",2026-07-22T17:34:50.050859+00:00,
a94c8dd2bac25c3c52045291fc2b79f9,condition,would be significant if,Environmental Impacts and Mitigation Measures,"sues and Significance Criteria Impacts to proposed, threatened, endangered, candidate, and other special status species would be significant if effects from transmission line construction or maintenance result in either of the following:  A jeopardy Biological O",2026-07-22T17:34:50.050859+00:00,
a94c8dd2bac25c3c52045291fc2b79f9,condition,would be significant if,Issues and Significance Criteria,"Impacts to proposed, threatened, endangered, candidate, and other special status species would be significant if effects from transmission line construction or maintenance result in either of the following:  A jeopardy Biological O",2026-07-22T17:34:50.050859+00:00,
a94c8dd2bac25c3c52045291fc2b79f9,condition,would be significant if,Environmental Impacts and Mitigation Measures,Issues and Significance Criteria Impacts to land use would be significant if the Proposed Project or action alternatives:  resulted in the termination or unauthorized change in land uses;  were,2026-07-22T17:34:50.050859+00:00,
a94c8dd2bac25c3c52045291fc2b79f9,resource,would be significant if,Socioeconomics and Environmental Justice,1 2008 3.13.2 Environmental Impacts and Mitigation Measures Issues and Significance Criteria Impacts to socioeconomics would be significant if:  Minority or low-income populations are disproportionately affected by the transmission line rebuild. Impacts of the,2026-07-22T17:34:50.050859+00:00,
a94c8dd2bac25c3c52045291fc2b79f9,condition,would be significant if,Environmental Impacts and Mitigation Measures,Issues and Significance Criteria Impacts to socioeconomics would be significant if:  Minority or low-income populations are disproportionately affected by the transmission line rebuild. Impacts of the,2026-07-22T17:34:50.050859+00:00,
a94c8dd2bac25c3c52045291fc2b79f9,resource,would be significant if,Transportation,"tained. 3.14.2 Environmental Impacts and Mitigation Measures Issues and Significance Criteria Impacts to transportation would be significant if:  Use of public highways and roads was restricted, resulting in adverse impacts to emergency response capability or ec",2026-07-22T17:34:50.050859+00:00,
a94c8dd2bac25c3c52045291fc2b79f9,condition,would be significant if,Environmental Impacts and Mitigation Measures,"Issues and Significance Criteria Impacts to transportation would be significant if:  Use of public highways and roads was restricted, resulting in adverse impacts to emergency response capability or ec",2026-07-22T17:34:50.050859+00:00,
a94c8dd2bac25c3c52045291fc2b79f9,resource,would be significant if,Environmental Impacts and Mitigation Measures,3.4.2.1 Issues and Significance Criteria Surface Water Impacts to surface water would be significant if: • Water quality and instream flows are modified by construction or accidental contamination so water users are measura,2026-07-22T17:34:50.050859+00:00,
a94c8dd2bac25c3c52045291fc2b79f9,condition,would be significant if,Environmental Impacts and Mitigation Measures,3.4.2.1 Issues and Significance Criteria Surface Water Impacts to surface water would be significant if: • Water quality and instream flows are modified by construction or accidental contamination so water users are measura,2026-07-22T17:34:50.050859+00:00,
a94c8dd2bac25c3c52045291fc2b79f9,condition,would be significant if,Issues and Significance Criteria,Surface Water Impacts to surface water would be significant if: • Water quality and instream flows are modified by construction or accidental contamination so water users are measura,2026-07-22T17:34:50.050859+00:00,
a94c8dd2bac25c3c52045291fc2b79f9,resource,no new access road,Water Resources and Floodplains,"is transmission line. Long-term, adverse, indirect impacts from sedimentation and erosion would be negligible to minor. No new access roads are planned for the BA-LV line. Floodplains The existing transmission line ROWs and access roads cross both designated",2026-07-22T17:34:50.050859+00:00,
a94c8dd2bac25c3c52045291fc2b79f9,resource,no new access road,Upland Vegetation,"construction impacts to vegetation from the BA-LV project are similar in type to those described for the LV-YT project. No new access roads, with the possible exception of short spur roads, would be required for the BA-LV line. As noted for the LV-YT area, f",2026-07-22T17:34:50.050859+00:00,
a94c8dd2bac25c3c52045291fc2b79f9,resource,would be significant if,"Threatened, Endangered, and Other Special Status Species","sues and Significance Criteria Impacts to proposed, threatened, endangered, candidate, and other special status species would be significant if effects from transmission line construction or maintenance result in either of the following: • A jeopardy Biological O",2026-07-22T17:34:50.050859+00:00,
a94c8dd2bac25c3c52045291fc2b79f9,condition,would be significant if,Environmental Impacts and Mitigation Measures,"sues and Significance Criteria Impacts to proposed, threatened, endangered, candidate, and other special status species would be significant if effects from transmission line construction or maintenance result in either of the following: • A jeopardy Biological O",2026-07-22T17:34:50.050859+00:00,
a94c8dd2bac25c3c52045291fc2b79f9,condition,would be significant if,Issues and Significance Criteria,"Impacts to proposed, threatened, endangered, candidate, and other special status species would be significant if effects from transmission line construction or maintenance result in either of the following: • A jeopardy Biological O",2026-07-22T17:34:50.050859+00:00,
a94c8dd2bac25c3c52045291fc2b79f9,condition,would be significant if,Environmental Impacts and Mitigation Measures,Issues and Significance Criteria Impacts to land use would be significant if the Proposed Project or action alternatives: • resulted in the termination or unauthorized change in land uses; • were,2026-07-22T17:34:50.050859+00:00,
a94c8dd2bac25c3c52045291fc2b79f9,resource,would be significant if,Socioeconomics and Environmental Justice,1 2008 3.13.2 Environmental Impacts and Mitigation Measures Issues and Significance Criteria Impacts to socioeconomics would be significant if: • Minority or low-income populations are disproportionately affected by the transmission line rebuild. Impacts of the,2026-07-22T17:34:50.050859+00:00,
a94c8dd2bac25c3c52045291fc2b79f9,condition,would be significant if,Environmental Impacts and Mitigation Measures,Issues and Significance Criteria Impacts to socioeconomics would be significant if: • Minority or low-income populations are disproportionately affected by the transmission line rebuild. Impacts of the,2026-07-22T17:34:50.050859+00:00,
a94c8dd2bac25c3c52045291fc2b79f9,resource,would be significant if,Transportation,"tained. 3.14.2 Environmental Impacts and Mitigation Measures Issues and Significance Criteria Impacts to transportation would be significant if: • Use of public highways and roads was restricted, resulting in adverse impacts to emergency response capability or ec",2026-07-22T17:34:50.050859+00:00,
a94c8dd2bac25c3c52045291fc2b79f9,condition,would be significant if,Environmental Impacts and Mitigation Measures,"Issues and Significance Criteria Impacts to transportation would be significant if: • Use of public highways and roads was restricted, resulting in adverse impacts to emergency response capability or ec",2026-07-22T17:34:50.050859+00:00,
a94c8dd2bac25c3c52045291fc2b79f9,resource,would be significant if,Environmental Impacts and Mitigation Measures,3.4.2.1 Issues and Significance Criteria Surface Water Impacts to surface water would be significant if: • Water quality and instream flows are modified by construction or accidental contamination so water users are measura,2026-07-22T17:34:50.050859+00:00,
a94c8dd2bac25c3c52045291fc2b79f9,condition,would be significant if,Environmental Impacts and Mitigation Measures,3.4.2.1 Issues and Significance Criteria Surface Water Impacts to surface water would be significant if: • Water quality and instream flows are modified by construction or accidental contamination so water users are measura,2026-07-22T17:34:50.050859+00:00,
a94c8dd2bac25c3c52045291fc2b79f9,condition,would be significant if,Issues and Significance Criteria,Surface Water Impacts to surface water would be significant if: • Water quality and instream flows are modified by construction or accidental contamination so water users are measura,2026-07-22T17:34:50.050859+00:00,
a94c8dd2bac25c3c52045291fc2b79f9,resource,no new access road,Water Resources and Floodplains,"is transmission line. Long-term, adverse, indirect impacts from sedimentation and erosion would be negligible to minor. No new access roads are planned for the BA-LV line. Floodplains The existing transmission line ROWs and access roads cross both designated",2026-07-22T17:34:50.050859+00:00,
a94c8dd2bac25c3c52045291fc2b79f9,resource,no new access road,Upland Vegetation,"construction impacts to vegetation from the BA-LV project are similar in type to those described for the LV-YT project. No new access roads, with the possible exception of short spur roads, would be required for the BA-LV line. As noted for the LV-YT area, f",2026-07-22T17:34:50.050859+00:00,
a94c8dd2bac25c3c52045291fc2b79f9,resource,would be significant if,"Threatened, Endangered, and Other Special Status Species","sues and Significance Criteria Impacts to proposed, threatened, endangered, candidate, and other special status species would be significant if effects from transmission line construction or maintenance result in either of the following: • A jeopardy Biological O",2026-07-22T17:34:50.050859+00:00,
a94c8dd2bac25c3c52045291fc2b79f9,condition,would be significant if,Environmental Impacts and Mitigation Measures,"sues and Significance Criteria Impacts to proposed, threatened, endangered, candidate, and other special status species would be significant if effects from transmission line construction or maintenance result in either of the following: • A jeopardy Biological O",2026-07-22T17:34:50.050859+00:00,
a94c8dd2bac25c3c52045291fc2b79f9,condition,would be significant if,Issues and Significance Criteria,"Impacts to proposed, threatened, endangered, candidate, and other special status species would be significant if effects from transmission line construction or maintenance result in either of the following: • A jeopardy Biological O",2026-07-22T17:34:50.050859+00:00,
a94c8dd2bac25c3c52045291fc2b79f9,condition,would be significant if,Environmental Impacts and Mitigation Measures,Issues and Significance Criteria Impacts to land use would be significant if the Proposed Project or action alternatives: • resulted in the termination or unauthorized change in land uses; • were,2026-07-22T17:34:50.050859+00:00,
a94c8dd2bac25c3c52045291fc2b79f9,resource,would be significant if,Socioeconomics and Environmental Justice,1 2008 3.13.2 Environmental Impacts and Mitigation Measures Issues and Significance Criteria Impacts to socioeconomics would be significant if: • Minority or low-income populations are disproportionately affected by the transmission line rebuild. Impacts of the,2026-07-22T17:34:50.050859+00:00,
a94c8dd2bac25c3c52045291fc2b79f9,condition,would be significant if,Environmental Impacts and Mitigation Measures,Issues and Significance Criteria Impacts to socioeconomics would be significant if: • Minority or low-income populations are disproportionately affected by the transmission line rebuild. Impacts of the,2026-07-22T17:34:50.050859+00:00,
a94c8dd2bac25c3c52045291fc2b79f9,resource,would be significant if,Transportation,"tained. 3.14.2 Environmental Impacts and Mitigation Measures Issues and Significance Criteria Impacts to transportation would be significant if: • Use of public highways and roads was restricted, resulting in adverse impacts to emergency response capability or ec",2026-07-22T17:34:50.050859+00:00,
a94c8dd2bac25c3c52045291fc2b79f9,condition,would be significant if,Environmental Impacts and Mitigation Measures,"Issues and Significance Criteria Impacts to transportation would be significant if: • Use of public highways and roads was restricted, resulting in adverse impacts to emergency response capability or ec",2026-07-22T17:34:50.050859+00:00,
a9994b79be9b6f1a3ed0f068d2c3935e,finding,would require an eis,FINDING OF NO SIGNIFICANT IMPACT,"e BLM Threshold and Response Alternative will not significantly affect the quality of the human environment. Therefore, preparation of an Environmental Impact Statement is not required as per section 102(2)(c) of the National Environmental Policy Act. This finding is based on the BLM’s c",2026-07-22T17:34:50.050859+00:00,
a9cf1ce3df98c22bd714186968ecd497,finding,would require an eis,FINDING OF NO SIGNIFICANT IMPACT,"onmental effects meet the definition of significance in context or intensity as described in 40 CFR 1508.27. Therefore, preparation of an Environmental Impact Statement is not required as per section 102 (2) (c) of the National Environmental Policy Act. This finding and conclusion is bas",2026-07-22T17:34:50.050859+00:00,
a9d387c85eb5195818453a45966bfafb,finding,would require an eis,DECISION,"27, I have determined that the proposed action would not have a significant effect on the human environment; therefore, preparation of an environmental impact statement is not necessary. RATIONALE Context The proposed radar is a site-specific action, so the adverse effects will only affe",2026-07-22T17:34:50.050859+00:00,
aa72b52205d0e55988086803224373ba,finding,would require an eis,Finding of No Significant Impact,"ning of the National Environmental Policy Act (NEPA) of 1969 (42 United States Code [USC] 4321 et seq.). Therefore, the preparation of an environmental impact statement (EIS) is not required and BPA is issuing this Finding of No Significant Impact (FONSI) for the Proposed Action. The Pro",2026-07-22T17:34:50.050859+00:00,
ab8a9c656bc97da0dc3337ac3a23d0ea,resource,not to exceed,Wildlife,"ildlife in general, we recommended the following impact avoidance measures: • Establish a construction area speed limit not to exceed 15 miles per hour to avoid vehicle/wildlife collisions (slow vehicle speeds should allow even very small animals to mov",2026-07-22T17:34:50.050859+00:00,
ac7c40ac15a4d9d43cd03b0fa8283622,resource,would require an eis,Social and Economic Values,"ition of ""effects"" (Sec. 1508.8)). This means that economic or social effects are not intended by themselves to require preparation of an environmental impact statement. When an environmental impact statement is prepared and economic or social and natural or physical environmental effect",2026-07-22T17:34:50.050859+00:00,
ac7c40ac15a4d9d43cd03b0fa8283622,resource,would require an eis,Social and Economic Values,"nition of ""effects"" (Sec. 1508.8). This means that economic or social effects are not intended by themselves to require preparation of an environmental impact statement. When an environmental impact statement is prepared and economic or social and natural or physical environmental effect",2026-07-22T17:34:50.050859+00:00,
aca915cdc0223c720acffcb04acb5279,resource,would be significant if,SOCIOECONOMICS,nd resource evaluated. Table 4-1: Impact Significance Thresholds Resource Area Impact Significance Thresholds An impact would be significant if it EXCEEDS the following conditions,2026-07-22T17:34:50.050859+00:00,
aca915cdc0223c720acffcb04acb5279,resource,would require an eis,SOCIOECONOMICS,"This EA was prepared to determine whether the proposed project could cause significant impacts, which would require the preparation of an Environmental Impact Statement (40 CFR 1508.9), or, whether a Finding of No Significant Impact can be issued for the Proposed Action. Table 4.1 provid",2026-07-22T17:34:50.050859+00:00,
aca915cdc0223c720acffcb04acb5279,finding,would be significant if,ENVIRONMENTAL CONSEQUENCES,nd resource evaluated. Table 4-1: Impact Significance Thresholds Resource Area Impact Significance Thresholds An impact would be significant if it EXCEEDS the following conditions,2026-07-22T17:34:50.050859+00:00,
aca915cdc0223c720acffcb04acb5279,finding,would require an eis,ENVIRONMENTAL CONSEQUENCES,"This EA was prepared to determine whether the proposed project could cause significant impacts, which would require the preparation of an Environmental Impact Statement (40 CFR 1508.9), or, whether a Finding of No Significant Impact can be issued for the Proposed Action. Table 4.1 provid",2026-07-22T17:34:50.050859+00:00,
aca915cdc0223c720acffcb04acb5279,resource,would be significant if,Vegetation,previous applications. Environment al Consequences 4-2 May 2010 Resource Area Impact Significance Thresholds An impact would be significant if it EXCEEDS the following conditions,2026-07-22T17:34:50.050859+00:00,
ae4f40eb9c900cd44b20dc83c1e1cdb1,finding,would require an eis,FINDING OF NO SIGNIFICANT IMPACT,"M has determined the selected action will not have significant adverse effects on the human environment. Therefore, the preparation of an Environmental Impact Statement (EIS) is not required as per Section 102(2) of NEPA. A detailed analysis of the potential impacts can be found in Chapt",2026-07-22T17:34:50.050859+00:00,
af5128420ead4a42eef0b53470d522af,finding,would require an eis,Finding of No Significant Impact,"ity of the human environment within the meaning of the National Environmental Policy Act of 1969 (NEPA). Therefore, the preparation of an Environmental Impact Statement (EIS) is not required. ADDRESSES AND FURTHER INFORMATION: A single copy of the EA and further information about the pro",2026-07-22T17:34:50.050859+00:00,
af949be81c2c3d1539216fed281f94f3,finding,would require an eis,Finding of No Significant Impact,"be issued by the Joint Lead Agencies. During the EA process, if it is determined that there may be significant impacts, preparation of an Environmental Impact Statement (EIS) would be necessary prior to Proposed Action implementation. The Joint Lead Agencies will use this EA to satisfy d",2026-07-22T17:34:50.050859+00:00,
af949be81c2c3d1539216fed281f94f3,finding,would require an eis,Mitigation,"be issued by the Joint Lead Agencies. During the EA process, if it is determined that there may be significant impacts, preparation of an Environmental Impact Statement (EIS) would be necessary prior to Proposed Action implementation. The Joint Lead Agencies will use this EA to satisfy d",2026-07-22T17:34:50.050859+00:00,
af949be81c2c3d1539216fed281f94f3,condition,would require an eis,Mitigation,"be issued by the Joint Lead Agencies. During the EA process, if it is determined that there may be significant impacts, preparation of an Environmental Impact Statement (EIS) would be necessary prior to Proposed Action implementation. The Joint Lead Agencies will use this EA to satisfy d",2026-07-22T17:34:50.050859+00:00,
b02a16f95acce73c963a52aaaf66e447,finding,would require an eis,FINDING OF NO SIGNIFICANT IMPACT,"tallation and removal actions. No long-term impacts related to the operation of a PV system were identified. Therefore, preparation of an Environmental Impact Statement is not required, and LM is issuing this FONSI. Copies of the EA and FONSI are available through the following contact:",2026-07-22T17:34:50.050859+00:00,
b04884736d2ca43e95f588e36a4e032f,finding,would require an eis,FINDING OF NO SIGNIFICANT IMPACT,"d action (Section 6.1 of the EA) will not have a significant effect on the quality of the human environment. Therefore, preparation of an environmental impact statement is not required. As described and analyzed in the EA, no environmental effects meet the definition of significance as d",2026-07-22T17:34:50.050859+00:00,
b07b0675e3dd2fc8874979efc0fa891e,resource,not to exceed,Affected Environment,", “Radiation Protection of the Public and the Environment,” establishes the public dose limit at a total effective dose not to exceed 100 mrem/yr above background radiation levels.",2026-07-22T17:34:50.050859+00:00,
b0863b6e715b5c0e6bc8be97ffd3c034,finding,would require an eis,Finding of No Significant Impact,purpose of this EA is to provide agency decision-makers with sufficient information and analysis to select between the preparation of an Environmental Impact Statement (EIS) or the issuance of a Finding of No Significant Impact (FONSI) for the proposed action. The proposed action includ,2026-07-22T17:34:50.050859+00:00,
b0a30d5655ac9bae8015f9774d49d701,resource,not to exceed,Affected Environment,ermit #ID11012016-Up to 100 head each herd (4 herds/4 days) or 400 Head (1 herd/1 day) trailing within the trail period not to exceed 13 AUMs/period.,2026-07-22T17:34:50.050859+00:00,
b0d9e37da6f3c08079f006d55824ada7,resource,would require an eis,Traffic and Transportation,"sources or environments. Mitigation is required for significant impacts under CEQA. In addition, in order to forego the preparation of an Environmental Impact Statement (EIS) under NEPA notwithstanding the potential for a project to have adverse impacts, a federal agency must find that t",2026-07-22T17:34:50.050859+00:00,
b0d9e37da6f3c08079f006d55824ada7,resource,would require an eis,Mitigation Measures,"sources or environments. Mitigation is required for significant impacts under CEQA. In addition, in order to forego the preparation of an Environmental Impact Statement (EIS) under NEPA notwithstanding the potential for a project to have adverse impacts, a federal agency must find that t",2026-07-22T17:34:50.050859+00:00,
b0d9e37da6f3c08079f006d55824ada7,condition,would require an eis,Mitigation Measures,"sources or environments. Mitigation is required for significant impacts under CEQA. In addition, in order to forego the preparation of an Environmental Impact Statement (EIS) under NEPA notwithstanding the potential for a project to have adverse impacts, a federal agency must find that t",2026-07-22T17:34:50.050859+00:00,
b1068ca555977e172f4047b3c64849a0,finding,would require an eis,FINDING OF NO SIGNIFICANT IMPACT,"he attached environmental assessment, I have determined that impacts are not expected to be significant. Therefore, the preparation of an environmental impact statement is not required. DECISION RECORD It is my decision to approve the proposed action from the Trail and Trailhead Parking",2026-07-22T17:34:50.050859+00:00,
b1068ca555977e172f4047b3c64849a0,finding,not to exceed,FINDING OF NO SIGNIFICANT IMPACT,"BLM signs similar to those already found at Meadowood, and sized for visibility on the road which the site is located, not to exceed 4 feet high by 8 feet wide. There would also be a wood oak board fence similar to those existing at Meadowood around ea",2026-07-22T17:34:50.050859+00:00,
b110f13c9443366c27439b1bf3d53467,condition,not to exceed,Mitigation Measures and Adaptive Management,"he project annually. The TAC may review the curtailment applied and recommend a different combination of hours per day, not to exceed 112 total hours (i.e., eight hours per day for 14 days) per year. PHASE II MITIGATION Birds Turbine Shutdowns An additi",2026-07-22T17:34:50.050859+00:00,
b110f13c9443366c27439b1bf3d53467,condition,not to exceed,Mitigation,"he project annually. The TAC may review the curtailment applied and recommend a different combination of hours per day, not to exceed 112 total hours (i.e., eight hours per day for 14 days) per year. PHASE II MITIGATION Birds Turbine Shutdowns An additi",2026-07-22T17:34:50.050859+00:00,
b1c49ecf105b965ad3554ecdefe5639f,finding,would require an eis,Finding of No Significant Impact,"r Federal action that significantly affects the quality of the human environment within the meaning of NEPA. Therefore, preparation of an environmental impact statement (EIS) is not required. ADDRESS: The LPF Final EA and this Finding of No Significant Impact (FONSI) have been prepared a",2026-07-22T17:34:50.050859+00:00,
b205082bad97e2f5be44a6316f213370,finding,would require an eis,Finding of No Significant Impact,"al action significantly affecting human health and the human environment within the meaning of the NEPA. Therefore, the preparation of an environmental impact statement is not required and DOE is issuing this Finding of No significant Impact (FONSI). PUBLIC AVAILABILITY AND CONTACT INFOR",2026-07-22T17:34:50.050859+00:00,
b2313461db26eed79e68ec6705bee158,finding,would require an eis,Finding of No Significant Impact,"ning of the National Environmental Policy Act (NEPA) of 1969 (42 United States Code [USC] 4321 et seq.). Therefore, the preparation of an environmental impact statement (EIS) is not required and BPA is issuing this Finding of No Significant Impact (FONSI) for the Proposed Action. The Pro",2026-07-22T17:34:50.050859+00:00,
b23391bef84d9dac16d7c7e2a31843cc,finding,would require an eis,FINDING OF No SIGNIFICANT IMPACT,"ithin the meaning of the National Environmental Policy Act (NEPA) of 1969,42 United States Code 4321 et seq. Therefore, preparation of an Environmental Impact Statement is not required, and DOE is issuing this FONSI. COPIES OF THE EA ARE AVAILABLE FROM: Mr. EliasJ. George National Energy",2026-07-22T17:34:50.050859+00:00,
b24120108c7c0996682f963aaec263b5,finding,would require an eis,Finding of No Significant Impact,"tensity as defined in 40 CFR 1508.27 and do not exceed those effects described in applicable land use plans. Therefore, preparation of an environmental impact statement (EIS) to further analyze possible impacts is not required pursuant to Section 102(2)(c) of the NEPA of 1969. This deter",2026-07-22T17:34:50.050859+00:00,
b266deeb90c670f7d198a62f0b861879,finding,would require an eis,Finding of No Significant Impact,"lementation will not significantly affect the quality of the human environment. Accordingly, I have determined that the preparation of an Environmental Impact Statement is not necessary for this proposal. APPROVED: //Signed// Kenneth J. Crane 2/24/2020 Kenneth J. Crane Field Manager Burl",2026-07-22T17:34:50.050859+00:00,
b2f4e70220fa301e37afaec68ac41687,finding,would require an eis,Decision to be Made,"r will determine whether the impacts of the Proposed Action described in the analysis are significant and would require preparation of an environmental impact statement (EIS). If the authorized officer determined that the impacts are not significant, this analysis will help inform the de",2026-07-22T17:34:50.050859+00:00,
b3fb24cd29523ecc557357e2ab363622,finding,would require an eis,FINDING OF NO SIGNIFICANT IMPACT,"t, individually and cumulatively, do not exceed those impacts described in the GCPNM RMP (EA BLM 2008a). Therefore, the preparation of an Environmental Impact Statement is not required as per Section 102 (2) of NEPA. This finding and conclusion is based on the consideration of the Counci",2026-07-22T17:34:50.050859+00:00,
b4521468d60e4abcdac264c98c4939ab,finding,would require an eis,FINDING OF NO SIGNIFICANT IMPACT,"t the quality of the human environment, individually or cumulatively with other actions in the general area. Therefore, preparation of an environmental impact statement is not needed to support implementation of the Proposed Action. Andrew Laca Uncompahgre Field Manger ANDREW LACA Digita",2026-07-22T17:34:50.050859+00:00,
b6695df8b2124a867581ea72418be63f,resource,no new access road,Vegetation,"le Mitigation There would be no direct impact to wetlands from the proposed project as all wetland would be spanned and no new access roads are planned S l i g h t , short-term impacts could o c c u r from s o i l distufbance caused by vehicular activity, bu",2026-07-22T17:34:50.050859+00:00,
b6695df8b2124a867581ea72418be63f,resource,no new access road,Affected Environment,"le Mitigation There would be no direct impact to wetlands from the proposed project as all wetland would be spanned and no new access roads are planned S l i g h t , short-term impacts could o c c u r from s o i l distufbance caused by vehicular activity, bu",2026-07-22T17:34:50.050859+00:00,
b6695df8b2124a867581ea72418be63f,finding,no new access road,Environmental Consequences,cteristics or create the potential for greater loss of property or life during flooding. No clearing would be required. No new access roads or structures would be needed because existing access roads would be used to carry linemen to the tower sites. At pull,2026-07-22T17:34:50.050859+00:00,
b6695df8b2124a867581ea72418be63f,resource,no new access road,CULTURAL RESOURCES,sts of a right-of-way 3 . meters (125 feet) wide that dehes the Hot Springs-Garrison 230-kV transmission line corridor. No new access road construction is planned as part of this project as only existing road access will be utilized during construction. Visu,2026-07-22T17:34:50.050859+00:00,
b6695df8b2124a867581ea72418be63f,resource,no new access road,Affected Environment,sts of a right-of-way 3 . meters (125 feet) wide that dehes the Hot Springs-Garrison 230-kV transmission line corridor. No new access road construction is planned as part of this project as only existing road access will be utilized during construction. Visu,2026-07-22T17:34:50.050859+00:00,
b6695df8b2124a867581ea72418be63f,resource,no new access road,Wildlife,"aced on the line. There would be no change in appearance or amount of wire from the existing situation in those places. No new access roads would be built, and no vegitation clearing needed. No herbicides or other chemicals would be used. The length of time",2026-07-22T17:34:50.050859+00:00,
b700ea2892bd47fd9e7c8b7d40ed8404,finding,would require an eis,FINDING OF NO SIGNIFICANT IMPACT,in no significant effects to the environment under the criteria in 40 Code of Federal Regulations 1508.18 and 1508.27. Preparation of an Environmental Impact Statement to further analyze possible impacts is not required pursuant to Section 102(2)(c) of the National Environmental Policy,2026-07-22T17:34:50.050859+00:00,
b700ea2892bd47fd9e7c8b7d40ed8404,finding,would require an eis,FINDING OF NO SIGNIFICANT IMPACT,in no significant effects to the environment under the criteria in 40 Code of Federal Regulations 1508.18 and 1508.27. Preparation of an Environmental Impact Statement to further analyze possible impacts is not required pursuant to Section 102(2)(c) of the National Environmental Policy,2026-07-22T17:34:50.050859+00:00,
b7bd577cc7b50b95a1647faef142298b,finding,would require an eis,FINDING OF NO SIGNIFICANT IMPACT,significant impacts to the environment under the criteria in Title 40 Code of Federal Regulations 1508.18 and 1508.27. Preparation of an Environmental Impact Statement to further analyze possible impacts is not required pursuant to Section 102(2)(c) of the National Environmental Policy,2026-07-22T17:34:50.050859+00:00,
b7df31da5fc4132231a2f1c517b73530,finding,would require an eis,Finding of No Significant Impact,"ironment, within the meaning of the National""Environmenta1 Pdicy Act of 1969 (NEPA), 42 U.S.C. 4321 st.. Therefore, the preparation of an environmental impact statement is not required and the DOE is issuing this Finding of N o Significant Impact (FONSI). SINGLE COPIES OF THE EA AND FONS",2026-07-22T17:34:50.050859+00:00,
b7df31da5fc4132231a2f1c517b73530,resource,not to exceed,Affected Environment,"rage Capabilities (Hazardous Waste Operating Permit No. H052-228925) 6 B-25 boxes or 48 55-gallon drums, or combination not to exceed allowed volume. 4,038 gallons Non-liquid reactive wastes and lab pack wastes. Liquids must be in lab pack drums. Miscel",2026-07-22T17:34:50.050859+00:00,
b80dfba0e74c5b6d49d57bb8a189ff2c,finding,would require an eis,Finding of No Significant Impact,"d to the context and the intensity of impacts analyzed in the EA. Accordingly, the proposed action does not require the preparation of an environmental impact statement. For questions about this FONSI or the Final EA, please contact: Whitney Donoghue NEPA Document Manager U.S. Department",2026-07-22T17:34:50.050859+00:00,
b997a6a9c102f386ea383a12150b4fd3,finding,would require an eis,Finding of No Significant Impact,"ning of the National Environmental Policy Act (NEPA) of 1969 (42 United States Code [USC] 4321 et seq.). Therefore, the preparation of an Environmental Impact Statement is not required, and BPA is issuing this Finding of No Significant Impact (FONSI) for the proposed action. Comments rec",2026-07-22T17:34:50.050859+00:00,
bad506d5cd3d0946199e3d503cb8d25a,finding,would require an eis,Finding of No Significant Impact,"cantly affect the quality of the physical, biological, or human environment, within the meaning of NEPA. Therefore, the preparation of an Environmental Impact Statement is not required, and DOE is issuing this Finding of No Significant Impact (FONSI). ALTERNATIVES CONSIDERED:",2026-07-22T17:34:50.050859+00:00,
bad506d5cd3d0946199e3d503cb8d25a,finding,would require an eis,Finding of No Significant Impact,"cantly affect the quality of the physical, biological, or human environment, within the meaning of NEPA. Therefore, the preparation of an Environmental Impact Statement is not required, and DOE is issuing this FONS!. ,<lt:1 Issued in Pittsburgh, Pennsylvania on this~ day of May, 2018. Se",2026-07-22T17:34:50.050859+00:00,
bad8580e8ed02d3ae08b09434e928ee3,finding,would require an eis,FINDING OF NO SIGNIFICANT IMPACT,"UMaine’s proposed project, will not significantly affect the quality of the human and natural environment and that the preparation of an Environmental Impact Statement is not required. This finding and decision is based on the consideration of DOE’s NEPA implementing regulations (10 CFR",2026-07-22T17:34:50.050859+00:00,
baef8a55ec4b0851be04bf7a9a745193,finding,would require an eis,Finding of No Significant Impact,"is to determine if a proposed action will have a significant impact on the human environment and therefore require the preparation of an Environmental Impact Statement (EIS). As defined in 40 CFR 1508.13, a Finding of No Significant Impact (FONSI) is a document that briefly presents the",2026-07-22T17:34:50.050859+00:00,
bb028d79d3a35c6eca09ba2577c0634d,finding,would require an eis,Finding of No Significant Impact,mendation: It is recommended that the authorization be approved as described in the applicant's Plan of Operations. The preparation of an Environmental Impact Statement is not recommended. Page 6 of 6 The Right-of-Way will be approved under the authority of 43 Code of Federal Regulations,2026-07-22T17:34:50.050859+00:00,
bb4186770676398ec8143f4da2955ec7,finding,would require an eis,Finding of No Significant Impact,"ning of the National Environmental Policy Act (NEPA) of 1969 (42 United States Code [USC] 4321 et seq.). Therefore, the preparation of an environmental impact statement (EIS) is not required, and BPA is issuing this Finding of No Significant Impact (FONSI) for the Proposed Action. The Pr",2026-07-22T17:34:50.050859+00:00,
bc236a41400112885cf8f20104347eeb,finding,would require an eis,FINDING OF NO SIGNIFICANT IMPACT,"ral action significantly affecting the quality of the human environment within the jurisdiction of NEPA; therefore, the preparation of an Environmental Impact Statement is not required, and WAPA is issuing this FONSI. The Final EA is approved concurrently with this FONSI. FOR FURTHER INF",2026-07-22T17:34:50.050859+00:00,
bc29a438f0f1a00bb6e88b44d2e3dc6d,finding,would require an eis,FINDING OF NO SIGNIFICANT IMPACT,"incorporated into a Mitigation Action Plan. Therefore, in accordance with 10 CFR Part 1021.322, DOE has concluded that preparation of an Environmental Impact Statement is not required, and DOE is issuing this FONSI. COPIES OF THE EA ARE AVAILABLE FROM: Mr. Lloyd Lorenzi, Jr. National En",2026-07-22T17:34:50.050859+00:00,
bc2a07ff388efdf538d49da13859870b,resource,would require an eis,Aesthetics,otection Division water withdrawal permit and U. S. Army Corps of Engineers Clean Water Section 404 wetland permit. The preparation of an environmental impact statement is not required and DOE is issuing this Finding of No Significant Impact. Copies ofthe Final SEA are available at the D,2026-07-22T17:34:50.050859+00:00,
bd9809fef18c518ed2a73a90efee6bc7,finding,would require an eis,Finding of No Significant Impact,ication for Permit to Drill (APD) and Sundry Notice be approved as described in the applicant's Plan of Operations. The preparation of an Environmental Impact Statement is not recommended. Applications for Permits to Drill and Sundry Notice will be approved under the authority of 43 Code,2026-07-22T17:34:50.050859+00:00,
bdc9fd5e6406ae33405b3dcfdc557691,condition,would require an eis,Mitigation Action Plan,"ty of the human environment, within the meaning of the National Environmental Policy Act (NEPA) of 1969. Therefore, the preparation of an Environmental Impact Statement (EIS) is not required and BPA is issuing this FONSI. A Floodplain Statement of Findings is also included. Copies: For c",2026-07-22T17:34:50.050859+00:00,
bdc9fd5e6406ae33405b3dcfdc557691,condition,would require an eis,Marion County Comprehensive Plans and Ordinances,"ty of the human environment, within the meaning of the National Environmental Policy Act (NEPA) of 1969. Therefore, the preparation of an Environmental Impact Statement (EIS) is not required and BPA is issuing this FONSI. A Floodplain Statement of Findings is also included. Copies: For c",2026-07-22T17:34:50.050859+00:00,
bdc9fd5e6406ae33405b3dcfdc557691,condition,would require an eis,Mitigation Action Plan,"ty of the human environment, within the meaning of the National Environmental Policy Act (NEPA) of 1969. Therefore, the preparation of an Environmental Impact Statement (EIS) is not required and BPA is issuing this FONSI. A Floodplain Statement of Findings is also included. Copies: For c",2026-07-22T17:34:50.050859+00:00,
bdc9fd5e6406ae33405b3dcfdc557691,condition,would require an eis,Marion County Comprehensive Plans and Ordinances,"ty of the human environment, within the meaning of the National Environmental Policy Act (NEPA) of 1969. Therefore, the preparation of an Environmental Impact Statement (EIS) is not required and BPA is issuing this FONSI. A Floodplain Statement of Findings is also included. Copies: For c",2026-07-22T17:34:50.050859+00:00,
bdc9fd5e6406ae33405b3dcfdc557691,condition,would require an eis,Mitigation Action Plan,"ty of the human environment, within the meaning of the National Environmental Policy Act (NEPA) of 1969. Therefore, the preparation of an Environmental Impact Statement (EIS) is not required and BPA is issuing this FONSI. A Floodplain Statement of Findings is also included. Copies: For c",2026-07-22T17:34:50.050859+00:00,
bdc9fd5e6406ae33405b3dcfdc557691,condition,would require an eis,Marion County Comprehensive Plans and Ordinances,"ty of the human environment, within the meaning of the National Environmental Policy Act (NEPA) of 1969. Therefore, the preparation of an Environmental Impact Statement (EIS) is not required and BPA is issuing this FONSI. A Floodplain Statement of Findings is also included. Copies: For c",2026-07-22T17:34:50.050859+00:00,
bdc9fd5e6406ae33405b3dcfdc557691,condition,would require an eis,Mitigation Action Plan,"ty of the human environment, within the meaning of the National Environmental Policy Act (NEPA) of 1969. Therefore, the preparation of an Environmental Impact Statement (EIS) is not required and BPA is issuing this FONSI. A Floodplain Statement of Findings is also included. Copies: For c",2026-07-22T17:34:50.050859+00:00,
bdc9fd5e6406ae33405b3dcfdc557691,condition,would require an eis,Marion County Comprehensive Plans and Ordinances,"ty of the human environment, within the meaning of the National Environmental Policy Act (NEPA) of 1969. Therefore, the preparation of an Environmental Impact Statement (EIS) is not required and BPA is issuing this FONSI. A Floodplain Statement of Findings is also included. Copies: For c",2026-07-22T17:34:50.050859+00:00,
bdc9fd5e6406ae33405b3dcfdc557691,condition,would require an eis,Mitigation Action Plan,"ty of the human environment, within the meaning of the National Environmental Policy Act (NEPA) of 1969. Therefore, the preparation of an Environmental Impact Statement (EIS) is not required and BPA is issuing this FONSI. A Floodplain Statement of Findings is also included. Copies: For c",2026-07-22T17:34:50.050859+00:00,
bdc9fd5e6406ae33405b3dcfdc557691,condition,would require an eis,Marion County Comprehensive Plans and Ordinances,"ty of the human environment, within the meaning of the National Environmental Policy Act (NEPA) of 1969. Therefore, the preparation of an Environmental Impact Statement (EIS) is not required and BPA is issuing this FONSI. A Floodplain Statement of Findings is also included. Copies: For c",2026-07-22T17:34:50.050859+00:00,
bdfcee7fe2256bc4e55a468570f22c33,finding,would require an eis,FINDING OF NO SIGNIFICANT IMPACT,"M has determined the selected action will not have significant adverse effects on the human environment. Therefore, the preparation of an Environmental Impact Statement is not required as per Section 102(2) of NEPA. A detailed analysis of the potential impacts can be found in Chapter 4 o",2026-07-22T17:34:50.050859+00:00,
be1cf87f42cd80d7aa3b2587d99873c7,finding,would require an eis,Finding of No Significant Impact,"ty of the environment within the mandate of h’EPA. Therefore, implementation of the planned action does not require the preparation of an environmental impact statement. Signed in Grand Junction, Colorado, this !j L<L-~./, day of _,’*L /” -‘ ,2003. / ,‘. ,/ *JI + 377_..<._.-,., ._ ^--I [",2026-07-22T17:34:50.050859+00:00,
be220ffe621f1803b3224fbafe5e9cf8,finding,would require an eis,Finding of No Significant Impact,"ty of the human environment, within the meaning of the National Environmental Policy Act (NEPA) of 1969. Therefore, the preparation of an environmental impact statement (EIS) is not required and BPA is issuing this Finding of No Significant Impact (FONSI) for the Proposed Action. The Pro",2026-07-22T17:34:50.050859+00:00,
be968878a52ba88ffa3b34a9e8510b6b,resource,would be significant if,Noise,er) in ambient noise levels at nearby noise-sensitive land uses. Traffic Noise Impacts. Long-term traffic noise impacts would be significant if projectgenerated traffic would increase the average daily noise levels at a noise-sensitive land use by more than 5 dBA,2026-07-22T17:34:50.050859+00:00,
be968878a52ba88ffa3b34a9e8510b6b,resource,would be significant if,Significance Criteria,er) in ambient noise levels at nearby noise-sensitive land uses. Traffic Noise Impacts. Long-term traffic noise impacts would be significant if projectgenerated traffic would increase the average daily noise levels at a noise-sensitive land use by more than 5 dBA,2026-07-22T17:34:50.050859+00:00,
bee978d36d812ea9193a6a43fded01f0,finding,would require an eis,Finding of No Significant Impact,"is to determine if a proposed action will have a significant impact on the human environment and therefore require the preparation of an Environmental Impact Statement (EIS). As defined in 40 CFR 1508.13, a Finding of No Significant Impact (FONSI) is a document that briefly presents the",2026-07-22T17:34:50.050859+00:00,
bf8be6535b5f06257be4e9fb49d21a78,finding,would require an eis,Finding of No Significant Impact,"uality of the human environment, within the meaning of the National Environmental Policy Act (NEPA) of 1969. Therefore, preparation of an environmental impact statement (EIS) is not required for Alternative 3C and BPA is issuing this Finding of No Significant Impact (FONSI) for this alte",2026-07-22T17:34:50.050859+00:00,
c193ddb1c5d3ea3125d33804eda6bf19,finding,would require an eis,FINDING OF NO SIGNIFICANT IMPACT,"mine whether or not a proposed action will have a significant impact on the human environment and therefore require the preparation of an Environmental Impact Statement (EIS). As defined in 40 CFR 1508.13, a Finding of No Significant Impact (FONSI) is a document that briefly presents the",2026-07-22T17:34:50.050859+00:00,
c198b6a2a8da6aa64adcf5cef5e6d4c0,finding,would require an eis,Finding of No Significant Impact,ecommendation: It is recommended that the ROW Grant be approved as described in the applicant's Plan of Operations. The preparation of an Environmental Impact Statement is not recommended. The ROW will be approved under the authority of 43 Code of Federal Regulations Part 2800 (43 CFR 28,2026-07-22T17:34:50.050859+00:00,
c1dc296db9d2161e945fef1f292c6099,resource,would require an eis,AFFECTED ENVIRONMENT,provides guidance for contracting NEPA documentation at 40 CFR 1506.5(b) and (c). “Third party contract” refers to the preparation of an Environmental Impact Statement or EA by contractors paid by the applicant. Because the proposed SRP changes were proposed by a non-federal party (i.e.,2026-07-22T17:34:50.050859+00:00,
c239807c9071b1947d9a4da5afd9363d,resource,would be significant if,Geology and Paleontology,neficial impacts. 3.3.2.1 Issues and Significance Criteria Geological Environment Impacts to the geological environment would be significant if:  construction modifies terrain to increase water erosion and runoff leading to increased water erosion that causes un,2026-07-22T17:34:50.050859+00:00,
c239807c9071b1947d9a4da5afd9363d,resource,would be significant if,Environmental Impacts and Mitigation Measures,neficial impacts. 3.3.2.1 Issues and Significance Criteria Geological Environment Impacts to the geological environment would be significant if:  construction modifies terrain to increase water erosion and runoff leading to increased water erosion that causes un,2026-07-22T17:34:50.050859+00:00,
c239807c9071b1947d9a4da5afd9363d,condition,would be significant if,Environmental Impacts and Mitigation Measures,neficial impacts. 3.3.2.1 Issues and Significance Criteria Geological Environment Impacts to the geological environment would be significant if:  construction modifies terrain to increase water erosion and runoff leading to increased water erosion that causes un,2026-07-22T17:34:50.050859+00:00,
c239807c9071b1947d9a4da5afd9363d,condition,would be significant if,Issues and Significance Criteria,Geological Environment Impacts to the geological environment would be significant if:  construction modifies terrain to increase water erosion and runoff leading to increased water erosion that causes un,2026-07-22T17:34:50.050859+00:00,
c239807c9071b1947d9a4da5afd9363d,resource,would be significant if,Water Resources and Floodplains,nmental Impacts and Mitigation Measures 3.4.2.1 Issues and Significance Criteria Surface Water Impacts to surface water would be significant if:  water quality and instream flows are modified by construction or accidental contamination so water users are measura,2026-07-22T17:34:50.050859+00:00,
c239807c9071b1947d9a4da5afd9363d,resource,would be significant if,Environmental Impacts and Mitigation Measures,3.4.2.1 Issues and Significance Criteria Surface Water Impacts to surface water would be significant if:  water quality and instream flows are modified by construction or accidental contamination so water users are measura,2026-07-22T17:34:50.050859+00:00,
c239807c9071b1947d9a4da5afd9363d,condition,would be significant if,Environmental Impacts and Mitigation Measures,3.4.2.1 Issues and Significance Criteria Surface Water Impacts to surface water would be significant if:  water quality and instream flows are modified by construction or accidental contamination so water users are measura,2026-07-22T17:34:50.050859+00:00,
c239807c9071b1947d9a4da5afd9363d,condition,would be significant if,Issues and Significance Criteria,Surface Water Impacts to surface water would be significant if:  water quality and instream flows are modified by construction or accidental contamination so water users are measura,2026-07-22T17:34:50.050859+00:00,
c239807c9071b1947d9a4da5afd9363d,resource,would be significant if,Environmental Impacts and Mitigation Measures,3.5.2.1 Issues and Significance Criteria Impacts to wetlands would be significant if:  there is an indirect loss of wetlands or riparian areas (greater than 0.10 acre) caused by degradation of water qual,2026-07-22T17:34:50.050859+00:00,
c239807c9071b1947d9a4da5afd9363d,condition,would be significant if,Environmental Impacts and Mitigation Measures,3.5.2.1 Issues and Significance Criteria Impacts to wetlands would be significant if:  there is an indirect loss of wetlands or riparian areas (greater than 0.10 acre) caused by degradation of water qual,2026-07-22T17:34:50.050859+00:00,
c239807c9071b1947d9a4da5afd9363d,condition,would be significant if,Issues and Significance Criteria,Impacts to wetlands would be significant if:  there is an indirect loss of wetlands or riparian areas (greater than 0.10 acre) caused by degradation of water qual,2026-07-22T17:34:50.050859+00:00,
c239807c9071b1947d9a4da5afd9363d,resource,would be significant if,Cultural Resources,"and Significance Criteria Impacts to cultural resources that are caused, directly or indirectly, by project activities would be significant if:  an historic property is disturbed during construction or operation of the wind project. As discussed above, historic",2026-07-22T17:34:50.050859+00:00,
c239807c9071b1947d9a4da5afd9363d,resource,would be significant if,Environmental Impacts and Mitigation Measures,"and Significance Criteria Impacts to cultural resources that are caused, directly or indirectly, by project activities would be significant if:  an historic property is disturbed during construction or operation of the wind project. As discussed above, historic",2026-07-22T17:34:50.050859+00:00,
c239807c9071b1947d9a4da5afd9363d,condition,would be significant if,Environmental Impacts and Mitigation Measures,"and Significance Criteria Impacts to cultural resources that are caused, directly or indirectly, by project activities would be significant if:  an historic property is disturbed during construction or operation of the wind project. As discussed above, historic",2026-07-22T17:34:50.050859+00:00,
c239807c9071b1947d9a4da5afd9363d,condition,would be significant if,Issues and Significance Criteria,"Impacts to cultural resources that are caused, directly or indirectly, by project activities would be significant if:  an historic property is disturbed during construction or operation of the wind project. As discussed above, historic",2026-07-22T17:34:50.050859+00:00,
c239807c9071b1947d9a4da5afd9363d,resource,would be significant if,Land Use,11). 3.11.2 Environmental Impacts and Mitigation Measures 3.11.2.1 Issues and Significance Criteria Impacts to land use would be significant if the Proposed Project or alternatives:  resulted in the termination or modification of land uses;  was not compatible,2026-07-22T17:34:50.050859+00:00,
c239807c9071b1947d9a4da5afd9363d,resource,would be significant if,Environmental Impacts and Mitigation Measures,3.11.2.1 Issues and Significance Criteria Impacts to land use would be significant if the Proposed Project or alternatives:  resulted in the termination or modification of land uses;  was not compatible,2026-07-22T17:34:50.050859+00:00,
c239807c9071b1947d9a4da5afd9363d,condition,would be significant if,Environmental Impacts and Mitigation Measures,3.11.2.1 Issues and Significance Criteria Impacts to land use would be significant if the Proposed Project or alternatives:  resulted in the termination or modification of land uses;  was not compatible,2026-07-22T17:34:50.050859+00:00,
c239807c9071b1947d9a4da5afd9363d,condition,would be significant if,Issues and Significance Criteria,Impacts to land use would be significant if the Proposed Project or alternatives:  resulted in the termination or modification of land uses;  was not compatible,2026-07-22T17:34:50.050859+00:00,
c239807c9071b1947d9a4da5afd9363d,resource,would be significant if,Noise,"Environmental Impacts and Mitigation Measures 3.12.2.1 Issues and Significance Criteria Impacts to environmental noise would be significant if:  operation of the Proposed Project resulted in regular annoyance to residents within 1,000 feet of a wind turbine. 3.",2026-07-22T17:34:50.050859+00:00,
c239807c9071b1947d9a4da5afd9363d,resource,would be significant if,Environmental Impacts and Mitigation Measures,"3.12.2.1 Issues and Significance Criteria Impacts to environmental noise would be significant if:  operation of the Proposed Project resulted in regular annoyance to residents within 1,000 feet of a wind turbine. 3.",2026-07-22T17:34:50.050859+00:00,
c239807c9071b1947d9a4da5afd9363d,condition,would be significant if,Environmental Impacts and Mitigation Measures,"3.12.2.1 Issues and Significance Criteria Impacts to environmental noise would be significant if:  operation of the Proposed Project resulted in regular annoyance to residents within 1,000 feet of a wind turbine. 3.",2026-07-22T17:34:50.050859+00:00,
c239807c9071b1947d9a4da5afd9363d,condition,would be significant if,Issues and Significance Criteria,"Impacts to environmental noise would be significant if:  operation of the Proposed Project resulted in regular annoyance to residents within 1,000 feet of a wind turbine.",2026-07-22T17:34:50.050859+00:00,
c239807c9071b1947d9a4da5afd9363d,resource,would be significant if,Visual Resources,"10.0.1 by Adobe Systems, Inc., and Google Earth Version 6.0.3. 3.13.2.1 Issues and Significance Criteria Visual impacts would be significant if:  views to the project area resulted in strong visual contrasts in highly sensitive or visually unique areas in proxim",2026-07-22T17:34:50.050859+00:00,
c239807c9071b1947d9a4da5afd9363d,resource,would be significant if,Environmental Impacts and Mitigation Measures,"10.0.1 by Adobe Systems, Inc., and Google Earth Version 6.0.3. 3.13.2.1 Issues and Significance Criteria Visual impacts would be significant if:  views to the project area resulted in strong visual contrasts in highly sensitive or visually unique areas in proxim",2026-07-22T17:34:50.050859+00:00,
c239807c9071b1947d9a4da5afd9363d,condition,would be significant if,Environmental Impacts and Mitigation Measures,"10.0.1 by Adobe Systems, Inc., and Google Earth Version 6.0.3. 3.13.2.1 Issues and Significance Criteria Visual impacts would be significant if:  views to the project area resulted in strong visual contrasts in highly sensitive or visually unique areas in proxim",2026-07-22T17:34:50.050859+00:00,
c239807c9071b1947d9a4da5afd9363d,condition,would be significant if,Issues and Significance Criteria,Visual impacts would be significant if:  views to the project area resulted in strong visual contrasts in highly sensitive or visually unique areas in proxim,2026-07-22T17:34:50.050859+00:00,
c239807c9071b1947d9a4da5afd9363d,resource,would be significant if,Recreation,.14.2 Environmental Impacts and Mitigation Measures 3.14.2.1 Issues and Significance Criteria Impacts to socioeconomics would be significant if:  minority or low-income populations are disproportionately affected by the wind project; or  project related populat,2026-07-22T17:34:50.050859+00:00,
c239807c9071b1947d9a4da5afd9363d,condition,would be significant if,Environmental Impacts and Mitigation Measures,3.14.2.1 Issues and Significance Criteria Impacts to socioeconomics would be significant if:  minority or low-income populations are disproportionately affected by the wind project; or  project related populat,2026-07-22T17:34:50.050859+00:00,
c239807c9071b1947d9a4da5afd9363d,condition,would be significant if,Issues and Significance Criteria,Impacts to socioeconomics would be significant if:  minority or low-income populations are disproportionately affected by the wind project; or  project related populat,2026-07-22T17:34:50.050859+00:00,
c239807c9071b1947d9a4da5afd9363d,condition,would be significant if,Environmental Impacts and Mitigation Measures,3.15.2.1 Issues and Significance Criteria Impacts to transportation would be significant if:  construction or operation and maintenance caused access impedance to cultivated farmland;  emergency access to any,2026-07-22T17:34:50.050859+00:00,
c239807c9071b1947d9a4da5afd9363d,condition,would be significant if,Issues and Significance Criteria,Impacts to transportation would be significant if:  construction or operation and maintenance caused access impedance to cultivated farmland;  emergency access to any,2026-07-22T17:34:50.050859+00:00,
c239807c9071b1947d9a4da5afd9363d,resource,would be significant if,Geology and Paleontology,neficial impacts. 3.3.2.1 Issues and Significance Criteria Geologic al Envir onm e nt s to the geol ogical environme nt would be significant if: construction modifies terrain to increase water erosion and runoff leading to increased water erosi on that cause s un,2026-07-22T17:34:50.050859+00:00,
c239807c9071b1947d9a4da5afd9363d,resource,would be significant if,Environmental Impacts and Mitigation M,neficial impacts. 3.3.2.1 Issues and Significance Criteria Geologic al Envir onm e nt s to the geol ogical environme nt would be significant if: construction modifies terrain to increase water erosion and runoff leading to increased water erosi on that cause s un,2026-07-22T17:34:50.050859+00:00,
c239807c9071b1947d9a4da5afd9363d,condition,would be significant if,Environmental Impacts and Mitigation M,neficial impacts. 3.3.2.1 Issues and Significance Criteria Geologic al Envir onm e nt s to the geol ogical environme nt would be significant if: construction modifies terrain to increase water erosion and runoff leading to increased water erosi on that cause s un,2026-07-22T17:34:50.050859+00:00,
c239807c9071b1947d9a4da5afd9363d,condition,would be significant if,Issues and Significance Criteria,Geologic al Envir onm e nt s to the geol ogical environme nt would be significant if: construction modifies terrain to increase water erosion and runoff leading to increased water erosi on that cause s un,2026-07-22T17:34:50.050859+00:00,
c239807c9071b1947d9a4da5afd9363d,resource,would be significant if,Environmental Impacts and Mitigation M,easures 3.4.2.1 Issues and Significance Criteria Sur face Wate r s to surface water would be significant if: water quality and instream flows are modified by construction or accidental contamination so water users are measura b,2026-07-22T17:34:50.050859+00:00,
c239807c9071b1947d9a4da5afd9363d,condition,would be significant if,Environmental Impacts and Mitigation M,easures 3.4.2.1 Issues and Significance Criteria Sur face Wate r s to surface water would be significant if: water quality and instream flows are modified by construction or accidental contamination so water users are measura b,2026-07-22T17:34:50.050859+00:00,
c239807c9071b1947d9a4da5afd9363d,condition,would be significant if,Issues and Significance Criteria,Sur face Wate r s to surface water would be significant if: water quality and instream flows are modified by construction or accidental contamination so water users are measura b,2026-07-22T17:34:50.050859+00:00,
c239807c9071b1947d9a4da5afd9363d,resource,would be significant if,Environmental Impacts and Mitigation M,easures 3.5.2.1 Issues and Significance Criteria s to wetland s would be significant if: there is an indirect loss of wetlands or riparian areas (greater than 0.10 acre) caused by degradation of water qualit,2026-07-22T17:34:50.050859+00:00,
c239807c9071b1947d9a4da5afd9363d,condition,would be significant if,Environmental Impacts and Mitigation M,easures 3.5.2.1 Issues and Significance Criteria s to wetland s would be significant if: there is an indirect loss of wetlands or riparian areas (greater than 0.10 acre) caused by degradation of water qualit,2026-07-22T17:34:50.050859+00:00,
c239807c9071b1947d9a4da5afd9363d,condition,would be significant if,Issues and Significance Criteria,s to wetland s would be significant if: there is an indirect loss of wetlands or riparian areas (greater than 0.10 acre) caused by degradation of water qualit,2026-07-22T17:34:50.050859+00:00,
c239807c9071b1947d9a4da5afd9363d,resource,would be significant if,Cultural Resources,"sues and Significance Criteria s to cultural resource s that are caused , directly or indirectly, by project activities would be significant if: an historic property is disturbed during construction or operation of the wind proje ct . As discussed above, historic",2026-07-22T17:34:50.050859+00:00,
c239807c9071b1947d9a4da5afd9363d,resource,would be significant if,Environmental Impacts and Mitigation M,"sues and Significance Criteria s to cultural resource s that are caused , directly or indirectly, by project activities would be significant if: an historic property is disturbed during construction or operation of the wind proje ct . As discussed above, historic",2026-07-22T17:34:50.050859+00:00,
c239807c9071b1947d9a4da5afd9363d,condition,would be significant if,Environmental Impacts and Mitigation M,"sues and Significance Criteria s to cultural resource s that are caused , directly or indirectly, by project activities would be significant if: an historic property is disturbed during construction or operation of the wind proje ct . As discussed above, historic",2026-07-22T17:34:50.050859+00:00,
c239807c9071b1947d9a4da5afd9363d,condition,would be significant if,Issues and Significance Criteria,"s to cultural resource s that are caused , directly or indirectly, by project activities would be significant if: an historic property is disturbed during construction or operation of the wind proje ct . As discussed above, historic",2026-07-22T17:34:50.050859+00:00,
c239807c9071b1947d9a4da5afd9363d,resource,would be significant if,Land Use,gs 2011). 3.11.2 Environmental Impacts and Mitigation M easures 3.11.2.1 Issues and Significance Criteria s to land use would be significant if the P roject or alternative s: resulted in the termination or modification of la nd use s; was not compatible with land,2026-07-22T17:34:50.050859+00:00,
c239807c9071b1947d9a4da5afd9363d,resource,would be significant if,Environmental Impacts and Mitigation M,easures 3.11.2.1 Issues and Significance Criteria s to land use would be significant if the P roject or alternative s: resulted in the termination or modification of la nd use s; was not compatible with land,2026-07-22T17:34:50.050859+00:00,
c239807c9071b1947d9a4da5afd9363d,condition,would be significant if,Environmental Impacts and Mitigation M,easures 3.11.2.1 Issues and Significance Criteria s to land use would be significant if the P roject or alternative s: resulted in the termination or modification of la nd use s; was not compatible with land,2026-07-22T17:34:50.050859+00:00,
c239807c9071b1947d9a4da5afd9363d,condition,would be significant if,Issues and Significance Criteria,s to land use would be significant if the P roject or alternative s: resulted in the termination or modification of la nd use s; was not compatible with land,2026-07-22T17:34:50.050859+00:00,
c239807c9071b1947d9a4da5afd9363d,resource,would be significant if,Noise,".12.2 Environmental Impacts and Mitigation M easures 3.12.2.1 Issues and Significance Criteria s to environmental noise would be significant if: operation of the P roject resulted in regular annoyance to residents within 1,000 feet of a wind turbi ne. 3.12.2.2 Im",2026-07-22T17:34:50.050859+00:00,
c239807c9071b1947d9a4da5afd9363d,resource,would be significant if,Environmental Impacts and Mitigation M,"easures 3.12.2.1 Issues and Significance Criteria s to environmental noise would be significant if: operation of the P roject resulted in regular annoyance to residents within 1,000 feet of a wind turbi ne. 3.12.2.2 Im",2026-07-22T17:34:50.050859+00:00,
c239807c9071b1947d9a4da5afd9363d,condition,would be significant if,Environmental Impacts and Mitigation M,"easures 3.12.2.1 Issues and Significance Criteria s to environmental noise would be significant if: operation of the P roject resulted in regular annoyance to residents within 1,000 feet of a wind turbi ne. 3.12.2.2 Im",2026-07-22T17:34:50.050859+00:00,
c239807c9071b1947d9a4da5afd9363d,condition,would be significant if,Issues and Significance Criteria,"s to environmental noise would be significant if: operation of the P roject resulted in regular annoyance to residents within 1,000 feet of a wind turbi ne.",2026-07-22T17:34:50.050859+00:00,
c239807c9071b1947d9a4da5afd9363d,resource,would be significant if,Visual Resources,"10.0.1 by Adobe Systems, Inc., and Google Earth Version 6.0.3. 3.13.2.1 Issues and Significance Criteria Visual impacts would be significant if: views to the project area resulted in strong visual contrast s in highly se nsitive or visually uni que areas in proxi",2026-07-22T17:34:50.050859+00:00,
c239807c9071b1947d9a4da5afd9363d,resource,would be significant if,Environmental Impacts and Mitigation M,"10.0.1 by Adobe Systems, Inc., and Google Earth Version 6.0.3. 3.13.2.1 Issues and Significance Criteria Visual impacts would be significant if: views to the project area resulted in strong visual contrast s in highly se nsitive or visually uni que areas in proxi",2026-07-22T17:34:50.050859+00:00,
c239807c9071b1947d9a4da5afd9363d,condition,would be significant if,Environmental Impacts and Mitigation M,"10.0.1 by Adobe Systems, Inc., and Google Earth Version 6.0.3. 3.13.2.1 Issues and Significance Criteria Visual impacts would be significant if: views to the project area resulted in strong visual contrast s in highly se nsitive or visually uni que areas in proxi",2026-07-22T17:34:50.050859+00:00,
c239807c9071b1947d9a4da5afd9363d,condition,would be significant if,Issues and Significance Criteria,Visual impacts would be significant if: views to the project area resulted in strong visual contrast s in highly se nsitive or visually uni que areas in proxi,2026-07-22T17:34:50.050859+00:00,
c239807c9071b1947d9a4da5afd9363d,condition,would be significant if,Environmental Impacts and Mitigation M,easures 3.14.2.1 Issues and Significance Criteria s to socioeconomics would be significant if: minority or l ow-income populations are disproportionately affected by the w ind project; or project related populatio,2026-07-22T17:34:50.050859+00:00,
c239807c9071b1947d9a4da5afd9363d,condition,would be significant if,Issues and Significance Criteria,s to socioeconomics would be significant if: minority or l ow-income populations are disproportionately affected by the w ind project; or project related populatio,2026-07-22T17:34:50.050859+00:00,
c239807c9071b1947d9a4da5afd9363d,condition,would be significant if,Environmental Impacts and Mitigation M,easures 3.15.2.1 Issues and Significance Criteria s to transportation would be significant if: construction or operation and maintena nce caused access impedance to cultivated farmla nd; emerge ncy access to a ny,2026-07-22T17:34:50.050859+00:00,
c239807c9071b1947d9a4da5afd9363d,condition,would be significant if,Issues and Significance Criteria,s to transportation would be significant if: construction or operation and maintena nce caused access impedance to cultivated farmla nd; emerge ncy access to a ny,2026-07-22T17:34:50.050859+00:00,
c2ec7e30051998e27a6aee8909f71abc,finding,would require an eis,FINDING OF NO SIGNIFICANT IMPACT,"mine whether or not a proposed action will have a significant impact on the human environment and therefore require the preparation of an Environmental Impact Statement (EIS). As defined in 40 CFR 1508.13, a Finding of No Significant Impact (FONSI) is a document that briefly presents the",2026-07-22T17:34:50.050859+00:00,
c5361a8828f569ecc5a39bdf1f4afe3f,finding,would require an eis,FINDING OF NO SIGNIFICANT IMPACT,"ity of the human environment within the meaning of the National Environmental Policy Act (NEPA) of 1969. Therefore, the preparation of an Environmental Impact Statement (EIS) is not necessary, and DOE is issuing this Finding of No Significant Impact (FONSI). PUBLIC AVAILABILITY: The EA a",2026-07-22T17:34:50.050859+00:00,
c54414e5a4d0bc38ea042268c7eeac4b,finding,would require an eis,Finding of No Significant Impact,"ning of the National Environmental Policy Act (NEPA) of 1969 (42 United States Code [USC] 4321 et seq.). Therefore, the preparation of an Environmental Impact Statement (EIS) is not required and Bonneville is issuing this Finding of No Significant Impact (FONSI) for the Proposed Action.",2026-07-22T17:34:50.050859+00:00,
c56ea04390a8ff1351b55ec4e0111e6b,finding,would require an eis,Management Common to Alternatives A and B; and Appendix D –,"As described above, the selected alternative does not constitute an action meeting the criteria that normally requires preparation of an environmental impact statement (EIS). The selected alternative will not have a significant effect on the human environment in accordance with Section",2026-07-22T17:34:50.050859+00:00,
c56ea04390a8ff1351b55ec4e0111e6b,finding,extraordinary circumstance,"Relationship to Statutes,","the BLM Manual on Wilderness: 3. NEPA Compliance In conformance with BLM Handbook H-1790-1, Appendix 5, if any of the ""extraordinary circumstances"" are applicable to the action being considered, either an EA or an EIS must be prepared for the action. Among these An",2026-07-22T17:34:50.050859+00:00,
c56ea04390a8ff1351b55ec4e0111e6b,finding,would require an eis,FINDING OF NO SIGNIFICANT IMPACT,"not exceed those impacts described in the Grand Canyon- Parashant National Monument RMP (EA BLM 2008a). Therefore, the preparation of an Environmental Impact Statement is not required as per Section 102 (2) of NEPA. This finding and conclusion is based on the consideration of the Counci",2026-07-22T17:34:50.050859+00:00,
c597bb3fe7e288a04565929da3344851,finding,would require an eis,FINDING OF NO SIGNIFICANT IMPACT,"major Federal action significantly affecting the quality of the human environment within the meaning of NEPA. Thus, the preparation of an environmental impact statement is not required, and WAPA issues this FONSI. The Final EA is approved concurrent with this FONSI. Issued at Loveland, C",2026-07-22T17:34:50.050859+00:00,
c60c47560a5f0fa5ed468a933349de4a,finding,would require an eis,Finding of No Significant Impact,"nificantly affect the environment within the mandate of NEPA. Therefore, implementation of the proposed action does not require an Environmental Impact Statement. For further information concerning this proposal, or to obtain copies of the Environmental Assessment, please contact:",2026-07-22T17:34:50.050859+00:00,
c67af94408c212f390f8442aea22783a,finding,would require an eis,Finding of No Significant Impact,8.27. This EA would assist the Authorized Officer (AO) to issue a Finding of No Significant Impact (FONSI) or begin the preparation of an environmental impact statement (EIS). A FONSI is a document that briefly presents the reasons why implementation of the Proposed Action would not resu,2026-07-22T17:34:50.050859+00:00,
c69657662e07d54b4520fea4cbc163e3,resource,extraordinary circumstance,Air Quality,"PA-BIO-10, which establishes standard practices for weed management; therefore, there will be no substantial impacts or extraordinary circumstances with respect to the management of invasive species/noxious weeds. No further analysis is warranted in this EA. Lands/Ac",2026-07-22T17:34:50.050859+00:00,
c73b124a0a1e57d145349f5c6fb2ebc6,resource,would be significant if,SOCIOECONOMICS,nd resource evaluated. Table 4-1: Impact Significance Thresholds Resource Area Impact Significance Thresholds An impact would be significant if it EXCEEDS the following conditions,2026-07-22T17:34:50.050859+00:00,
c73b124a0a1e57d145349f5c6fb2ebc6,resource,would require an eis,SOCIOECONOMICS,"This EA was prepared to determine whether the proposed project could cause significant impacts, which would require the preparation of an Environmental Impact Statement (40 CFR 1508.9), or, whether a Finding of No Significant Impact can be issued for the Proposed Action. Table 4.1 provid",2026-07-22T17:34:50.050859+00:00,
c73b124a0a1e57d145349f5c6fb2ebc6,finding,would be significant if,ENVIRONMENTAL CONSEQUENCES,nd resource evaluated. Table 4-1: Impact Significance Thresholds Resource Area Impact Significance Thresholds An impact would be significant if it EXCEEDS the following conditions,2026-07-22T17:34:50.050859+00:00,
c73b124a0a1e57d145349f5c6fb2ebc6,finding,would require an eis,ENVIRONMENTAL CONSEQUENCES,"This EA was prepared to determine whether the proposed project could cause significant impacts, which would require the preparation of an Environmental Impact Statement (40 CFR 1508.9), or, whether a Finding of No Significant Impact can be issued for the Proposed Action. Table 4.1 provid",2026-07-22T17:34:50.050859+00:00,
c73b124a0a1e57d145349f5c6fb2ebc6,resource,would be significant if,Vegetation,effective in previous applications. Environment al Consequences Resource Area Impact Significance Thresholds An impact would be significant if it EXCEEDS the following conditions,2026-07-22T17:34:50.050859+00:00,
c7aa775d0b0c4dd3bb774ac3c61aeacf,finding,would require an eis,Finding of No Significant Impact,"Appendix A. DOE has determined that the proposed project would not result in any significant environmental impacts, and preparation of an Environmental Impact Statement (EIS) is not required. The basis for this determination is described in this FONSI. Copies of the EA and this FONSI are",2026-07-22T17:34:50.050859+00:00,
c7aa775d0b0c4dd3bb774ac3c61aeacf,finding,would require an eis,Finding of No Significant Impact,"Appendix A. DOE has determined that the proposed project would not result in any significant environmental impacts, and preparation of an Environmental Impact Statement (EIS) is not required. The basis for this determination is described in this FONSI. Copies of the EA and this FONSI are",2026-07-22T17:34:50.050859+00:00,
c7e64e639065056ae87945243b48420a,condition,not to exceed,Mitigation Measures,"rial on driving surfaces. 4. Construction hours to be monitored. Normal construction hours to be Monday through Friday, not to exceed 7:00am to 5:00pm. (Or daylight hours depending on county restrictions). 5. Berming will be utilized to guard against ex",2026-07-22T17:34:50.050859+00:00,
c7e64e639065056ae87945243b48420a,condition,not to exceed,Mitigation Measures,"rial on driving surfaces. 4. Construction hours to be monitored. Nonnal construction hours to be Monday through Friday, not to exceed 7:00am to 5:00pm. (Or daylight hours depending on county restrictions). 5. Benning will be utilized to guard against ex",2026-07-22T17:34:50.050859+00:00,
c8c335cce532ee0e671e5eef61aa92af,resource,no new access road,Recreation,"would be same as it currently exists for these projects. While juniper thinning activities would occur near Highway 20, no new access roads are proposed for those activities which would create access for livestock to access Highway 20. However, the access ro",2026-07-22T17:34:50.050859+00:00,
c8c335cce532ee0e671e5eef61aa92af,resource,no new access road,Recreation,"would be same as it currently exists for these projects. While juniper thinning activities would occur near Highway 20, no new access roads are proposed for those activities which would create access for livestock to access Highway 20. However, the access ro",2026-07-22T17:34:50.050859+00:00,
c8ef7f23d1dde9411d38fa045d364197,finding,would require an eis,FINDING OF NO SIGNIFICANT IMPACT,"tensity as defined in 40 CFR 1508.27 and do not exceed those effects described in applicable land use plans. Therefore, preparation of an environmental impact statement to further analyze possible impacts is not required pursuant to Section 102(2)(c) of the National Environmental Policy",2026-07-22T17:34:50.050859+00:00,
c8ef7f23d1dde9411d38fa045d364197,finding,would require an eis,FINDING OF NO SIGNIFICANT IMPACT,"ty as defined in 40 C.F.R. § 1508.27 and do not exceed those effects described in applicable land use plans. Therefore, preparation of an environmental impact statement (EIS) to further analyze possible impacts is not required pursuant to Section 102(2)(c) of the National Environmental P",2026-07-22T17:34:50.050859+00:00,
c8ef7f23d1dde9411d38fa045d364197,finding,would require an eis,FINDING OF NO SIGNIFICANT IMPACT,"ty as defined in 40 C.F.R. § 1508.27 and do not exceed those effects described in applicable land use plans. Therefore, preparation of an environmental impact statement (EIS) to further analyze possible impacts is not required pursuant to Section 102(2)(c) of the National Environmental P",2026-07-22T17:34:50.050859+00:00,
c8f12fa554749cfcf9786f4de27bf8ef,finding,no new access road,Environmental Consequences,"sting roads. In the specifications for construction of the new fences, pipeline, and cattleguard it says there would be no new access roads created along fence lines or to the job site. No cross-country travel would occur with motorized vehicles when the gro",2026-07-22T17:34:50.050859+00:00,
c8f12fa554749cfcf9786f4de27bf8ef,finding,no new access road,Impacts of Alternative A – Proposed Action - Combine Allotment and Create New,"sting roads. In the specifications for construction of the new fences, pipeline, and cattleguard it says there would be no new access roads created along fence lines or to the job site. No cross-country travel would occur with motorized vehicles when the gro",2026-07-22T17:34:50.050859+00:00,
c8f12fa554749cfcf9786f4de27bf8ef,resource,no new access road,"Management practices maintain or promote sufficient vegetation to maintain, improve or restore",prior to construction. Methods for Clearing Brush and Trees Along the Fence Line During Construction and Maintenance: • No new access roads shall be constructed along fence lines or to the jobsite. • No cross-country travel with motorized vehicles shall take,2026-07-22T17:34:50.050859+00:00,
c8f12fa554749cfcf9786f4de27bf8ef,finding,no new access road,Environmental Consequences,"sting roads. In the specifications for construction of the new fences, pipeline, and cattleguard it says there would be no new access roads created along fence lines or to the job site. No cross-country travel would occur with motorized vehicles when the gro",2026-07-22T17:34:50.050859+00:00,
c8f12fa554749cfcf9786f4de27bf8ef,finding,no new access road,Impacts of Alternative A – Proposed Action - Combine Allotment and Create New,"sting roads. In the specifications for construction of the new fences, pipeline, and cattleguard it says there would be no new access roads created along fence lines or to the job site. No cross-country travel would occur with motorized vehicles when the gro",2026-07-22T17:34:50.050859+00:00,
c8f12fa554749cfcf9786f4de27bf8ef,resource,no new access road,"Management practices maintain or promote sufficient vegetation to maintain, improve or restore",prior to construction. Methods for Clearing Brush and Trees Along the Fence Line During Construction and Maintenance: • No new access roads shall be constructed along fence lines or to the jobsite. • No cross-country travel with motorized vehicles shall take,2026-07-22T17:34:50.050859+00:00,
c8f12fa554749cfcf9786f4de27bf8ef,finding,no new access road,DECISION,wed for clearing brush and trees from along the fence line during construction and maintenance of the proposed fence. • No new access roads would be constructed along fence lines or to the jobsite. • No cross-country travel with motorized vehicles would take,2026-07-22T17:34:50.050859+00:00,
c91e33f4a42b554da7a8d34847c949f3,finding,would require an eis,Socioeconomics,"lity (CEQ) regulation Section 1508.14 states that “economic or social effects are not intended by themselves to require preparation of an environmental impact statement (EIS). When an EIS is prepared and economic or social and natural or physical environmental effects are interrelated, t",2026-07-22T17:34:50.050859+00:00,
c91e33f4a42b554da7a8d34847c949f3,resource,would require an eis,Socioeconomics,"lity (CEQ) regulation Section 1508.14 states that “economic or social effects are not intended by themselves to require preparation of an environmental impact statement (EIS). When an EIS is prepared and economic or social and natural or physical environmental effects are interrelated, t",2026-07-22T17:34:50.050859+00:00,
c91e33f4a42b554da7a8d34847c949f3,resource,would require an eis,Affected Environment,"lity (CEQ) regulation Section 1508.14 states that “economic or social effects are not intended by themselves to require preparation of an environmental impact statement (EIS). When an EIS is prepared and economic or social and natural or physical environmental effects are interrelated, t",2026-07-22T17:34:50.050859+00:00,
c91e33f4a42b554da7a8d34847c949f3,resource,would require an eis,Traffic and Transportation,"orkings. As will be seen below, the impacts of the proposed action are considerable, and under law should result in the preparation of an environmental impact statement. the human environment. For the Proposed Action, BLM and OSMRE have determined that the level of documentation provided",2026-07-22T17:34:50.050859+00:00,
c91e33f4a42b554da7a8d34847c949f3,finding,no new access road,FINDING OF NO SIGNIFICANT IMPACT,"tions would be completed by a truck-mounted rotary drill rig. Small cutting pits would be excavated at each drill site. No new access roads are proposed. In total, approximately 5.29 acres of surface disturbance would occur prior to the subsequent reclamatio",2026-07-22T17:34:50.050859+00:00,
c94cb43e37bdceb76fa1e9f9b2c4d763,finding,would require an eis,FINDING OF NO SIGNIFICANT IMPACT,"ty of the human environment, within the meaning of the National Environmental Policy Act of 1969 (NEPA). Therefore, the preparation of an Environmental Impact Statement (EIS) is not required. ADDRESSES AND FURTHER INFORMATION: A single copy of the EA and further information about the pro",2026-07-22T17:34:50.050859+00:00,
c9ba751e176e0e4a08e45f4a8f65848c,resource,not to exceed,"Energy Sources, Water Supply, and Sewer Service","om the Floridan Aquifer of up to 10 mgy for commercial and industrial process type use, with a maximum daily withdrawal not to exceed 0.143 million gallons per day ( mgd) from the Floridan Aquifer. Maximum annual permitted withdrawals from the surficial",2026-07-22T17:34:50.050859+00:00,
c9ba751e176e0e4a08e45f4a8f65848c,resource,not to exceed,Affected Environment,"om the Floridan Aquifer of up to 10 mgy for commercial and industrial process type use, with a maximum daily withdrawal not to exceed 0.143 million gallons per day ( mgd) from the Floridan Aquifer. Maximum annual permitted withdrawals from the surficial",2026-07-22T17:34:50.050859+00:00,
c9ba751e176e0e4a08e45f4a8f65848c,resource,not to exceed,Water Supply,"om the Floridan Aquifer of up to 10 mgy for commercial and industrial process type use, with a maximum daily withdrawal not to exceed 0.143 million gallons per day ( mgd) from the Floridan Aquifer. Maximum annual permitted withdrawals from the surficial",2026-07-22T17:34:50.050859+00:00,
c9e79523b4d7a20559b38ba712d8e26f,finding,would require an eis,Finding of No Significant Impact,"ion is not the type of action that normally requires preparation of an EIS and is not without precedent. Therefore, the preparation of an environmental impact statement (EIS) is not required and Bonneville is issuing this Finding of No Significant Impact (FONSI) for the Proposed Action.",2026-07-22T17:34:50.050859+00:00,
caa3f607609852e98485ad3938e7fe15,resource,would require an eis,Water,".), which requires federal agencies to assess the impacts that their actions may have on the environment. NEPA requires preparation of an environmental impact statement (EIS) for major federal actions significantly affecting the quality of the human environment. BPA prepared this Prelimi",2026-07-22T17:34:50.050859+00:00,
cab44175835650cecc6074758bc8659f,finding,would require an eis,Finding of No Significant Impact,"ning of the National Environmental Policy Act (NEPA) of 1969 (42 United States Code [USC] 4321 et seq.). Therefore, the preparation of an environmental impact statement (EIS) is not required and BPA is issuing this Finding of No Significant Impact (FONSI) for the Proposed Action. The Pro",2026-07-22T17:34:50.050859+00:00,
cbac34cc46b35d4f95f7ed91ce67b3e5,finding,would require an eis,Finding of No Significant Impact,"is to determine if a proposed action will have a significant impact on the human environment and therefore require the preparation of an Environmental Impact Statement (EIS). As defined in 40 CFR 1508.13, a Finding of No Significant Impact (FONSI) is a document that briefly presents the",2026-07-22T17:34:50.050859+00:00,
ccbb55dc40ab99d62c97a86e2a0b1361,resource,not to exceed,Wildlife,For the Pine Spring Ridge and Christy Canyon Allotments would target utilization levels on PSSPS of 40% and utilization not to exceed 45% on all other perennial grasses at the end of the grazing season allow for the continued status of meeting Standard,2026-07-22T17:34:50.050859+00:00,
ccbb55dc40ab99d62c97a86e2a0b1361,resource,not to exceed,Wildlife Issue Statements,"ment modifications. 3.2.2.3 Alternative C (Proposed Action) Under Alternative C There will be a 40% target utilization (not to exceed 45%) on deep-rooted perennial grasses, a 10% reduction when compared to the terms and conditions of Alternative B. Anot",2026-07-22T17:34:50.050859+00:00,
ccbb55dc40ab99d62c97a86e2a0b1361,resource,not to exceed,Direct and Indirect Effects,"ment modifications. 3.2.2.3 Alternative C (Proposed Action) Under Alternative C There will be a 40% target utilization (not to exceed 45%) on deep-rooted perennial grasses, a 10% reduction when compared to the terms and conditions of Alternative B. Anot",2026-07-22T17:34:50.050859+00:00,
ccbb55dc40ab99d62c97a86e2a0b1361,resource,not to exceed,Vegetation Issue Statements,For the Pine Spring Ridge and Christy Canyon Allotments would target utilization levels on PSSPS of 40% and utilization not to exceed 45% on all other perennial grasses at the end of the grazing season allow for the continued status of meeting Standard,2026-07-22T17:34:50.050859+00:00,
ccf596c08a843cc49f2f6894c1bd421c,finding,would require an eis,Decision to be made,"will determine whether the impacts of the Proposed Action described in this analysis are significant and would require preparation of an environmental impact statement (EIS). If the authorized officer determines that the impacts are not significant, this analysis will help to inform the",2026-07-22T17:34:50.050859+00:00,
cd47fc9e9c8aed69512e842ad85fae6d,resource,would require an eis,Wildlife,"for instream habitat enhancement) may significantly affect the quality of the human environment and thereby require the preparation of an Environmental Impact Statement (EIS). By preparing this EA, we are fulfilling agency policy and direction to comply with NEPA (42 U.S. Code [USC] 4321",2026-07-22T17:34:50.050859+00:00,
cd47fc9e9c8aed69512e842ad85fae6d,finding,would require an eis,Finding of No Significant Impact,"ning of the National Environmental Policy Act (NEPA) of 1969 (42 United States Code [USC] 4321 et seq.). Therefore, the preparation of an Environmental Impact Statement (EIS) is not required and BPA is issuing this Finding of No Significant Impact (FONSI) for the Proposed Action. Public",2026-07-22T17:34:50.050859+00:00,
cd47fc9e9c8aed69512e842ad85fae6d,resource,would require an eis,Wildlife,"for instream habitat enhancement) may significantly affect the quality of the human environment and thereby require the preparation of an Environmental Impact Statement (EIS). By preparing this EA, we are fulfilling agency policy and direction to comply with NEPA (42 U.S. Code [USC] 4321",2026-07-22T17:34:50.050859+00:00,
ce40b4826b2872b6883ce09ae26f562c,finding,would require an eis,Finding of No Significant Impact,"of the National Environmental Policy Act (NEPA) as amended (42 United States Code [USC] 4321 et seq.).1 Therefore, the preparation of an environmental impact statement (EIS) is not required, and BPA is issuing this Finding of No Significant Impact (FONSI) for the Proposed Action. The Pr",2026-07-22T17:34:50.050859+00:00,
ce838b0cf46f98e975025f09f2e68c1b,finding,would require an eis,FINDING OF NO SIGNIFICANT IMPACT,"Demolition and Clean Up project will not have a significant effect on the quality of the human environment. Therefore, preparation of an environmental impact statement is not required. As described and analyzed in the EA, no environmental effects meet the definition of significance as d",2026-07-22T17:34:50.050859+00:00,
cee39b71e693d4546c17c34193912abd,finding,would require an eis,FINDING OF NO SIGNIFICANT IMPACT,"for authority to export LNG in FE Docket No. 15-63-LNG will not have a significant effect on the human environment. The preparation of an environmental impact statement, therefore, is not required and DOE is issuing this Finding of No Significant Impact. Copies of the EA and FONSI will b",2026-07-22T17:34:50.050859+00:00,
cf7affde43f2af77291214fff77882db,finding,would require an eis,Finding of No Significant Impact,"lementation will not significantly affect the quality of the human environment. Accordingly, I have determined that the preparation of an Environmental Impact Statement is not necessary for this proposal. /s/ Kenneth J. Crane 12/13/2016 Kenneth J. Crane Date Field Manager",2026-07-22T17:34:50.050859+00:00,
d0017efdad59a2c44becbb0ada46bd7d,finding,would require an eis,FINDING OF NO SIGNIFICANT IMPACT,"tion of resource values due to the mitigation measures being carried forward from the EA into the ROW grant. Therefore, preparation of an environmental impact statement is not necessary. This finding is based on my consideration of the Council on Environmental Quality criteria for signif",2026-07-22T17:34:50.050859+00:00,
d092eed13487fa6e5f5bd1b395f5c525,finding,would require an eis,Environmental Consequences,"like EVs at the Pocotaligo Industrial Park in Sumter, SC, would not have a significant effect on the human environment. Preparation of an environmental impact statement is therefore not required, and DOE is issuing this Finding of No Significant Impact. This Finding of No Significant Imp",2026-07-22T17:34:50.050859+00:00,
d0b6dbad568eec74602558d7cf6d7c8b,finding,would require an eis,FINDING OF NO SIGNIFICANT IMPACT,"ed in the EA meet the definition of significant in context or intensity as described in 40 CFR §1508.27. Therefore, the preparation of an environmental impact statement is not required as per Section 102 (2) of NEPA. This finding and conclusion is based on the consideration of the Counci",2026-07-22T17:34:50.050859+00:00,
d0b6dbad568eec74602558d7cf6d7c8b,finding,would require an eis,FINDING OF NO SIGNIFICANT IMPACT,"ed in the EA meet the definition of significant in context or intensity as described in 40 CFR §1508.27. Therefore, the preparation of an environmental impact statement is not required as per Section 102 (2) of NEPA. This finding and conclusion is based on the consideration of the Counci",2026-07-22T17:34:50.050859+00:00,
d0b6dbad568eec74602558d7cf6d7c8b,finding,would require an eis,FINDING OF NO SIGNIFICANT IMPACT,"ed in the EA meet the definition of significant in context or intensity as described in 40 CFR §1508.27. Therefore, the preparation of an Environmental Impact Statement is not required as per Section 102 (2) of NEPA. This finding and conclusion is based on the consideration of the Counci",2026-07-22T17:34:50.050859+00:00,
d0b6dbad568eec74602558d7cf6d7c8b,finding,would require an eis,FINDING OF NO SIGNIFICANT IMPACT,"ed in the EA meet the definition of significant in context or intensity as described in 40 CFR §1508.27. Therefore, the preparation of an Environmental Impact Statement is not required as per Section 102 (2) of NEPA. This finding and conclusion is based on the consideration of the Counci",2026-07-22T17:34:50.050859+00:00,
d209965bb3a54dd7009fc9e057acf5e7,finding,would require an eis,Decision to Be Made,"r will determine whether the impacts of the Proposed Action described in the analysis are significant and would require preparation of an environmental impact statement (EIS). If the authorized officer determines that the impacts are not significant, this analysis will help inform the de",2026-07-22T17:34:50.050859+00:00,
d25f82d21e1326bcbd89a85d95d80e6a,finding,would require an eis,FINDING OF No SIGNIFICANT IMPACT,"of 1969, 42 United States Code 4321, et seq. Therefore, in accordance with lO CFR Part 1021.322, DOE has concluded that preparation of an Environmental Impact Statement is not required, and DOE is issuing this FONSI. COPIES OF THE EA ARE AVAILABLE FROM: Ms. Pierina Noceti National Energy",2026-07-22T17:34:50.050859+00:00,
d27822aed3a7cb74d351d8b61572c584,resource,not to exceed,Recreation,"14 93,013 (-14,701) 17,118 (-90,596) 64,180 (-43,534) 28,654 (-35,526) Number of days seasonally restricted Unknown but not to exceed 120 Miles of road and trail seasonally restricted Miles of road and trail not restricted Miles of trail rerouted Design",2026-07-22T17:34:50.050859+00:00,
d2d80102ae900062e99c69caf5a166e2,finding,would require an eis,Determination,"ures, 10 CFR part 1021, and the regulations promulgated by the CEQ for implementing NEPA, 40 CFR 1501.6. Therefore, the preparation of an environmental impact statement is not required. Based on the analysis in the Final EA, DOE intends to ship the contaminated process equipment to the W",2026-07-22T17:34:50.050859+00:00,
d2f015d28b6e514d0a174ddc33c768ed,finding,would require an eis,FINDING OF NO SIGNIFICANT IMPACT,"federal action significantly affecting the quality of the human environment within the meaning of the NEPA. Therefore, preparation of an environmental impact statement is not required. The DOE is approving this Environmental Assessment and issuing this Finding of No Significant Impact f",2026-07-22T17:34:50.050859+00:00,
d32a99c3611e4e005fec69f3c2eee3e4,resource,would require an eis,Air Quality,"SK Siltron CSS, LLC to improve the existing facility would not have a significant effect on the human environment. The preparation of an Environmental Impact Statement is therefore not required, and DOE is issuing this Finding of No Significant Impact. _________________________ ________",2026-07-22T17:34:50.050859+00:00,
d32a99c3611e4e005fec69f3c2eee3e4,finding,would require an eis,ENVIRONMENTAL CONSEQUENCES,"SK Siltron CSS, LLC to improve the existing facility would not have a significant effect on the human environment. The preparation of an Environmental Impact Statement is therefore not required, and DOE is issuing this Finding of No Significant Impact. _________________________ ________",2026-07-22T17:34:50.050859+00:00,
d32a99c3611e4e005fec69f3c2eee3e4,resource,would require an eis,ENVIRONMENTAL CONSEQUENCES,"SK Siltron CSS, LLC to improve the existing facility would not have a significant effect on the human environment. The preparation of an Environmental Impact Statement is therefore not required, and DOE is issuing this Finding of No Significant Impact. _________________________ ________",2026-07-22T17:34:50.050859+00:00,
d32a99c3611e4e005fec69f3c2eee3e4,resource,would require an eis,Air Quality,"ers for automotive applications in Bay City, Michigan would not have a significant effect on the human environment. The preparation of an Environmental Impact Statement is therefore not required, and DOE is issuing this Finding of No Significant Impact. __________________________________",2026-07-22T17:34:50.050859+00:00,
d32a99c3611e4e005fec69f3c2eee3e4,finding,would require an eis,ENVIRONMENTAL CONSEQUENCES,"ers for automotive applications in Bay City, Michigan would not have a significant effect on the human environment. The preparation of an Environmental Impact Statement is therefore not required, and DOE is issuing this Finding of No Significant Impact. __________________________________",2026-07-22T17:34:50.050859+00:00,
d32a99c3611e4e005fec69f3c2eee3e4,resource,would require an eis,ENVIRONMENTAL CONSEQUENCES,"ers for automotive applications in Bay City, Michigan would not have a significant effect on the human environment. The preparation of an Environmental Impact Statement is therefore not required, and DOE is issuing this Finding of No Significant Impact. __________________________________",2026-07-22T17:34:50.050859+00:00,
d36dbdd601751488629bd4ab4b47915f,resource,not to exceed,AFFECTED ENVIRONMENT AND ENVIRONMENTAL,"nces of the Proposed Action There are no direct effects from the proposed action. An indirect effect will be temporary, not to exceed five days, use of existing rights of way and county roads with trucks and equipment transiting into and out of the recl",2026-07-22T17:34:50.050859+00:00,
d36dbdd601751488629bd4ab4b47915f,finding,not to exceed,Environmental Consequences of No Action Alternative,"nces of the Proposed Action There are no direct effects from the proposed action. An indirect effect will be temporary, not to exceed five days, use of existing rights of way and county roads with trucks and equipment transiting into and out of the recl",2026-07-22T17:34:50.050859+00:00,
d36dbdd601751488629bd4ab4b47915f,resource,not to exceed,Environmental Consequences of No Action Alternative,"nces of the Proposed Action There are no direct effects from the proposed action. An indirect effect will be temporary, not to exceed five days, use of existing rights of way and county roads with trucks and equipment transiting into and out of the recl",2026-07-22T17:34:50.050859+00:00,
d36dbdd601751488629bd4ab4b47915f,finding,not to exceed,Affected Environment,"nces of the Proposed Action There are no direct effects from the proposed action. An indirect effect will be temporary, not to exceed five days, use of existing rights of way and county roads with trucks and equipment transiting into and out of the recl",2026-07-22T17:34:50.050859+00:00,
d36dbdd601751488629bd4ab4b47915f,resource,not to exceed,Affected Environment,"nces of the Proposed Action There are no direct effects from the proposed action. An indirect effect will be temporary, not to exceed five days, use of existing rights of way and county roads with trucks and equipment transiting into and out of the recl",2026-07-22T17:34:50.050859+00:00,
d43664e002e073be56d668ea2751ec59,finding,would require an eis,Finding of No Significant Impact,"ether the Proposed Action would result in significant impacts to the environment. Significant impacts would require the preparation of an Environmental Impact Statement (EIS). If the BLM Authorized Officer determines that no significant impacts would occur, a Finding ofNo Significant Imp",2026-07-22T17:34:50.050859+00:00,
d43664e002e073be56d668ea2751ec59,finding,would require an eis,Finding of No Significant Impact,"ether the Proposed Action would result in significant impacts to the environment. Significant impacts would require the preparation of an Environmental Impact Statement (EIS). If the BLM Authorized Officer determines that no significant impacts would occur, a Finding of No Significant Im",2026-07-22T17:34:50.050859+00:00,
d45d8849c98db1a773ca5edab4fcf5da,resource,would require an eis,Wildlife,"tity of the human environment, within the meaning of the National Environmentrd Policy Act @PA) of 1969. Therefore, the preparation of an environmental impact statement @IS) is not required and BPA is issuing this FONSI. FOR FURHR WOMTION AND COPES OF H E~ CONTACT: John Taves, Bonnetie P",2026-07-22T17:34:50.050859+00:00,
d4ab38084810f00e34f389aa3896fb6e,resource,would require an eis,Socioeconomics,"hich is not discussed within the EA. The complexity of examining this item seems to exceed the scope of an EA and would require an Environmental Impact Statement, or that the No-Action Alternative would have to be accepted. Page 7 of the EA states that ""the construction and operat",2026-07-22T17:34:50.050859+00:00,
d4ab38084810f00e34f389aa3896fb6e,resource,would require an eis,Socioeconomics,complexity of the public and occupational health and safety considerations seems to exceed the scope of an EA and would require an Environmental Impact Statement (EIS) or selection of the No-Action Alternative. DOE has determined that an EA is the appropriate level of NEPA review,2026-07-22T17:34:50.050859+00:00,
d4ab38084810f00e34f389aa3896fb6e,finding,would require an eis,FINDING OF NO SIGNIFICANT IMPACT,"8 MMscfd of CNG from its proposed CNG facility would not have a significant effect on the human environment. Therefore, preparation of an environmental impact statement is not required, and DOE is issuing this Finding of No Significant Impact. Copies of the Final EA and this FONSI are av",2026-07-22T17:34:50.050859+00:00,
d59d1fb379e2467e49969918e2467c8d,finding,not to exceed,Decision,"on. 5. Pending satisfactory post-use reporting and permit compliance, the BLM may reissue (renew) the permit for a term not to exceed 10 years. This decision is based on site-specific analysis in the Triumvirate LLC Commercial Heli-skiing Special Recrea",2026-07-22T17:34:50.050859+00:00,
d7bff39ed4d389feaf72eba5c45f17b6,finding,would require an eis,Finding of No Significant Impact,"cting the quality of the human environment, within the meaning of the National Environmental Policy Act. Therefore, the preparation of an Environmental Impact Statement is not required, and DOE is issuing this Finding of No Significant Impact. Issued in Golden, Colorado /i ?,day of /'fli",2026-07-22T17:34:50.050859+00:00,
d7bff39ed4d389feaf72eba5c45f17b6,finding,would require an eis,Finding of No Significant Impact,"cting the quality of the human environment, within the meaning of the National Environmental Policy Act. Therefore, the preparation of an Environmental Impact Statement is not required, and DOE is issuing this Finding of No Significant Impact. Issued in Golden, Colorado /i ?,day of /'fli",2026-07-22T17:34:50.050859+00:00,
d7c3aeeb288657ce7ec10f1d3ff72d4e,resource,not to exceed,Affected Environment,"ly disposed of to avoid attracting ravens to the project site; 7. Inspect under vehicles before moving, 8. Speed limits not to exceed 25 mph, Although DBS are generally in non-desert tortoise terrain (steep, rocky mountains), CDFW will brief the pilot a",2026-07-22T17:34:50.050859+00:00,
d7c3aeeb288657ce7ec10f1d3ff72d4e,resource,not to exceed,Cultural Resources,"ly disposed of to avoid attracting ravens to the project site; 7. Inspect under vehicles before moving, 8. Speed limits not to exceed 25 mph, Although DBS are generally in non-desert tortoise terrain (steep, rocky mountains), CDFW will brief the pilot a",2026-07-22T17:34:50.050859+00:00,
d8415d7e7b4998e111ac54093e2fd343,resource,not to exceed,Visual Resources,"rbonaceous mediums such as bio char. If nutrient-enhancing mediums are used, they would of “low grade” nutrient status, not to exceed 5-10-5 nitrogen/phosphorus/potassium content, respectively. The use of lower-nutrient concentration fertilizer decrease",2026-07-22T17:34:50.050859+00:00,
d8415d7e7b4998e111ac54093e2fd343,resource,not to exceed,Alternative B,"rbonaceous mediums such as bio char. If nutrient-enhancing mediums are used, they would of “low grade” nutrient status, not to exceed 5-10-5 nitrogen/phosphorus/potassium content, respectively. The use of lower-nutrient concentration fertilizer decrease",2026-07-22T17:34:50.050859+00:00,
d8415d7e7b4998e111ac54093e2fd343,finding,would require an eis,FINDING OF NO SIGNIFICANT IMPACT,"ied in the EA meet the definition of significant in context or intensity as described in 40 CFR 1508.27. Therefore, the preparation of an Environmental Impact Statement (EIS) is not required as per Section 102 (2) of the National Environmental Policy Act. This finding and conclusion is b",2026-07-22T17:34:50.050859+00:00,
d8542cf229b12d370c69e92a77414c54,resource,not to exceed,Recreation,"to vegetation, c) Overland travel on hardened or durable surfaces, d) Construction of temporary access roads or trails not to exceed maximum annual disturbance footprint. 4. Improving existing access roads or creating temporary access roads to facilita",2026-07-22T17:34:50.050859+00:00,
d866955b43ddb7d111d1b1a79955c55a,resource,not to exceed,Affected Environment,"ormally in foreground views, the individual boughs of trees form texture. The foreground is limited to areas within and not to exceed 0.5 mile of the observer, but it must be determined on a case-by-case basis, as any distance zoning should be. Generall",2026-07-22T17:34:50.050859+00:00,
d8e8684e0b79ab7393fb9ab6a3935183,finding,would require an eis,Finding of No Significant Impact,"ity of the human environment within the meaning of the National Environmental Policy Act of 1969 (NEPA). Therefore, the preparation of an environmental impact statement is not required. DESCRIPTION OF THE PROPOSED ACTION: The proposed action is the decontamination and demolition of Build",2026-07-22T17:34:50.050859+00:00,
d8e8684e0b79ab7393fb9ab6a3935183,finding,would require an eis,Finding of No Significant Impact,"ity of the human environment within the meaning of the National Environmental Policy Act of 1969 (NEPA). Therefore, the preparation of an environmental impact statement is not required. DESCRIPTION OF THE PROPOSED ACTION: The proposed action is the decontamination and demolition of Build",2026-07-22T17:34:50.050859+00:00,
d9c3d975f3e8c38c549f8182bec4181b,resource,not to exceed,Water Resources – Surface Water,own) entered into a 30year Water Supply Contract with the City of Port Angeles for untreated water from the Elwha River not to exceed 20 million gallons per day. The water is to be delivered via the Elwha River Water Extension Project pipeline owned by,2026-07-22T17:34:50.050859+00:00,
d9dd65038410e41a1ed3d1abd79e69a3,resource,would require an eis,Noise,"roposed Action) on the physical and human environment and determine if the impacts would be significant, warranting the preparation of an Environmental Impact Statement (EIS). 1.2 Background to the Purpose and Need 1.2.1 Lower Colorado River Multi-Species Conservation Program The Lower C",2026-07-22T17:34:50.050859+00:00,
daf6f6dc714f59fb10fef7f43c40c01a,finding,would require an eis,Finding of No Significant Impact,"al action, and why the proposed action will not have a significant effect on the human environment - which requires the preparation of an environmental impact statement (EIS). The FONSI discussion considers all information included in the EA, documentation included in the project record,",2026-07-22T17:34:50.050859+00:00,
daf6f6dc714f59fb10fef7f43c40c01a,finding,not to exceed,Finding of No Significant Impact,"tal impact statement (EIS) is not required. In addition, the analyses of potential environmental effects are determined not to exceed those effects described in the Final EIS for the Mark Twain National Forest 2005 Land and Resource Management Plan (200",2026-07-22T17:34:50.050859+00:00,
db421eb54f4d4b33fb2fa8dd1223c450,finding,would require an eis,Record of Decision,"r will determine whether the impacts of the Proposed Action described in the analysis are significant and would require preparation of an environmental impact statement (EIS). If the authorized officer determines that the impacts are not significant, this analysis will help inform the de",2026-07-22T17:34:50.050859+00:00,
db443021e4fb781e5de8db47df629fb1,finding,would require an eis,Finding of No Significant Impact,"ment within the meaning of the National Environmental Policy Act of 1969 (NEPA), 42 U.S.C. 4321, et seq. Therefore, the preparation of an Environmental Impact Statement (EIS) is not required. ADDRESSES AND FURTHER INFORMATION Single copies of the EA and further information about the alte",2026-07-22T17:34:50.050859+00:00,
db787aab7c191ed3a9b88fda16c61910,finding,would require an eis,FINDING OF NO SIGNIFICANT IMPACT,"stitute a major Federal action significantly affecting the quality of the human environment within the meaning of NEPA. Preparation of an environmental impact statement is not required, and Western is issuing this FONSI. FOR JWRTHER INFORMATION CONTACT: Additional information and copies",2026-07-22T17:34:50.050859+00:00,
db9a9475faea62a90833a71ae1311a50,finding,would require an eis,Finding of No Significant Impact,"ity of the human environment within the meaning of the National Environmental Policy Act (NEPA) of 1969. Therefore, the preparation of an environmental impact statement (EIS) is not required and DOE is issuing this finding of no significant impact (FONSI). Public Availability: Copies of",2026-07-22T17:34:50.050859+00:00,
db9a9475faea62a90833a71ae1311a50,finding,would require an eis,Finding of No Significant Impact,"ity of the human environment within the meaning of the National Environmental Policy Act (NEPA) of 1969. Therefore, the preparation of an environmental impact statement (EIS) is not required and DOE is issuing this finding of no significant impact (FONSI). Public Availability: Copies of",2026-07-22T17:34:50.050859+00:00,
dbad0fd1a7f6f7b50b57f475b3599b14,finding,would require an eis,Finding of No Significant Impact,"of Federal Regulations (CFR) 1508.27 and do not exceed those effects described in applicable land use plans. Therefore, preparation of an Environmental Impact Statement (EIS) to further analyze possible impacts is not required pursuant to Section 102(2)(c) of the National Environmental P",2026-07-22T17:34:50.050859+00:00,
dc0f5a1ac3b2a6d50ac5edd8e5f40ecb,condition,would require an eis,MITIGATION MEASURES FOR THE PROPOSED ACTION,licy Act (NEPA) to provide sufficient evidence and analysis to determine whether a proposed agency action would require preparation of an environmental impact statement (EIS) or a finding of no significant impact. A Federal agency may also prepare an EA to aid its compliance with NEPA wh,2026-07-22T17:34:50.050859+00:00,
dcd16f1a845a523b6ce2af47b6a42fef,finding,would require an eis,Finding of No Significant Impact,"cting the quality of the human environment, within the meaning of the National Environmental Policy Act. Therefore, the preparation of an environmental impact statement is not required, and DOE is issuing this Finding of No Significant Impact. Issued in Golden, Colorado, this / 3 '* day",2026-07-22T17:34:50.050859+00:00,
dcd16f1a845a523b6ce2af47b6a42fef,finding,would require an eis,ENVIRONMENTAL IMPACTS,"cting the quality of the human environment, within the meaning of the National Environmental Policy Act. Therefore, the preparation of an environmental impact statement is not required, and DOE is issuing this Finding of No Significant Impact. Issued in Golden, Colorado, this / 3 '* day",2026-07-22T17:34:50.050859+00:00,
dcef6ee9c0c0de805317a4b8f5b869d5,finding,would require an eis,Finding of No Significant Impact,"is to determine if a proposed action will have a significant impact on the human environment and therefore require the preparation of an Environmental Impact Statement (EIS). As defined in 40 CFR 1508.13, a Finding of No Significant Impact (FONSI) is a document that briefly presents the",2026-07-22T17:34:50.050859+00:00,
dcef6ee9c0c0de805317a4b8f5b869d5,finding,not to exceed,Finding of No Significant Impact,"isting, but currently unused groundwater well at Black Rock Mine with a solar pump system, water storage tank (capacity not to exceed 10,000 gal.), and connections to a water trough designed for domestic livestock use and a drinker system designed for w",2026-07-22T17:34:50.050859+00:00,
dcef6ee9c0c0de805317a4b8f5b869d5,finding,not to exceed,Finding of No Significant Impact,"isting, but currently unused groundwater well at Black Rock Mine with a solar pump system, water storage tank (capacity not to exceed 10,000 gal.), and connections to a water trough designed for domestic livestock use and a drinker system designed for w",2026-07-22T17:34:50.050859+00:00,
dd220ff7f55fa78b49d1495f647233be,finding,would require an eis,Finding of No Significant Impact,"ral action significantly affecting the quality of the human environment, within the meaning of the NEPA. Therefore, the preparation of an Environmental Impact Statement is not required and DOE is consequently issuing a FONSI. COPIES OF THE EA ARE AVAILABLE FROM: Gary B. Holcomb Naval Pet",2026-07-22T17:34:50.050859+00:00,
dd57f4c89d7bac04b15392d3d5adc606,finding,would require an eis,Finding of No Significant Impact,"ning of the National Environmental Policy Act (NEPA) of 1969 (42 United States Code [USC] 4321 et seq.). Therefore, the preparation of an environmental impact statement (EIS) is not required and BPA is issuing this Finding of No Significant Impact (FONSI) for its funding of the Proposed",2026-07-22T17:34:50.050859+00:00,
dda5e9868ecede28884e42758c0e890e,resource,would require an eis,Socioeconomic,"ty of the human environment, within the meaning of the National Environmental Policy Act of 1969 (NEPA). Therefore, the preparation of an Environmental Impact Statement (EIS) is not required. ADDRESSES AND FURTHER INFORMATION: W. A. Rutherford, Director Site Infhstructure Division U.S. D",2026-07-22T17:34:50.050859+00:00,
de39d39d9c6254f93c72c2bc7fffecff,resource,not to exceed,AFFECTED ENVIRONMENT AND ENVIRONMENTAL,standardsa Washington State standardsb Primary Secondary Primary Details Ozone 1 Hour Same as Primary Standard 0.12 ppm Not to exceed more than 1 day per calendar year 8 Hour (2008 std) 0.075 ppm Respirable particulate matter (PM10) 24 Hour 150 µg/m3 Sa,2026-07-22T17:34:50.050859+00:00,
de39d39d9c6254f93c72c2bc7fffecff,resource,not to exceed,Air Quality,standardsa Washington State standardsb Primary Secondary Primary Details Ozone 1 Hour Same as Primary Standard 0.12 ppm Not to exceed more than 1 day per calendar year 8 Hour (2008 std) 0.075 ppm Respirable particulate matter (PM10) 24 Hour 150 µg/m3 Sa,2026-07-22T17:34:50.050859+00:00,
de39d39d9c6254f93c72c2bc7fffecff,resource,not to exceed,AFFECTED ENVIRONMENT,standardsa Washington State standardsb Primary Secondary Primary Details Ozone 1 Hour Same as Primary Standard 0.12 ppm Not to exceed more than 1 day per calendar year 8 Hour (2008 std) 0.075 ppm Respirable particulate matter (PM10) 24 Hour 150 µg/m3 Sa,2026-07-22T17:34:50.050859+00:00,
de39d39d9c6254f93c72c2bc7fffecff,resource,not to exceed,Climate and Ambient Air Quality Conditions,standardsa Washington State standardsb Primary Secondary Primary Details Ozone 1 Hour Same as Primary Standard 0.12 ppm Not to exceed more than 1 day per calendar year 8 Hour (2008 std) 0.075 ppm Respirable particulate matter (PM10) 24 Hour 150 µg/m3 Sa,2026-07-22T17:34:50.050859+00:00,
debff1d1fd820fb21a6aaadf75b4cee9,finding,would require an eis,Finding of No Significant Impact,"Significant Impacts (FONSI) has been signed; therefore, there are no significant impacts to the environment that would require an environmental impact statement. By selecting the proposed action, the Safford Field Office is implementing this portion of the Safford RMP. Appeals: T",2026-07-22T17:34:50.050859+00:00,
dfab495561c3ebb776bb36d5ea5e0a61,finding,would require an eis,Finding of No Significant Impact,"ning of the National Environmental Policy Act (NEPA) of 1969 (42 United States Code [USC] 4321 et seq.). Therefore, the preparation of an environmental impact statement (EIS) is not required and Bonneville is issuing this Finding of No Significant Impact (FONSI) for the Proposed Action.",2026-07-22T17:34:50.050859+00:00,
dffb40661a9627422a6aa2c04edd2c73,resource,not to exceed,Noise,mentation of existing health and safety requirements for maintaining worker exposure to as low as reasonably achievable not to exceed the current threshold for 5 rem per year. Magnetic fields are generated by the National High Magnetic Field Laboratory,2026-07-22T17:34:50.050859+00:00,
e41186e241b4f11adb9a99e18408350d,finding,would require an eis,Finding of No Significant Impact,"man environment within the meaning of the National Environmental Policy Act (NEPA) of 1969, 42 U.S.C. 4321, et seq. The preparation of an Environmental Impact Statement is not required. Thus, the DOE is issuing a FONSI pursuant to the Council on Environmental Quality regulations implemen",2026-07-22T17:34:50.050859+00:00,
e44de828ee063e7876192225cb7bd799,finding,would require an eis,Finding of No Significant Impact,"cantly affect the quality of the physical, biological, or human environment, within the meaning of NEPA. Therefore, the preparation of an Environmental Impact Statement is not required, and DOE is issuing this Finding of No Significant Impact (FONSI). ALTERNATIVES CONSIDERED:",2026-07-22T17:34:50.050859+00:00,
e45f93aa6609b2aabef79aee835df208,finding,would require an eis,FINDING OF NO SIGNIFICANT IMPACT,"tensity as defined in 40 CFR 1508.27 and do not exceed those effects described in applicable land use plans. Therefore, preparation of an environmental impact statement (EIS) to further analyze possible impacts is not required pursuant to Section 102(2)(c) of the National Environmental P",2026-07-22T17:34:50.050859+00:00,
e4f17bdb94ef13df214876fefb844074,finding,would require an eis,Finding of No Significant Impact,"ute a major Federal action significantly affecting the quality of the human environment, as defined by NEPA. Therefore, preparation of an environmental impact statement is not required for the ULP and DOE is issuing this Finding of No Significant Impact (FONSI). SUPPLEMENTARY INFORMATION",2026-07-22T17:34:50.050859+00:00,
e4f17bdb94ef13df214876fefb844074,resource,would require an eis,Cultural Resources,"ion does not constitute a major Federal action significantly affecting the quality of the human environment. Therefore, preparation of an environmental impact statement is not required. Information: Copies of the final PEA and FONSI are available at the DOE-LM website at: http://www.lm.d",2026-07-22T17:34:50.050859+00:00,
e52c117f312ed5377f8ac998d8dc8f2a,resource,not to exceed,Affected Environment,"ess values. The Manual states, “Wild horse and burro populations must be managed at appropriate management levels so as not to exceed the productive capacity of the habitat (as determined by available science and monitoring activities), to ensure a thri",2026-07-22T17:34:50.050859+00:00,
e7d7ec518da7c419fceca04369ec93da,finding,would require an eis,FINDING OF NO SIGNIFICANT IMPACT,the project will not have a significant effect on the human environment (40 CFR 1501.62) and therefore does not require preparation of an environmental impact statement. Relevant information from the EA supporting this determination follows. The Project would traverse BLM-administered pu,2026-07-22T17:34:50.050859+00:00,
e7d81d34ac46700d735d378462f1f2aa,finding,would require an eis,FINDING OF NO SIGNIFICANT IMPACT,"quality of the human environment within the meaning of the National Environmental Policy Act of 1969 (NEPA). Therefore, preparation of an Environmental Impact Statement is not required and the Department is issuing this Finding of No Significmt Impact. FOR FURTHER INFORMATION ABOUT THIS",2026-07-22T17:34:50.050859+00:00,
e828b39b08721235f4a6bcb12a2a26de,resource,not to exceed,AFFECTED ENVIRONMENT,sence of dewatering No dewatering Nutrients Presence/absence of Ammonia The 30-day average of total ammonia nitrogen is not to exceed the Criterion Continuous Concentration D more than once every 3 years. Nutrients Amount of total Phosphorus 0.1 mg/L fr,2026-07-22T17:34:50.050859+00:00,
e828b39b08721235f4a6bcb12a2a26de,resource,not to exceed,Water Resources,sence of dewatering No dewatering Nutrients Presence/absence of Ammonia The 30-day average of total ammonia nitrogen is not to exceed the Criterion Continuous Concentration D more than once every 3 years. Nutrients Amount of total Phosphorus 0.1 mg/L fr,2026-07-22T17:34:50.050859+00:00,
e93dcd7d36f5c2cb83aaf757c38ae2a8,finding,would require an eis,Finding of No Significant Impact,"d to the context and the intensity of impacts analyzed in the EA. Accordingly, the proposed action does not require the preparation of an environmental impact statement. FONSI September 4, 2015",2026-07-22T17:34:50.050859+00:00,
e9a7b45057e4374ae0f9653d287f300b,resource,not to exceed,Cultural Resources,"of sumps necessary to achieve the project purpose will be constructed. Sumps will have one end constructed with a ramp, not to exceed a 35-degree slope to allow for escape of animals or people that may somehow enter the sump. When they are no longer nee",2026-07-22T17:34:50.050859+00:00,
e9a7b45057e4374ae0f9653d287f300b,resource,not to exceed,Fish and Wildlife,"umps necessary to achieve the project purpose should be constructed. Sumps should have one end constructed with a ramp, not to exceed a 35-degree slope to allow for escape of animals or people that may somehow enter the sump. When they are no longer nee",2026-07-22T17:34:50.050859+00:00,
e9a7b45057e4374ae0f9653d287f300b,resource,not to exceed,General Wildlife Habitat,"umps necessary to achieve the project purpose should be constructed. Sumps should have one end constructed with a ramp, not to exceed a 35-degree slope to allow for escape of animals or people that may somehow enter the sump. When they are no longer nee",2026-07-22T17:34:50.050859+00:00,
ea1c2a0450696a39a9b68abdf2323ec3,finding,would require an eis,FINDING OF NO SIGNIFICANT IMPACT,"ity of the human environment within the meaning of the National Environmental Policy Act (NEPA) of 1969. Therefore, the preparation of an Environmental Impact Statement (EIS) is not necessary, and DOE is issuing this Finding of No Significant Impact (FONSI). PUBLIC AVAILABILITY: The EA a",2026-07-22T17:34:50.050859+00:00,
ea82b6c2bac14e074dad62921d53f31c,resource,would require an eis,Wildlife,ment area. Either approach would require an amendment to the existing Resource Management Plan and would likely require preparation of an Environmental Impact Statement to analyze the potential effects to wildlife as a result of changing the management plan allowable uses or size of the,2026-07-22T17:34:50.050859+00:00,
ea82b6c2bac14e074dad62921d53f31c,resource,not to exceed,Cultural Resources,in dips rather than constructed features (water bars) as much as possible;  Trails would be designed for running slope not to exceed ½ the grade of the side slope;  Trails would be designed for a maximum 15 percent grade wherever possible (the sustain,2026-07-22T17:34:50.050859+00:00,
eadd22291cd6553b40cc5704349746bf,finding,would require an eis,FINDING OF NO SIGNIFICANT IMPACT,"major federal action significantly affecting the quality of the human environment within the meaning of NEPA. Thus, the preparation of an environmental impact statement is not required, and WAPA issues this FONSI. The Final EA is approved concurrent with this FONSI. Issued at Loveland, C",2026-07-22T17:34:50.050859+00:00,
eb3af99b4fd5c823611b28f620e5ca86,finding,would require an eis,Finding of No Significant Impact,"ty of the human environment, within the meaning of the National Environmental Policy Act (NEPA) of 1969. Therefore, the preparation of an Environmental Impact Statement (EIS) is not required and BPA is issuing this FONSI. A finding is included that there is no practicable alternative to",2026-07-22T17:34:50.050859+00:00,
eb3af99b4fd5c823611b28f620e5ca86,resource,would require an eis,Noise and Radio / Television Interference,"vironmental Policy Act The National Environmental Policy Act (NEPA) of 1969, as amended (42 USC 4321 et seq.), requires preparation of an environmental impact statement (EIS) for major federal actions significantly affecting the quality of the human environment. BPA is preparing this env",2026-07-22T17:34:50.050859+00:00,
eb3af99b4fd5c823611b28f620e5ca86,resource,would require an eis,Cumulative Impacts,"vironmental Policy Act The National Environmental Policy Act (NEPA) of 1969, as amended (42 USC 4321 et seq.), requires preparation of an environmental impact statement (EIS) for major federal actions significantly affecting the quality of the human environment. BPA is preparing this env",2026-07-22T17:34:50.050859+00:00,
eb5e13ead68f174908f576ba143b30e6,finding,would require an eis,FINDING OF NO SIGNIFICANT IMPACT,"d in the EA meet the definition of significant in context or intensity as described in (40 CFR 1508.27). Therefore, the preparation of an Environmental Impact Statement is not required as per Section 102(2) of the National Environmental Policy Act (NEPA). This finding and conclusion is b",2026-07-22T17:34:50.050859+00:00,
eba6ce5251df045fd2e7da6df6a0b5c0,resource,not to exceed,"Soil, Water, and Air","manent use. Light commercial and government vehicles would use the proposed access road. Vehicle traffic is anticipated not to exceed five vehicles per day at most, to one vehicle per quarter. However, some dust and exhaust could be generated by heavy e",2026-07-22T17:34:50.050859+00:00,
eba6ce5251df045fd2e7da6df6a0b5c0,resource,not to exceed,Air,"manent use. Light commercial and government vehicles would use the proposed access road. Vehicle traffic is anticipated not to exceed five vehicles per day at most, to one vehicle per quarter. However, some dust and exhaust could be generated by heavy e",2026-07-22T17:34:50.050859+00:00,
eba6ce5251df045fd2e7da6df6a0b5c0,finding,not to exceed,Environmental Consequences – Proposed Action,"manent use. Light commercial and government vehicles would use the proposed access road. Vehicle traffic is anticipated not to exceed five vehicles per day at most, to one vehicle per quarter. However, some dust and exhaust could be generated by heavy e",2026-07-22T17:34:50.050859+00:00,
ec82323f32ed6aaed9d185ac9d770e14,finding,would require an eis,Finding of No Significant Impact,"lementation will not significantly affect the quality of the human environment. Accordingly, I have determined that the preparation of an Environmental Impact Statement is not necessary for this proposal. Michael Courtney Field Manager Burley Field Office 4/10/2013 Date /s/ Michael Court",2026-07-22T17:34:50.050859+00:00,
ed9cc260bff32737875d8c9a435a4e58,finding,would require an eis,Finding of No Significant Impact,"he human environment within the context of the National Environmental Policy Act of 1969, as amended {NEPA). Therefore, preparation of an Environmental Impact Statement (EIS) is not necessary, and DOE is issuing this Finding of No Significant Impact (FONS!). DATES: Written comments must",2026-07-22T17:34:50.050859+00:00,
ed9cc260bff32737875d8c9a435a4e58,resource,would require an eis,Water Resources,"ty of the human environment within the context of the National Environmental Policy Act of 1969, as amended. Therefore, preparation of an Environmental Impact Statement is not required and this Finding of No Significant Impact is issued. Issued in Miamisburg, Ohio, this 18th day of June",2026-07-22T17:34:50.050859+00:00,
ee2f51a5368b0e7099f722845d741279,finding,would require an eis,Finding of No Significant Impact,"ity of the human environment within the meaning of the National Environmental Policy Act of 1969 (NEPA). Therefore, the preparation of an environmental impact statement (EIS) is not required, and DOE is issuing this Finding of No Significant Impact (FONSI). Public Availability: Copies of",2026-07-22T17:34:50.050859+00:00,
ee95d6b0e0bca914b66dbf5392387be5,finding,would require an eis,Finding of No Significant Impact,"ity of the human environment within the meaning of the National Environmental Policy Act of 1969 (NEPA). Therefore, the preparation of an environmental impact statement is not required. DESCRIPTION OF THE PROPOSED ACTION: The proposed action is the demolition of Building 330, the Chicago",2026-07-22T17:34:50.050859+00:00,
ee95d6b0e0bca914b66dbf5392387be5,resource,not to exceed,Air Quality Impacts,"are addressed in Section 5.1.8. Air monitoring may be performed during the project to verify emissions levels in order not to exceed the permit limits in condition 7.1.3 (i.e., that emissions would not exceed amounts that would cause any member of the",2026-07-22T17:34:50.050859+00:00,
ee95d6b0e0bca914b66dbf5392387be5,finding,would require an eis,Finding of No Significant Impact,"ity of the human environment within the meaning of the National Environmental Policy Act of 1969 (NEPA). Therefore, the preparation of an environmental impact statement is not required. DESCRIPTION OF THE PROPOSED ACTION: The proposed action is the demolition of Building 330, the Chicago",2026-07-22T17:34:50.050859+00:00,
f0aab54d102b1431161cec11b7c638b9,finding,would require an eis,Finding of No Significant Impact,"cantly affect the quality of the physical, biological, or human environment, within the meaning of NEPA. Therefore, the preparation of an Environmental Impact Statement is not required, and DOE is issuing this Finding of No Significant Impact (FONSI). ALTERNATIVES CONSIDERED:",2026-07-22T17:34:50.050859+00:00,
f0aab54d102b1431161cec11b7c638b9,finding,would require an eis,Finding of No Significant Impact,"cantly affect the quality of the physical, biological, or human environment, within the meaning of NEPA. Therefore, the preparation of an Environmental Impact Statement is not required, and DOE is issuing this FONSI. _____________________________________________________________ Marianne",2026-07-22T17:34:50.050859+00:00,
f0ef7b182556af00434492c3b5206dac,finding,would require an eis,Finding of No Significant Impact,"cts the quality of the human environment within the meaning of the National Environmental Policy Act (NEPA). Therefore, preparation of an environmental impact statement (EIS) is not required. ADDRESS: The Final EA and this Finding of No Significant Impact (FONSI) have been prepared and a",2026-07-22T17:34:50.050859+00:00,
f279f71e8f004e98b7aa36c7c779e6a5,resource,not to exceed,SUSTAINABILITY,"ne’s dewatering pumps constitute a large portion of SURF’s energy consumption. SURF monitors its dewatering pumps so as not to exceed the threshold peak electrical demand and to reduce energy demands on the local power supplier. Further, infiltration (g",2026-07-22T17:34:50.050859+00:00,
f279f71e8f004e98b7aa36c7c779e6a5,resource,not to exceed,Affected Environment,"ne’s dewatering pumps constitute a large portion of SURF’s energy consumption. SURF monitors its dewatering pumps so as not to exceed the threshold peak electrical demand and to reduce energy demands on the local power supplier. Further, infiltration (g",2026-07-22T17:34:50.050859+00:00,
f2dd575140c2f61ce0b0e55c195158bd,finding,would require an eis,FINDING OF NO SIGNIFICANT IMPACT,"ity of the human environment within the meaning of the National Environmental Policy Act (NEPA) of 1969. Therefore, the preparation of an Environmental Impact Statement (EIS) is not necessary.",2026-07-22T17:34:50.050859+00:00,
f3429c94daeeb4ccc59e500e9fb8bb63,finding,would require an eis,FINDING OF NO SIGNIFICANT IMPACT,"the EA do not meet the definition of significance in context or intensity, as defined at 40 CFR 1508.27. Therefore, the preparation of an environmental impact statement is not required. 8 August 2018 Date ________________________________ Mark Wimmer Monument Manager Mark Wimmer Digitally",2026-07-22T17:34:50.050859+00:00,
f3dba8fb4b5aa96350a8b49db083af29,resource,extraordinary circumstance,Onshore Activity and Vessel Traffic,"of plan (i.e., SAP and/or COP) submittal comply with the vessel-strike avoidance measures specified below, except under extraordinary circumstances when the safety of the vessel or crew are in doubt or the safety of life at sea is in question. • All vessel operators",2026-07-22T17:34:50.050859+00:00,
f3f6cd6e9f13cd8fc775bd9eeff4ad84,finding,would require an eis,Finding of No Significant Impact,"uality of the human environment, within the meaning of the National Environmental Policy Act (NEPA) of 1969. Therefore, preparation of an environmental impact statement (EIS) is not required and BPA is issuing this Finding of No Significant Impact (FONSI) for the Proposed Action. The Pro",2026-07-22T17:34:50.050859+00:00,
f49966a8ce6340d6350bdfb267fa0822,resource,not to exceed,Affected Environment,"diation Protection of the Public and the Environment, establishes the public dose limit at a total effective dose (TED) not to exceed 100 mrem/yr above background radiation levels. Impacts to Radiation Exposure and Risk Operations within the DOME test b",2026-07-22T17:34:50.050859+00:00,
f49966a8ce6340d6350bdfb267fa0822,resource,would require an eis,Air Quality,"the meaning of the National Environmental Policy Act of 1969 (42 United States Code [USC] 4321 et seq.). Therefore, the preparation of an environmental impact statement is not required, and DOE is issuing this FONSI for the Proposed Action. Mitigation is not necessary to render the impac",2026-07-22T17:34:50.050859+00:00,
f49966a8ce6340d6350bdfb267fa0822,resource,would require an eis,Cumulative Impacts,"the meaning of the National Environmental Policy Act of 1969 (42 United States Code [USC] 4321 et seq.). Therefore, the preparation of an environmental impact statement is not required, and DOE is issuing this FONSI for the Proposed Action. Mitigation is not necessary to render the impac",2026-07-22T17:34:50.050859+00:00,
f4ed31efc71d4ab3a16ce5092ac36ce3,resource,not to exceed,Air Quality,"ir quality. BWK_1120616. Areas of Critical Environmental Concern X Numbers of trips is proposed to be two per month and not to exceed 12 per winter season; camping, if it occurs, is not allowed within RNAs, and extensive off-trail use by guided clients",2026-07-22T17:34:50.050859+00:00,
f4f0f310c854e90116a5ae55070eb0e9,resource,would require an eis,Noise,".), which requires federal agencies to assess the impacts that their actions may have on the environment. NEPA requires preparation of an environmental impact statement (EIS) for major federal actions significantly affecting the quality of the human environment. BPA prepared this Prelimi",2026-07-22T17:34:50.050859+00:00,
f4f0f310c854e90116a5ae55070eb0e9,resource,would require an eis,No Action Alternative,".), which requires federal agencies to assess the impacts that their actions may have on the environment. NEPA requires preparation of an environmental impact statement (EIS) for major federal actions significantly affecting the quality of the human environment. BPA prepared this Prelimi",2026-07-22T17:34:50.050859+00:00,
f4fb987bb8f239075a23929e8ff20599,finding,would require an eis,Finding of No Significant Impact,"eration of DOE’s NEPA implementing regulations (10 CFR Part 1021. Accordingly, the Proposed Action does not require the preparation of an environmental impact statement. FONSI March 2022",2026-07-22T17:34:50.050859+00:00,
f731b9177a79896f9915343abeea16ab,finding,not to exceed,Decision,"uses as Field Offices, staging ofequipment and materials, material disposal and for a hot mix asphalt plant for a tenn not to exceed three years, with stipulations. BLM would also authorize the ADOT to construct a new Alyeska access road. BLM would iss",2026-07-22T17:34:50.050859+00:00,
f73a05bfd54a07450d594e9ac64ff7c9,finding,would require an eis,FINDING OF NO SIGNIFICANT IMPACT,"mine whether or not a proposed action will have a significant impact on the human environment and therefore require the preparation of an Environmental Impact Statement (EIS). As defined in 40 CFR 1508.13, a Finding of No Significant Impact (FONSI) is a document that briefly presents the",2026-07-22T17:34:50.050859+00:00,
f7d42790425ec3ce593faf9d84684297,resource,not to exceed,Vegetation,"date specified shall result in a late fee assessment of $25.00 or 10 percent of the grazing bill, whichever is greater, not to exceed $250.00. Payment made later than 15 days after the due date shall include the appropriate late fee assessment. Failure",2026-07-22T17:34:50.050859+00:00,
f7d42790425ec3ce593faf9d84684297,resource,not to exceed,Vegetation,"date specified shall result in a late fee assessment of $25.00 or 10 percent of the grazing bill, whichever is greater, not to exceed $250.00. Payment made later than 15 days after the due date shall include the appropriate late fee assessment. Failure",2026-07-22T17:34:50.050859+00:00,
f7d42790425ec3ce593faf9d84684297,resource,not to exceed,Water Resources and Riparian-wetland Areas,"g streams) under Alternative 3 include maintaining an herbaceous stubble height of 6 inches, use on the riparian shrubs not to exceed 30 percent, and bank alteration caused by livestock not to exceed 10 percent. For the lentic areas (springs and seeps),",2026-07-22T17:34:50.050859+00:00,
f7d42790425ec3ce593faf9d84684297,resource,not to exceed,Direct and Indirect Effects,"g streams) under Alternative 3 include maintaining an herbaceous stubble height of 6 inches, use on the riparian shrubs not to exceed 30 percent, and bank alteration caused by livestock not to exceed 10 percent. For the lentic areas (springs and seeps),",2026-07-22T17:34:50.050859+00:00,
f7d42790425ec3ce593faf9d84684297,finding,would require an eis,Finding of No Significant Impact,"o the communities and the economy within the area, economic or social effects are not intended by themselves to require preparation of an environmental impact statement (40 CFR 1508.14.). When evaluating the intensity, or the severity, of the impacts to resources that would occur by impl",2026-07-22T17:34:50.050859+00:00,
f7d42790425ec3ce593faf9d84684297,resource,not to exceed,Vegetation,"date specified shall result in a late fee assessment of $25.00 or 10 percent of the grazing bill, whichever is greater, not to exceed $250.00. Payment made later than 15 days after the due date shall include the appropriate late fee assessment. Failure",2026-07-22T17:34:50.050859+00:00,
f7d42790425ec3ce593faf9d84684297,resource,not to exceed,Vegetation,"date specified shall result in a late fee assessment of $25.00 or 10 percent of the grazing bill, whichever is greater, not to exceed $250.00. Payment made later than 15 days after the due date shall include the appropriate late fee assessment. Failure",2026-07-22T17:34:50.050859+00:00,
f7d42790425ec3ce593faf9d84684297,resource,not to exceed,Water Resources and Riparian / Wetland Areas,"g streams) under Alternative 3 include maintaining an herbaceous stubble height of 6 inches, use on the riparian shrubs not to exceed 30 percent, and bank alteration caused by livestock not to exceed 10 percent. For the lentic areas (springs and seeps),",2026-07-22T17:34:50.050859+00:00,
f7d42790425ec3ce593faf9d84684297,resource,not to exceed,Direct and Indirect Effects,"g streams) under Alternative 3 include maintaining an herbaceous stubble height of 6 inches, use on the riparian shrubs not to exceed 30 percent, and bank alteration caused by livestock not to exceed 10 percent. For the lentic areas (springs and seeps),",2026-07-22T17:34:50.050859+00:00,
f82008fa99450f8ab84b33810acc6faf,finding,would require an eis,Finding of No Significant Impact,"The GSA’s analysis would be conducted in light of the NEPA determinations made by both the DOE and FAA. Therefore, the preparation of an Environmental Impact Statement (EIS) is not necessary, and DOE is issuing this Finding of No Significant Impact (FONSI). PUBLIC AVAILABILITY: The EA a",2026-07-22T17:34:50.050859+00:00,
f82008fa99450f8ab84b33810acc6faf,finding,would require an eis,Finding of No Significant Impact,"The GSA’s analysis would be conducted in light of the NEPA determinations made by both the DOE and FAA. Therefore, the preparation of an Environmental Impact Statement (EIS) is not necessary, and DOE is issuing this Finding of No Significant Impact (FONSI). PUBLIC AVAILABILITY: The EA a",2026-07-22T17:34:50.050859+00:00,
f8214df686be83838720210dd84c34f0,finding,would require an eis,FINDING OF NO SIGNIFICANT IMPACT,"tal conditions set forth in the EA and the FERC Order, will not have a significant effect on the human environment. The preparation of an environmental impact statement, therefore, is not required and DOE is issuing this FONSI. Copies of the EA and FONSI will be available on the DOE/FE w",2026-07-22T17:34:50.050859+00:00,
f835b6b8952d8ee21ceec956e56d1112,resource,not to exceed,Grazing Other Terms and Conditions,"date specified shall result in a late fee assessment of $25.00 or 10 percent of the grazing bill, whichever is greater, not to exceed $250.00. Payment made later than 15 days after the due date shall include the appropriate late fee assessment. Failure",2026-07-22T17:34:50.050859+00:00,
f83e061233358c36938921d5afbab6db,finding,would require an eis,FINDING OF NO SIGNIFICANT IMPACT,"quality of the human environment within the context of the National Environmental Policy Act of 1969 (NEPA). Therefore, preparation of an environmental impact statement @ I S ) is not necessary, and DOE is issuing this Finding of No Significant Impact ( F O N S I ) . Additionally, pursua",2026-07-22T17:34:50.050859+00:00,
f83e061233358c36938921d5afbab6db,resource,would require an eis,Socioeconomics,"tly affect the quality of the human environment within the context of the National Environmental Policy Act. Therefore, preparation of an environmental impact statement is not required. Issued at O a k Ridge, Tennessee, this 25 day of May , 1995. / Oak Ridge Operations O f f i c e Depart",2026-07-22T17:34:50.050859+00:00,
f84bb8db1d38486c6891c9c740a7b540,finding,would require an eis,FINDING OF NO SIGNIFICANT IMPACT,"ied in the EA meet the definition of significant in context or intensity as described in 40 CFR 1508.27. Therefore, the preparation of an Environmental Impact Statement is not required as per Section 102 (2) of the National Environmental Policy Act. This finding and conclusion is based o",2026-07-22T17:34:50.050859+00:00,
f908f59ed3b75d2b93f6b117f52cde6b,resource,would require an eis,AIR QUALITY,"affecting the quality of the human environment, within, ' meaning of the National Environmental Policy Act. Therefore, preparation of an environmental impact statement is not required, 'and the Department of Energy is issuing a finding . i - "" I COPIES OF. THE ENVIRONMENTAL ' Mr; Robert",2026-07-22T17:34:50.050859+00:00,
f97d0a0fa5ac95c2d40acfc573bdfa65,finding,would require an eis,Finding of No Significant Impact,"human environment within the meaning of the National Environmental Policy Act of 1969, 42 U.S.C 4321 et seq. Therefore, preparation of an environmental impact statement is not required. With this determination, DOE may proceed with the BSL-3 Proposed Action. Prior to accessing any facili",2026-07-22T17:34:50.050859+00:00,
f97d0a0fa5ac95c2d40acfc573bdfa65,finding,would require an eis,Finding of No Significant Impact,"human environment within the meaning of the National Environmental Policy Act of 1969, 42 U.S.C 4321 et seq. Therefore, preparation of an environmental impact statement is not required. With this determination, DOE may proceed with the BSL-3 Proposed Action. Prior to accessing any facili",2026-07-22T17:34:50.050859+00:00,
fa1b73a988330681b4f635fd3f962b98,finding,would require an eis,Finding of No Significant Impact,"ning of the National Environmental Policy Act (NEPA) of 1969 (42 United States Code [USC] 4321 et seq.). Therefore, the preparation of an environmental impact statement (EIS) is not required and BPA is issuing this Finding of No Significant Impact (FONSI) for the Proposed Action. No comm",2026-07-22T17:34:50.050859+00:00,
fa6f46e6c8ce67b3da112baee9a562ef,resource,would require an eis,"Vegetation surveys were completed in 2014, 2015, and 2016 to map the existing vegetation","roject in the EA and, as discussed in the EA, has not identified any potentially significant impacts that would require preparation of an Environmental Impact Statement (EIS). 0008-7 Comment noted. BPA continues to work with the US Forest Service concerning the proposed project. In addit",2026-07-22T17:34:50.050859+00:00,
fb01ae17c2b7c6df90619a3d0a7b8651,finding,would require an eis,FINDING OF NO SIGNIFICANT IMPACT,"est Health Collaborative Project will not have a significant effect on the quality of the human environment. Therefore, preparation of an environmental impact statement is not required. ____/s/ Kurt Pavlat Kurt Pavlat, Field Manager ________August 6, 2012 Date ___ _______",2026-07-22T17:34:50.050859+00:00,
fc7cd51b0614ca197210cc1297178308,resource,would require an eis,AFFECTED ENVIRONMENT AND ENVIRONMENTAL IMPACTS,"on because 1) it is not closely related to this project, 2) it does not automatically trigger another action that would require an Environmental Impact Statement (EIS), 3) it cannot proceed unless other actions are taken previously or simultaneously, and 4) it is not an interdepen",2026-07-22T17:34:50.050859+00:00,
fcff26857787a360458d76981b555c3f,finding,would require an eis,Finding of No Significant Impact,eplacement does not constitute a major federal action having a significant effect on the human environment and will not require an environmental impact statement or a supplement to the existing environmental impact statement. This finding is based on my consideration of the Counci,2026-07-22T17:34:50.050859+00:00,
fcff26857787a360458d76981b555c3f,finding,would require an eis,Finding of No Significant Impact,eplacement does not constitute a major federal action having a significant effect on the human environment and will not require an environmental impact statement or a supplement to the existing environmental impact statement. This finding is based on my consideration of the Counci,2026-07-22T17:34:50.050859+00:00,
fd2f44eedb63f6e42550e8f0efbbee94,resource,would require an eis,Socioeconomics and Environmental Justice,"at two sites in the municipalities of Guayama and Salinas will not have a significant effect on the human environment. Preparation of an environmental impact statement is therefore not required, and DOE is issuing this Finding of No Significant Impact. This Finding of No Significant Imp",2026-07-22T17:34:50.050859+00:00,
fd4f9979776aacd5c4abb0c3e81bb2f5,finding,would require an eis,FINDING OF NO SIGNIFICANT IMPACT,"mine whether or not a proposed action will have a significant impact on the human environment and therefore require the preparation of an Environmental Impact Statement (EIS). As defined in 40 CFR 1508.13, a Finding of No Significant Impact (FONSI) is a document that briefly presents the",2026-07-22T17:34:50.050859+00:00,
fd5cb8dc2698497a83c99fde9dd2d763,finding,not to exceed,Environmental Consequences,"and 16% utilization cap (slight use) from ¼ to ½ mile where treatment occurs prior to regularly scheduled grazing, and not to exceed permitted utilization where treatment occurs after regularly scheduled grazing – were set to make sure that targeted gr",2026-07-22T17:34:50.050859+00:00,
fda50a34e982e5bc55d1eda9670184c0,resource,no new access road,Wildlife,", the temporary disturbance and permanent loss of habitats (180 acres and 78 acres, respectively) would not occur since no new access roads would be built or widened and structures would not be relocated. However, An estimated 759danger trees identified alon",2026-07-22T17:34:50.050859+00:00,
fda50a34e982e5bc55d1eda9670184c0,resource,within existing right-of-way,Wildlife,"ities of Salem, Independence, and Albany. As the project is an existing line, and the Proposed Action will be completed within the existing right-of-way to the extent practicable, only minor impacts to land use would result, primarily from the construction of new access r",2026-07-22T17:34:50.050859+00:00,
fda50a34e982e5bc55d1eda9670184c0,resource,no new access road,VEGETATION,"rary disturbance and permanent loss of vegetation habitats (180 acres and 78 acres, respectively) would not occur since no new access roads would be built or widened and structures would not be relocated. A similar number of danger trees would likely be iden",2026-07-22T17:34:50.050859+00:00,
fda50a34e982e5bc55d1eda9670184c0,resource,no new access road,WILDLIFE,", the temporary disturbance and permanent loss of habitats (180 acres and 78 acres, respectively) would not occur since no new access roads would be built or widened and structures would not be relocated. An estimated 759 danger trees and 770instances of hig",2026-07-22T17:34:50.050859+00:00,
fda50a34e982e5bc55d1eda9670184c0,finding,would require an eis,Finding of No Significant Impact,"ning of the National Environmental Policy Act (NEPA) of 1969 (42 United States Code [USC] 4321 et seq.). Therefore, the preparation of an environmental impact statement (EIS) is not required and BPA is issuing this Finding of No Significant Impact (FONSI) for the Proposed Action. The Pro",2026-07-22T17:34:50.050859+00:00,
fe5a36fbde3bf283ec50b5ddea3d17db,finding,would require an eis,Finding of No Significant Impact,"ity of the human environment within the meaning of the National Environmental Policy Act of 1969 (NEPA). Therefore, the preparation of an Environmental Impact Statement is not required. DESCRIPTION OF THE PROPOSED ACTION: The proposed action would include activities such as equipment and",2026-07-22T17:34:50.050859+00:00,
fe7e91c58762cc54bb577871db8061f3,finding,would be significant if,Environmental Consequences,lt in temporary and permanent impacts to prime and unique farmland and farmland of State-wide importance. Those impacts would be significant if they were to result in the inability of individual landowners to remain economically viable. • Loss of access to aggreg,2026-07-22T17:34:50.050859+00:00,
ff76899954500f07ec4b2988863df040,finding,would require an eis,FINDING OF NO SIGNIFICANT IMPACT,"te a major Federal action significantly affecting the quality of the human environment and, therefore, does not require preparation of an environmental impact statement. Environmental Consequences of the Proposed Action The project study area is located in the Gulf Coastal Plain region o",2026-07-22T17:34:50.050859+00:00,
fff2d59bd26aab8601896438dfe243c6,finding,would require an eis,FINDING OF NO SIGNIFICANT IMPACT,"ity of the human environment within the meaning of the National Environmental Policy Act (NEPA) of 1969. Therefore, the preparation of an Environmental Impact Statement (EIS) is not necessary, and DOE is issuing this Finding of No Significant Impact (FONSI). PUBLIC AVAILABILITY: The EA a",2026-07-22T17:34:50.050859+00:00,
fff2d59bd26aab8601896438dfe243c6,finding,would require an eis,FINDING OF NO SIGNIFICANT IMPACT,"ity of the human environment within the meaning of the National Environmental Policy Act (NEPA) of 1969. Therefore, the preparation of an Environmental Impact Statement (EIS) is not necessary, and DOE is issuing this Finding of No Significant Impact (FONSI). PUBLIC AVAILABILITY: The EA a",2026-07-22T17:34:50.050859+00:00,
